MES_REFERENCIA;DATA;PERIODO_COMERCIALIZACAO;CODIGO_CARGA;NOME_CARGA;DATA_MIGRACAO;CODIGO_PERFIL_AGENTE;SIGLA_PERFIL_AGENTE;CLASSE_PERFIL_AGENTE;NOME_EMPRESARIAL;CNPJ_CARGA;CIDADE_CARGA;ESTADO_CARGA;SUBMERCADO;CODIGO_PERFIL_AGENTE_DISTRIBUIDORA;SIGLA_PERFIL_AGENTE_DISTRIBUIDORA;CAPACIDADE_CARGA;CONSUMO_CARGA_ACL;CONSUMO_CARGA_AJUSTADO_ACL;CONSUMO_CARGA_AJUSTADO;CONSUMO_CARGA_PONTO_CONEXAO
202603;01/03/2026;0;899351;PHB Industrial Textil Ltda;01/04/2025;44651;PHB TEXTIL CL 514;Consumidor Livre;PHB INDUSTRIA TEXTIL LIMITADA;12440143000101;BRUSQUE;SC;SUL;1936;CELESC DIST;1,7;1,52082;0;1,52082;1,47168
202603;01/03/2026;1;899351;PHB Industrial Textil Ltda;01/04/2025;44651;PHB TEXTIL CL 514;Consumidor Livre;PHB INDUSTRIA TEXTIL LIMITADA;12440143000101;BRUSQUE;SC;SUL;1936;CELESC DIST;1,7;1,515067;0;1,515067;1,465056
202603;01/03/2026;2;899351;PHB Industrial Textil Ltda;01/04/2025;44651;PHB TEXTIL CL 514;Consumidor Livre;PHB INDUSTRIA TEXTIL LIMITADA;12440143000101;BRUSQUE;SC;SUL;1936;CELESC DIST;1,7;1,517661;0;1,517661;1,464768
202603;01/03/2026;3;899351;PHB Industrial Textil Ltda;01/04/2025;44651;PHB TEXTIL CL 514;Consumidor Livre;PHB INDUSTRIA TEXTIL LIMITADA;12440143000101;BRUSQUE;SC;SUL;1936;CELESC DIST;1,7;1,520928;0;1,520928;1,467648
202603;01/03/2026;4;899351;PHB Industrial Textil Ltda;01/04/2025;44651;PHB TEXTIL CL 514;Consumidor Livre;PHB INDUSTRIA TEXTIL LIMITADA;12440143000101;BRUSQUE;SC;SUL;1936;CELESC DIST;1,7;1,520978;0;1,520978;1,466784
202603;01/03/2026;5;899351;PHB Industrial Textil Ltda;01/04/2025;44651;PHB TEXTIL CL 514;Consumidor Livre;PHB INDUSTRIA TEXTIL LIMITADA;12440143000101;BRUSQUE;SC;SUL;1936;CELESC DIST;1,7;1,522594;0;1,522594;1,467936
202603;01/03/2026;6;899351;PHB Industrial Textil Ltda;01/04/2025;44651;PHB TEXTIL CL 514;Consumidor Livre;PHB INDUSTRIA TEXTIL LIMITADA;12440143000101;BRUSQUE;SC;SUL;1936;CELESC DIST;1,7;1,514089;0;1,514089;1,464768
202603;01/03/2026;7;899351;PHB Industrial Textil Ltda;01/04/2025;44651;PHB TEXTIL CL 514;Consumidor Livre;PHB INDUSTRIA TEXTIL LIMITADA;12440143000101;BRUSQUE;SC;SUL;1936;CELESC DIST;1,7;1,509206;0;1,509206;1,465344
202603;01/03/2026;8;899351;PHB Industrial Textil Ltda;01/04/2025;44651;PHB TEXTIL CL 514;Consumidor Livre;PHB INDUSTRIA TEXTIL LIMITADA;12440143000101;BRUSQUE;SC;SUL;1936;CELESC DIST;1,7;1,509063;0;1,509063;1,466208
202603;01/03/2026;9;899351;PHB Industrial Textil Ltda;01/04/2025;44651;PHB TEXTIL CL 514;Consumidor Livre;PHB INDUSTRIA TEXTIL LIMITADA;12440143000101;BRUSQUE;SC;SUL;1936;CELESC DIST;1,7;1,497873;0;1,497873;1,459296
202603;01/03/2026;10;899351;PHB Industrial Textil Ltda;01/04/2025;44651;PHB TEXTIL CL 514;Consumidor Livre;PHB INDUSTRIA TEXTIL LIMITADA;12440143000101;BRUSQUE;SC;SUL;1936;CELESC DIST;1,7;1,466716;0;1,466716;1,44432
202603;01/03/2026;11;899351;PHB Industrial Textil Ltda;01/04/2025;44651;PHB TEXTIL CL 514;Consumidor Livre;PHB INDUSTRIA TEXTIL LIMITADA;12440143000101;BRUSQUE;SC;SUL;1936;CELESC DIST;1,7;1,476859;0;1,476859;1,46016
202603;01/03/2026;12;899351;PHB Industrial Textil Ltda;01/04/2025;44651;PHB TEXTIL CL 514;Consumidor Livre;PHB INDUSTRIA TEXTIL LIMITADA;12440143000101;BRUSQUE;SC;SUL;1936;CELESC DIST;1,7;1,473618;0;1,473618;1,45872
202603;01/03/2026;13;899351;PHB Industrial Textil Ltda;01/04/2025;44651;PHB TEXTIL CL 514;Consumidor Livre;PHB INDUSTRIA TEXTIL LIMITADA;12440143000101;BRUSQUE;SC;SUL;1936;CELESC DIST;1,7;1,480083;0;1,480083;1,454976
202603;01/03/2026;14;899351;PHB Industrial Textil Ltda;01/04/2025;44651;PHB TEXTIL CL 514;Consumidor Livre;PHB INDUSTRIA TEXTIL LIMITADA;12440143000101;BRUSQUE;SC;SUL;1936;CELESC DIST;1,7;1,501973;0;1,501973;1,468512
202603;01/03/2026;15;899351;PHB Industrial Textil Ltda;01/04/2025;44651;PHB TEXTIL CL 514;Consumidor Livre;PHB INDUSTRIA TEXTIL LIMITADA;12440143000101;BRUSQUE;SC;SUL;1936;CELESC DIST;1,7;1,517193;0;1,517193;1,469664
202603;01/03/2026;16;899351;PHB Industrial Textil Ltda;01/04/2025;44651;PHB TEXTIL CL 514;Consumidor Livre;PHB INDUSTRIA TEXTIL LIMITADA;12440143000101;BRUSQUE;SC;SUL;1936;CELESC DIST;1,7;1,509457;0;1,509457;1,456416
202603;01/03/2026;17;899351;PHB Industrial Textil Ltda;01/04/2025;44651;PHB TEXTIL CL 514;Consumidor Livre;PHB INDUSTRIA TEXTIL LIMITADA;12440143000101;BRUSQUE;SC;SUL;1936;CELESC DIST;1,7;1,416923;0;1,416923;1,365696
202603;01/03/2026;18;899351;PHB Industrial Textil Ltda;01/04/2025;44651;PHB TEXTIL CL 514;Consumidor Livre;PHB INDUSTRIA TEXTIL LIMITADA;12440143000101;BRUSQUE;SC;SUL;1936;CELESC DIST;1,7;1,504315;0;1,504315;1,4544
202603;01/03/2026;19;899351;PHB Industrial Textil Ltda;01/04/2025;44651;PHB TEXTIL CL 514;Consumidor Livre;PHB INDUSTRIA TEXTIL LIMITADA;12440143000101;BRUSQUE;SC;SUL;1936;CELESC DIST;1,7;1,508138;0;1,508138;1,4616
202603;01/03/2026;20;899351;PHB Industrial Textil Ltda;01/04/2025;44651;PHB TEXTIL CL 514;Consumidor Livre;PHB INDUSTRIA TEXTIL LIMITADA;12440143000101;BRUSQUE;SC;SUL;1936;CELESC DIST;1,7;1,506855;0;1,506855;1,461024
202603;01/03/2026;21;899351;PHB Industrial Textil Ltda;01/04/2025;44651;PHB TEXTIL CL 514;Consumidor Livre;PHB INDUSTRIA TEXTIL LIMITADA;12440143000101;BRUSQUE;SC;SUL;1936;CELESC DIST;1,7;1,507396;0;1,507396;1,4616
202603;01/03/2026;22;899351;PHB Industrial Textil Ltda;01/04/2025;44651;PHB TEXTIL CL 514;Consumidor Livre;PHB INDUSTRIA TEXTIL LIMITADA;12440143000101;BRUSQUE;SC;SUL;1936;CELESC DIST;1,7;1,555292;0;1,555292;1,505376
202603;01/03/2026;23;899351;PHB Industrial Textil Ltda;01/04/2025;44651;PHB TEXTIL CL 514;Consumidor Livre;PHB INDUSTRIA TEXTIL LIMITADA;12440143000101;BRUSQUE;SC;SUL;1936;CELESC DIST;1,7;1,571125;0;1,571125;1,5192
202603;02/03/2026;0;899351;PHB Industrial Textil Ltda;01/04/2025;44651;PHB TEXTIL CL 514;Consumidor Livre;PHB INDUSTRIA TEXTIL LIMITADA;12440143000101;BRUSQUE;SC;SUL;1936;CELESC DIST;1,7;1,564065;0;1,564065;1,511712
202603;02/03/2026;1;899351;PHB Industrial Textil Ltda;01/04/2025;44651;PHB TEXTIL CL 514;Consumidor Livre;PHB INDUSTRIA TEXTIL LIMITADA;12440143000101;BRUSQUE;SC;SUL;1936;CELESC DIST;1,7;1,571732;0;1,571732;1,517184
202603;02/03/2026;2;899351;PHB Industrial Textil Ltda;01/04/2025;44651;PHB TEXTIL CL 514;Consumidor Livre;PHB INDUSTRIA TEXTIL LIMITADA;12440143000101;BRUSQUE;SC;SUL;1936;CELESC DIST;1,7;1,569485;0;1,569485;1,514304
202603;02/03/2026;3;899351;PHB Industrial Textil Ltda;01/04/2025;44651;PHB TEXTIL CL 514;Consumidor Livre;PHB INDUSTRIA TEXTIL LIMITADA;12440143000101;BRUSQUE;SC;SUL;1936;CELESC DIST;1,7;1,563441;0;1,563441;1,507104
202603;02/03/2026;4;899351;PHB Industrial Textil Ltda;01/04/2025;44651;PHB TEXTIL CL 514;Consumidor Livre;PHB INDUSTRIA TEXTIL LIMITADA;12440143000101;BRUSQUE;SC;SUL;1936;CELESC DIST;1,7;1,555425;0;1,555425;1,498752
202603;02/03/2026;5;899351;PHB Industrial Textil Ltda;01/04/2025;44651;PHB TEXTIL CL 514;Consumidor Livre;PHB INDUSTRIA TEXTIL LIMITADA;12440143000101;BRUSQUE;SC;SUL;1936;CELESC DIST;1,7;1,648886;0;1,648886;1,589472
202603;02/03/2026;6;899351;PHB Industrial Textil Ltda;01/04/2025;44651;PHB TEXTIL CL 514;Consumidor Livre;PHB INDUSTRIA TEXTIL LIMITADA;12440143000101;BRUSQUE;SC;SUL;1936;CELESC DIST;1,7;1,599569;0;1,599569;1,545696
202603;02/03/2026;7;899351;PHB Industrial Textil Ltda;01/04/2025;44651;PHB TEXTIL CL 514;Consumidor Livre;PHB INDUSTRIA TEXTIL LIMITADA;12440143000101;BRUSQUE;SC;SUL;1936;CELESC DIST;1,7;1,621422;0;1,621422;1,569312
202603;02/03/2026;8;899351;PHB Industrial Textil Ltda;01/04/2025;44651;PHB TEXTIL CL 514;Consumidor Livre;PHB INDUSTRIA TEXTIL LIMITADA;12440143000101;BRUSQUE;SC;SUL;1936;CELESC DIST;1,7;1,609566;0;1,609566;1,559808
202603;02/03/2026;9;899351;PHB Industrial Textil Ltda;01/04/2025;44651;PHB TEXTIL CL 514;Consumidor Livre;PHB INDUSTRIA TEXTIL LIMITADA;12440143000101;BRUSQUE;SC;SUL;1936;CELESC DIST;1,7;1,574687;0;1,574687;1,528128
202603;02/03/2026;10;899351;PHB Industrial Textil Ltda;01/04/2025;44651;PHB TEXTIL CL 514;Consumidor Livre;PHB INDUSTRIA TEXTIL LIMITADA;12440143000101;BRUSQUE;SC;SUL;1936;CELESC DIST;1,7;1,603584;0;1,603584;1,5624
202603;02/03/2026;11;899351;PHB Industrial Textil Ltda;01/04/2025;44651;PHB TEXTIL CL 514;Consumidor Livre;PHB INDUSTRIA TEXTIL LIMITADA;12440143000101;BRUSQUE;SC;SUL;1936;CELESC DIST;1,7;1,557035;0;1,557035;1,522368
202603;02/03/2026;12;899351;PHB Industrial Textil Ltda;01/04/2025;44651;PHB TEXTIL CL 514;Consumidor Livre;PHB INDUSTRIA TEXTIL LIMITADA;12440143000101;BRUSQUE;SC;SUL;1936;CELESC DIST;1,7;1,605134;0;1,605134;1,569312
202603;02/03/2026;13;899351;PHB Industrial Textil Ltda;01/04/2025;44651;PHB TEXTIL CL 514;Consumidor Livre;PHB INDUSTRIA TEXTIL LIMITADA;12440143000101;BRUSQUE;SC;SUL;1936;CELESC DIST;1,7;1,599687;0;1,599687;1,555776
202603;02/03/2026;14;899351;PHB Industrial Textil Ltda;01/04/2025;44651;PHB TEXTIL CL 514;Consumidor Livre;PHB INDUSTRIA TEXTIL LIMITADA;12440143000101;BRUSQUE;SC;SUL;1936;CELESC DIST;1,7;1,585427;0;1,585427;1,534464
202603;02/03/2026;15;899351;PHB Industrial Textil Ltda;01/04/2025;44651;PHB TEXTIL CL 514;Consumidor Livre;PHB INDUSTRIA TEXTIL LIMITADA;12440143000101;BRUSQUE;SC;SUL;1936;CELESC DIST;1,7;1,629562;0;1,629562;1,57248
202603;02/03/2026;16;899351;PHB Industrial Textil Ltda;01/04/2025;44651;PHB TEXTIL CL 514;Consumidor Livre;PHB INDUSTRIA TEXTIL LIMITADA;12440143000101;BRUSQUE;SC;SUL;1936;CELESC DIST;1,7;1,636108;0;1,636108;1,580544
202603;02/03/2026;17;899351;PHB Industrial Textil Ltda;01/04/2025;44651;PHB TEXTIL CL 514;Consumidor Livre;PHB INDUSTRIA TEXTIL LIMITADA;12440143000101;BRUSQUE;SC;SUL;1936;CELESC DIST;1,7;1,604621;0;1,604621;1,554336
202603;02/03/2026;18;899351;PHB Industrial Textil Ltda;01/04/2025;44651;PHB TEXTIL CL 514;Consumidor Livre;PHB INDUSTRIA TEXTIL LIMITADA;12440143000101;BRUSQUE;SC;SUL;1936;CELESC DIST;1,7;1,632458;0;1,632458;1,58544
202603;02/03/2026;19;899351;PHB Industrial Textil Ltda;01/04/2025;44651;PHB TEXTIL CL 514;Consumidor Livre;PHB INDUSTRIA TEXTIL LIMITADA;12440143000101;BRUSQUE;SC;SUL;1936;CELESC DIST;1,7;1,63082;0;1,63082;1,58544
202603;02/03/2026;20;899351;PHB Industrial Textil Ltda;01/04/2025;44651;PHB TEXTIL CL 514;Consumidor Livre;PHB INDUSTRIA TEXTIL LIMITADA;12440143000101;BRUSQUE;SC;SUL;1936;CELESC DIST;1,7;1,604953;0;1,604953;1,561824
202603;02/03/2026;21;899351;PHB Industrial Textil Ltda;01/04/2025;44651;PHB TEXTIL CL 514;Consumidor Livre;PHB INDUSTRIA TEXTIL LIMITADA;12440143000101;BRUSQUE;SC;SUL;1936;CELESC DIST;1,7;1,600466;0;1,600466;1,556352
202603;02/03/2026;22;899351;PHB Industrial Textil Ltda;01/04/2025;44651;PHB TEXTIL CL 514;Consumidor Livre;PHB INDUSTRIA TEXTIL LIMITADA;12440143000101;BRUSQUE;SC;SUL;1936;CELESC DIST;1,7;1,560408;0;1,560408;1,518336
202603;02/03/2026;23;899351;PHB Industrial Textil Ltda;01/04/2025;44651;PHB TEXTIL CL 514;Consumidor Livre;PHB INDUSTRIA TEXTIL LIMITADA;12440143000101;BRUSQUE;SC;SUL;1936;CELESC DIST;1,7;1,524918;0;1,524918;1,480608
202603;03/03/2026;0;899351;PHB Industrial Textil Ltda;01/04/2025;44651;PHB TEXTIL CL 514;Consumidor Livre;PHB INDUSTRIA TEXTIL LIMITADA;12440143000101;BRUSQUE;SC;SUL;1936;CELESC DIST;1,7;1,561795;0;1,561795;1,51344
202603;03/03/2026;1;899351;PHB Industrial Textil Ltda;01/04/2025;44651;PHB TEXTIL CL 514;Consumidor Livre;PHB INDUSTRIA TEXTIL LIMITADA;12440143000101;BRUSQUE;SC;SUL;1936;CELESC DIST;1,7;1,576883;0;1,576883;1,525248
202603;03/03/2026;2;899351;PHB Industrial Textil Ltda;01/04/2025;44651;PHB TEXTIL CL 514;Consumidor Livre;PHB INDUSTRIA TEXTIL LIMITADA;12440143000101;BRUSQUE;SC;SUL;1936;CELESC DIST;1,7;1,570163;0;1,570163;1,517472
202603;03/03/2026;3;899351;PHB Industrial Textil Ltda;01/04/2025;44651;PHB TEXTIL CL 514;Consumidor Livre;PHB INDUSTRIA TEXTIL LIMITADA;12440143000101;BRUSQUE;SC;SUL;1936;CELESC DIST;1,7;1,571652;0;1,571652;1,51776
202603;03/03/2026;4;899351;PHB Industrial Textil Ltda;01/04/2025;44651;PHB TEXTIL CL 514;Consumidor Livre;PHB INDUSTRIA TEXTIL LIMITADA;12440143000101;BRUSQUE;SC;SUL;1936;CELESC DIST;1,7;1,56373;0;1,56373;1,50912
202603;03/03/2026;5;899351;PHB Industrial Textil Ltda;01/04/2025;44651;PHB TEXTIL CL 514;Consumidor Livre;PHB INDUSTRIA TEXTIL LIMITADA;12440143000101;BRUSQUE;SC;SUL;1936;CELESC DIST;1,7;1,599171;0;1,599171;1,543968
202603;03/03/2026;6;899351;PHB Industrial Textil Ltda;01/04/2025;44651;PHB TEXTIL CL 514;Consumidor Livre;PHB INDUSTRIA TEXTIL LIMITADA;12440143000101;BRUSQUE;SC;SUL;1936;CELESC DIST;1,7;1,614706;0;1,614706;1,562112
202603;03/03/2026;7;899351;PHB Industrial Textil Ltda;01/04/2025;44651;PHB TEXTIL CL 514;Consumidor Livre;PHB INDUSTRIA TEXTIL LIMITADA;12440143000101;BRUSQUE;SC;SUL;1936;CELESC DIST;1,7;1,616677;0;1,616677;1,565856
202603;03/03/2026;8;899351;PHB Industrial Textil Ltda;01/04/2025;44651;PHB TEXTIL CL 514;Consumidor Livre;PHB INDUSTRIA TEXTIL LIMITADA;12440143000101;BRUSQUE;SC;SUL;1936;CELESC DIST;1,7;1,598844;0;1,598844;1,55088
202603;03/03/2026;9;899351;PHB Industrial Textil Ltda;01/04/2025;44651;PHB TEXTIL CL 514;Consumidor Livre;PHB INDUSTRIA TEXTIL LIMITADA;12440143000101;BRUSQUE;SC;SUL;1936;CELESC DIST;1,7;1,59298;0;1,59298;1,546272
202603;03/03/2026;10;899351;PHB Industrial Textil Ltda;01/04/2025;44651;PHB TEXTIL CL 514;Consumidor Livre;PHB INDUSTRIA TEXTIL LIMITADA;12440143000101;BRUSQUE;SC;SUL;1936;CELESC DIST;1,7;1,588285;0;1,588285;1,547136
202603;03/03/2026;11;899351;PHB Industrial Textil Ltda;01/04/2025;44651;PHB TEXTIL CL 514;Consumidor Livre;PHB INDUSTRIA TEXTIL LIMITADA;12440143000101;BRUSQUE;SC;SUL;1936;CELESC DIST;1,7;1,583086;0;1,583086;1,542528
202603;03/03/2026;12;899351;PHB Industrial Textil Ltda;01/04/2025;44651;PHB TEXTIL CL 514;Consumidor Livre;PHB INDUSTRIA TEXTIL LIMITADA;12440143000101;BRUSQUE;SC;SUL;1936;CELESC DIST;1,7;1,556054;0;1,556054;1,518336
202603;03/03/2026;13;899351;PHB Industrial Textil Ltda;01/04/2025;44651;PHB TEXTIL CL 514;Consumidor Livre;PHB INDUSTRIA TEXTIL LIMITADA;12440143000101;BRUSQUE;SC;SUL;1936;CELESC DIST;1,7;1,540198;0;1,540198;1,497888
202603;03/03/2026;14;899351;PHB Industrial Textil Ltda;01/04/2025;44651;PHB TEXTIL CL 514;Consumidor Livre;PHB INDUSTRIA TEXTIL LIMITADA;12440143000101;BRUSQUE;SC;SUL;1936;CELESC DIST;1,7;1,593809;0;1,593809;1,546272
202603;03/03/2026;15;899351;PHB Industrial Textil Ltda;01/04/2025;44651;PHB TEXTIL CL 514;Consumidor Livre;PHB INDUSTRIA TEXTIL LIMITADA;12440143000101;BRUSQUE;SC;SUL;1936;CELESC DIST;1,7;1,587851;0;1,587851;1,536768
202603;03/03/2026;16;899351;PHB Industrial Textil Ltda;01/04/2025;44651;PHB TEXTIL CL 514;Consumidor Livre;PHB INDUSTRIA TEXTIL LIMITADA;12440143000101;BRUSQUE;SC;SUL;1936;CELESC DIST;1,7;1,600181;0;1,600181;1,550016
202603;03/03/2026;17;899351;PHB Industrial Textil Ltda;01/04/2025;44651;PHB TEXTIL CL 514;Consumidor Livre;PHB INDUSTRIA TEXTIL LIMITADA;12440143000101;BRUSQUE;SC;SUL;1936;CELESC DIST;1,7;1,637763;0;1,637763;1,587456
202603;03/03/2026;18;899351;PHB Industrial Textil Ltda;01/04/2025;44651;PHB TEXTIL CL 514;Consumidor Livre;PHB INDUSTRIA TEXTIL LIMITADA;12440143000101;BRUSQUE;SC;SUL;1936;CELESC DIST;1,7;1,630544;0;1,630544;1,584288
202603;03/03/2026;19;899351;PHB Industrial Textil Ltda;01/04/2025;44651;PHB TEXTIL CL 514;Consumidor Livre;PHB INDUSTRIA TEXTIL LIMITADA;12440143000101;BRUSQUE;SC;SUL;1936;CELESC DIST;1,7;1,61569;0;1,61569;1,571616
202603;03/03/2026;20;899351;PHB Industrial Textil Ltda;01/04/2025;44651;PHB TEXTIL CL 514;Consumidor Livre;PHB INDUSTRIA TEXTIL LIMITADA;12440143000101;BRUSQUE;SC;SUL;1936;CELESC DIST;1,7;1,589795;0;1,589795;1,547136
202603;03/03/2026;21;899351;PHB Industrial Textil Ltda;01/04/2025;44651;PHB TEXTIL CL 514;Consumidor Livre;PHB INDUSTRIA TEXTIL LIMITADA;12440143000101;BRUSQUE;SC;SUL;1936;CELESC DIST;1,7;1,575536;0;1,575536;1,531872
202603;03/03/2026;22;899351;PHB Industrial Textil Ltda;01/04/2025;44651;PHB TEXTIL CL 514;Consumidor Livre;PHB INDUSTRIA TEXTIL LIMITADA;12440143000101;BRUSQUE;SC;SUL;1936;CELESC DIST;1,7;1,565541;0;1,565541;1,521792
202603;03/03/2026;23;899351;PHB Industrial Textil Ltda;01/04/2025;44651;PHB TEXTIL CL 514;Consumidor Livre;PHB INDUSTRIA TEXTIL LIMITADA;12440143000101;BRUSQUE;SC;SUL;1936;CELESC DIST;1,7;1,574608;0;1,574608;1,528992
202603;04/03/2026;0;899351;PHB Industrial Textil Ltda;01/04/2025;44651;PHB TEXTIL CL 514;Consumidor Livre;PHB INDUSTRIA TEXTIL LIMITADA;12440143000101;BRUSQUE;SC;SUL;1936;CELESC DIST;1,7;1,574545;0;1,574545;1,52784
202603;04/03/2026;1;899351;PHB Industrial Textil Ltda;01/04/2025;44651;PHB TEXTIL CL 514;Consumidor Livre;PHB INDUSTRIA TEXTIL LIMITADA;12440143000101;BRUSQUE;SC;SUL;1936;CELESC DIST;1,7;1,57555;0;1,57555;1,5264
202603;04/03/2026;2;899351;PHB Industrial Textil Ltda;01/04/2025;44651;PHB TEXTIL CL 514;Consumidor Livre;PHB INDUSTRIA TEXTIL LIMITADA;12440143000101;BRUSQUE;SC;SUL;1936;CELESC DIST;1,7;1,571811;0;1,571811;1,520352
202603;04/03/2026;3;899351;PHB Industrial Textil Ltda;01/04/2025;44651;PHB TEXTIL CL 514;Consumidor Livre;PHB INDUSTRIA TEXTIL LIMITADA;12440143000101;BRUSQUE;SC;SUL;1936;CELESC DIST;1,7;1,564118;0;1,564118;1,511136
202603;04/03/2026;4;899351;PHB Industrial Textil Ltda;01/04/2025;44651;PHB TEXTIL CL 514;Consumidor Livre;PHB INDUSTRIA TEXTIL LIMITADA;12440143000101;BRUSQUE;SC;SUL;1936;CELESC DIST;1,7;1,581363;0;1,581363;1,527264
202603;04/03/2026;5;899351;PHB Industrial Textil Ltda;01/04/2025;44651;PHB TEXTIL CL 514;Consumidor Livre;PHB INDUSTRIA TEXTIL LIMITADA;12440143000101;BRUSQUE;SC;SUL;1936;CELESC DIST;1,7;1,581873;0;1,581873;1,52784
202603;04/03/2026;6;899351;PHB Industrial Textil Ltda;01/04/2025;44651;PHB TEXTIL CL 514;Consumidor Livre;PHB INDUSTRIA TEXTIL LIMITADA;12440143000101;BRUSQUE;SC;SUL;1936;CELESC DIST;1,7;1,585749;0;1,585749;1,533888
202603;04/03/2026;7;899351;PHB Industrial Textil Ltda;01/04/2025;44651;PHB TEXTIL CL 514;Consumidor Livre;PHB INDUSTRIA TEXTIL LIMITADA;12440143000101;BRUSQUE;SC;SUL;1936;CELESC DIST;1,7;1,578012;0;1,578012;1,529568
202603;04/03/2026;8;899351;PHB Industrial Textil Ltda;01/04/2025;44651;PHB TEXTIL CL 514;Consumidor Livre;PHB INDUSTRIA TEXTIL LIMITADA;12440143000101;BRUSQUE;SC;SUL;1936;CELESC DIST;1,7;1,576221;0;1,576221;1,530144
202603;04/03/2026;9;899351;PHB Industrial Textil Ltda;01/04/2025;44651;PHB TEXTIL CL 514;Consumidor Livre;PHB INDUSTRIA TEXTIL LIMITADA;12440143000101;BRUSQUE;SC;SUL;1936;CELESC DIST;1,7;1,576382;0;1,576382;1,52928
202603;04/03/2026;10;899351;PHB Industrial Textil Ltda;01/04/2025;44651;PHB TEXTIL CL 514;Consumidor Livre;PHB INDUSTRIA TEXTIL LIMITADA;12440143000101;BRUSQUE;SC;SUL;1936;CELESC DIST;1,7;1,57809;0;1,57809;1,531296
202603;04/03/2026;11;899351;PHB Industrial Textil Ltda;01/04/2025;44651;PHB TEXTIL CL 514;Consumidor Livre;PHB INDUSTRIA TEXTIL LIMITADA;12440143000101;BRUSQUE;SC;SUL;1936;CELESC DIST;1,7;1,58758;0;1,58758;1,543968
202603;04/03/2026;12;899351;PHB Industrial Textil Ltda;01/04/2025;44651;PHB TEXTIL CL 514;Consumidor Livre;PHB INDUSTRIA TEXTIL LIMITADA;12440143000101;BRUSQUE;SC;SUL;1936;CELESC DIST;1,7;1,578052;0;1,578052;1,535904
202603;04/03/2026;13;899351;PHB Industrial Textil Ltda;01/04/2025;44651;PHB TEXTIL CL 514;Consumidor Livre;PHB INDUSTRIA TEXTIL LIMITADA;12440143000101;BRUSQUE;SC;SUL;1936;CELESC DIST;1,7;1,59307;0;1,59307;1,543392
202603;04/03/2026;14;899351;PHB Industrial Textil Ltda;01/04/2025;44651;PHB TEXTIL CL 514;Consumidor Livre;PHB INDUSTRIA TEXTIL LIMITADA;12440143000101;BRUSQUE;SC;SUL;1936;CELESC DIST;1,7;1,596598;0;1,596598;1,543104
202603;04/03/2026;15;899351;PHB Industrial Textil Ltda;01/04/2025;44651;PHB TEXTIL CL 514;Consumidor Livre;PHB INDUSTRIA TEXTIL LIMITADA;12440143000101;BRUSQUE;SC;SUL;1936;CELESC DIST;1,7;1,553926;0;1,553926;1,50624
202603;04/03/2026;16;899351;PHB Industrial Textil Ltda;01/04/2025;44651;PHB TEXTIL CL 514;Consumidor Livre;PHB INDUSTRIA TEXTIL LIMITADA;12440143000101;BRUSQUE;SC;SUL;1936;CELESC DIST;1,7;1,587197;0;1,587197;1,5408
202603;04/03/2026;17;899351;PHB Industrial Textil Ltda;01/04/2025;44651;PHB TEXTIL CL 514;Consumidor Livre;PHB INDUSTRIA TEXTIL LIMITADA;12440143000101;BRUSQUE;SC;SUL;1936;CELESC DIST;1,7;1,590594;0;1,590594;1,544544
202603;04/03/2026;18;899351;PHB Industrial Textil Ltda;01/04/2025;44651;PHB TEXTIL CL 514;Consumidor Livre;PHB INDUSTRIA TEXTIL LIMITADA;12440143000101;BRUSQUE;SC;SUL;1936;CELESC DIST;1,7;1,579386;0;1,579386;1,534752
202603;04/03/2026;19;899351;PHB Industrial Textil Ltda;01/04/2025;44651;PHB TEXTIL CL 514;Consumidor Livre;PHB INDUSTRIA TEXTIL LIMITADA;12440143000101;BRUSQUE;SC;SUL;1936;CELESC DIST;1,7;1,579948;0;1,579948;1,53504
202603;04/03/2026;20;899351;PHB Industrial Textil Ltda;01/04/2025;44651;PHB TEXTIL CL 514;Consumidor Livre;PHB INDUSTRIA TEXTIL LIMITADA;12440143000101;BRUSQUE;SC;SUL;1936;CELESC DIST;1,7;1,579282;0;1,579282;1,535904
202603;04/03/2026;21;899351;PHB Industrial Textil Ltda;01/04/2025;44651;PHB TEXTIL CL 514;Consumidor Livre;PHB INDUSTRIA TEXTIL LIMITADA;12440143000101;BRUSQUE;SC;SUL;1936;CELESC DIST;1,7;1,576811;0;1,576811;1,533888
202603;04/03/2026;22;899351;PHB Industrial Textil Ltda;01/04/2025;44651;PHB TEXTIL CL 514;Consumidor Livre;PHB INDUSTRIA TEXTIL LIMITADA;12440143000101;BRUSQUE;SC;SUL;1936;CELESC DIST;1,7;1,576775;0;1,576775;1,534176
202603;04/03/2026;23;899351;PHB Industrial Textil Ltda;01/04/2025;44651;PHB TEXTIL CL 514;Consumidor Livre;PHB INDUSTRIA TEXTIL LIMITADA;12440143000101;BRUSQUE;SC;SUL;1936;CELESC DIST;1,7;1,579895;0;1,579895;1,53648
202603;05/03/2026;0;899351;PHB Industrial Textil Ltda;01/04/2025;44651;PHB TEXTIL CL 514;Consumidor Livre;PHB INDUSTRIA TEXTIL LIMITADA;12440143000101;BRUSQUE;SC;SUL;1936;CELESC DIST;1,7;1,575999;0;1,575999;1,530144
202603;05/03/2026;1;899351;PHB Industrial Textil Ltda;01/04/2025;44651;PHB TEXTIL CL 514;Consumidor Livre;PHB INDUSTRIA TEXTIL LIMITADA;12440143000101;BRUSQUE;SC;SUL;1936;CELESC DIST;1,7;1,566792;0;1,566792;1,520064
202603;05/03/2026;2;899351;PHB Industrial Textil Ltda;01/04/2025;44651;PHB TEXTIL CL 514;Consumidor Livre;PHB INDUSTRIA TEXTIL LIMITADA;12440143000101;BRUSQUE;SC;SUL;1936;CELESC DIST;1,7;1,590075;0;1,590075;1,540224
202603;05/03/2026;3;899351;PHB Industrial Textil Ltda;01/04/2025;44651;PHB TEXTIL CL 514;Consumidor Livre;PHB INDUSTRIA TEXTIL LIMITADA;12440143000101;BRUSQUE;SC;SUL;1936;CELESC DIST;1,7;1,598514;0;1,598514;1,546272
202603;05/03/2026;4;899351;PHB Industrial Textil Ltda;01/04/2025;44651;PHB TEXTIL CL 514;Consumidor Livre;PHB INDUSTRIA TEXTIL LIMITADA;12440143000101;BRUSQUE;SC;SUL;1936;CELESC DIST;1,7;1,598317;0;1,598317;1,545696
202603;05/03/2026;5;899351;PHB Industrial Textil Ltda;01/04/2025;44651;PHB TEXTIL CL 514;Consumidor Livre;PHB INDUSTRIA TEXTIL LIMITADA;12440143000101;BRUSQUE;SC;SUL;1936;CELESC DIST;1,7;1,589336;0;1,589336;1,537344
202603;05/03/2026;6;899351;PHB Industrial Textil Ltda;01/04/2025;44651;PHB TEXTIL CL 514;Consumidor Livre;PHB INDUSTRIA TEXTIL LIMITADA;12440143000101;BRUSQUE;SC;SUL;1936;CELESC DIST;1,7;1,585407;0;1,585407;1,53216
202603;05/03/2026;7;899351;PHB Industrial Textil Ltda;01/04/2025;44651;PHB TEXTIL CL 514;Consumidor Livre;PHB INDUSTRIA TEXTIL LIMITADA;12440143000101;BRUSQUE;SC;SUL;1936;CELESC DIST;1,7;1,598727;0;1,598727;1,54656
202603;05/03/2026;8;899351;PHB Industrial Textil Ltda;01/04/2025;44651;PHB TEXTIL CL 514;Consumidor Livre;PHB INDUSTRIA TEXTIL LIMITADA;12440143000101;BRUSQUE;SC;SUL;1936;CELESC DIST;1,7;1,601885;0;1,601885;1,550304
202603;05/03/2026;9;899351;PHB Industrial Textil Ltda;01/04/2025;44651;PHB TEXTIL CL 514;Consumidor Livre;PHB INDUSTRIA TEXTIL LIMITADA;12440143000101;BRUSQUE;SC;SUL;1936;CELESC DIST;1,7;1,593096;0;1,593096;1,541088
202603;05/03/2026;10;899351;PHB Industrial Textil Ltda;01/04/2025;44651;PHB TEXTIL CL 514;Consumidor Livre;PHB INDUSTRIA TEXTIL LIMITADA;12440143000101;BRUSQUE;SC;SUL;1936;CELESC DIST;1,7;1,587785;0;1,587785;1,53936
202603;05/03/2026;11;899351;PHB Industrial Textil Ltda;01/04/2025;44651;PHB TEXTIL CL 514;Consumidor Livre;PHB INDUSTRIA TEXTIL LIMITADA;12440143000101;BRUSQUE;SC;SUL;1936;CELESC DIST;1,7;1,484703;0;1,484703;1,443168
202603;05/03/2026;12;899351;PHB Industrial Textil Ltda;01/04/2025;44651;PHB TEXTIL CL 514;Consumidor Livre;PHB INDUSTRIA TEXTIL LIMITADA;12440143000101;BRUSQUE;SC;SUL;1936;CELESC DIST;1,7;1,473914;0;1,473914;1,431936
202603;05/03/2026;13;899351;PHB Industrial Textil Ltda;01/04/2025;44651;PHB TEXTIL CL 514;Consumidor Livre;PHB INDUSTRIA TEXTIL LIMITADA;12440143000101;BRUSQUE;SC;SUL;1936;CELESC DIST;1,7;1,584845;0;1,584845;1,5336
202603;05/03/2026;14;899351;PHB Industrial Textil Ltda;01/04/2025;44651;PHB TEXTIL CL 514;Consumidor Livre;PHB INDUSTRIA TEXTIL LIMITADA;12440143000101;BRUSQUE;SC;SUL;1936;CELESC DIST;1,7;1,597313;0;1,597313;1,546272
202603;05/03/2026;15;899351;PHB Industrial Textil Ltda;01/04/2025;44651;PHB TEXTIL CL 514;Consumidor Livre;PHB INDUSTRIA TEXTIL LIMITADA;12440143000101;BRUSQUE;SC;SUL;1936;CELESC DIST;1,7;1,600968;0;1,600968;1,55088
202603;05/03/2026;16;899351;PHB Industrial Textil Ltda;01/04/2025;44651;PHB TEXTIL CL 514;Consumidor Livre;PHB INDUSTRIA TEXTIL LIMITADA;12440143000101;BRUSQUE;SC;SUL;1936;CELESC DIST;1,7;1,598333;0;1,598333;1,55088
202603;05/03/2026;17;899351;PHB Industrial Textil Ltda;01/04/2025;44651;PHB TEXTIL CL 514;Consumidor Livre;PHB INDUSTRIA TEXTIL LIMITADA;12440143000101;BRUSQUE;SC;SUL;1936;CELESC DIST;1,7;1,599349;0;1,599349;1,55232
202603;05/03/2026;18;899351;PHB Industrial Textil Ltda;01/04/2025;44651;PHB TEXTIL CL 514;Consumidor Livre;PHB INDUSTRIA TEXTIL LIMITADA;12440143000101;BRUSQUE;SC;SUL;1936;CELESC DIST;1,7;1,59125;0;1,59125;1,544832
202603;05/03/2026;19;899351;PHB Industrial Textil Ltda;01/04/2025;44651;PHB TEXTIL CL 514;Consumidor Livre;PHB INDUSTRIA TEXTIL LIMITADA;12440143000101;BRUSQUE;SC;SUL;1936;CELESC DIST;1,7;1,592922;0;1,592922;1,548
202603;05/03/2026;20;899351;PHB Industrial Textil Ltda;01/04/2025;44651;PHB TEXTIL CL 514;Consumidor Livre;PHB INDUSTRIA TEXTIL LIMITADA;12440143000101;BRUSQUE;SC;SUL;1936;CELESC DIST;1,7;1,595163;0;1,595163;1,550304
202603;05/03/2026;21;899351;PHB Industrial Textil Ltda;01/04/2025;44651;PHB TEXTIL CL 514;Consumidor Livre;PHB INDUSTRIA TEXTIL LIMITADA;12440143000101;BRUSQUE;SC;SUL;1936;CELESC DIST;1,7;1,586333;0;1,586333;1,54224
202603;05/03/2026;22;899351;PHB Industrial Textil Ltda;01/04/2025;44651;PHB TEXTIL CL 514;Consumidor Livre;PHB INDUSTRIA TEXTIL LIMITADA;12440143000101;BRUSQUE;SC;SUL;1936;CELESC DIST;1,7;1,584513;0;1,584513;1,541088
202603;05/03/2026;23;899351;PHB Industrial Textil Ltda;01/04/2025;44651;PHB TEXTIL CL 514;Consumidor Livre;PHB INDUSTRIA TEXTIL LIMITADA;12440143000101;BRUSQUE;SC;SUL;1936;CELESC DIST;1,7;1,595686;0;1,595686;1,550592
202603;06/03/2026;0;899351;PHB Industrial Textil Ltda;01/04/2025;44651;PHB TEXTIL CL 514;Consumidor Livre;PHB INDUSTRIA TEXTIL LIMITADA;12440143000101;BRUSQUE;SC;SUL;1936;CELESC DIST;1,7;1,600111;0;1,600111;1,551456
202603;06/03/2026;1;899351;PHB Industrial Textil Ltda;01/04/2025;44651;PHB TEXTIL CL 514;Consumidor Livre;PHB INDUSTRIA TEXTIL LIMITADA;12440143000101;BRUSQUE;SC;SUL;1936;CELESC DIST;1,7;1,605011;0;1,605011;1,555488
202603;06/03/2026;2;899351;PHB Industrial Textil Ltda;01/04/2025;44651;PHB TEXTIL CL 514;Consumidor Livre;PHB INDUSTRIA TEXTIL LIMITADA;12440143000101;BRUSQUE;SC;SUL;1936;CELESC DIST;1,7;1,607737;0;1,607737;1,5552
202603;06/03/2026;3;899351;PHB Industrial Textil Ltda;01/04/2025;44651;PHB TEXTIL CL 514;Consumidor Livre;PHB INDUSTRIA TEXTIL LIMITADA;12440143000101;BRUSQUE;SC;SUL;1936;CELESC DIST;1,7;1,605341;0;1,605341;1,55088
202603;06/03/2026;4;899351;PHB Industrial Textil Ltda;01/04/2025;44651;PHB TEXTIL CL 514;Consumidor Livre;PHB INDUSTRIA TEXTIL LIMITADA;12440143000101;BRUSQUE;SC;SUL;1936;CELESC DIST;1,7;1,607979;0;1,607979;1,552896
202603;06/03/2026;5;899351;PHB Industrial Textil Ltda;01/04/2025;44651;PHB TEXTIL CL 514;Consumidor Livre;PHB INDUSTRIA TEXTIL LIMITADA;12440143000101;BRUSQUE;SC;SUL;1936;CELESC DIST;1,7;1,366479;0;1,366479;1,31904
202603;06/03/2026;6;899351;PHB Industrial Textil Ltda;01/04/2025;44651;PHB TEXTIL CL 514;Consumidor Livre;PHB INDUSTRIA TEXTIL LIMITADA;12440143000101;BRUSQUE;SC;SUL;1936;CELESC DIST;1,7;1,392536;0;1,392536;1,345536
202603;06/03/2026;7;899351;PHB Industrial Textil Ltda;01/04/2025;44651;PHB TEXTIL CL 514;Consumidor Livre;PHB INDUSTRIA TEXTIL LIMITADA;12440143000101;BRUSQUE;SC;SUL;1936;CELESC DIST;1,7;1,35274;0;1,35274;1,307232
202603;06/03/2026;8;899351;PHB Industrial Textil Ltda;01/04/2025;44651;PHB TEXTIL CL 514;Consumidor Livre;PHB INDUSTRIA TEXTIL LIMITADA;12440143000101;BRUSQUE;SC;SUL;1936;CELESC DIST;1,7;1,312304;0;1,312304;1,268352
202603;06/03/2026;9;899351;PHB Industrial Textil Ltda;01/04/2025;44651;PHB TEXTIL CL 514;Consumidor Livre;PHB INDUSTRIA TEXTIL LIMITADA;12440143000101;BRUSQUE;SC;SUL;1936;CELESC DIST;1,7;1,30459;0;1,30459;1,260288
202603;06/03/2026;10;899351;PHB Industrial Textil Ltda;01/04/2025;44651;PHB TEXTIL CL 514;Consumidor Livre;PHB INDUSTRIA TEXTIL LIMITADA;12440143000101;BRUSQUE;SC;SUL;1936;CELESC DIST;1,7;1,352543;0;1,352543;1,306368
202603;06/03/2026;11;899351;PHB Industrial Textil Ltda;01/04/2025;44651;PHB TEXTIL CL 514;Consumidor Livre;PHB INDUSTRIA TEXTIL LIMITADA;12440143000101;BRUSQUE;SC;SUL;1936;CELESC DIST;1,7;1,58515;0;1,58515;1,541088
202603;06/03/2026;12;899351;PHB Industrial Textil Ltda;01/04/2025;44651;PHB TEXTIL CL 514;Consumidor Livre;PHB INDUSTRIA TEXTIL LIMITADA;12440143000101;BRUSQUE;SC;SUL;1936;CELESC DIST;1,7;1,594328;0;1,594328;1,551168
202603;06/03/2026;13;899351;PHB Industrial Textil Ltda;01/04/2025;44651;PHB TEXTIL CL 514;Consumidor Livre;PHB INDUSTRIA TEXTIL LIMITADA;12440143000101;BRUSQUE;SC;SUL;1936;CELESC DIST;1,7;1,609048;0;1,609048;1,553472
202603;06/03/2026;14;899351;PHB Industrial Textil Ltda;01/04/2025;44651;PHB TEXTIL CL 514;Consumidor Livre;PHB INDUSTRIA TEXTIL LIMITADA;12440143000101;BRUSQUE;SC;SUL;1936;CELESC DIST;1,7;1,610638;0;1,610638;1,553184
202603;06/03/2026;15;899351;PHB Industrial Textil Ltda;01/04/2025;44651;PHB TEXTIL CL 514;Consumidor Livre;PHB INDUSTRIA TEXTIL LIMITADA;12440143000101;BRUSQUE;SC;SUL;1936;CELESC DIST;1,7;1,611706;0;1,611706;1,5552
202603;06/03/2026;16;899351;PHB Industrial Textil Ltda;01/04/2025;44651;PHB TEXTIL CL 514;Consumidor Livre;PHB INDUSTRIA TEXTIL LIMITADA;12440143000101;BRUSQUE;SC;SUL;1936;CELESC DIST;1,7;1,6014;0;1,6014;1,55088
202603;06/03/2026;17;899351;PHB Industrial Textil Ltda;01/04/2025;44651;PHB TEXTIL CL 514;Consumidor Livre;PHB INDUSTRIA TEXTIL LIMITADA;12440143000101;BRUSQUE;SC;SUL;1936;CELESC DIST;1,7;1,600598;0;1,600598;1,555488
202603;06/03/2026;18;899351;PHB Industrial Textil Ltda;01/04/2025;44651;PHB TEXTIL CL 514;Consumidor Livre;PHB INDUSTRIA TEXTIL LIMITADA;12440143000101;BRUSQUE;SC;SUL;1936;CELESC DIST;1,7;1,603376;0;1,603376;1,557504
202603;06/03/2026;19;899351;PHB Industrial Textil Ltda;01/04/2025;44651;PHB TEXTIL CL 514;Consumidor Livre;PHB INDUSTRIA TEXTIL LIMITADA;12440143000101;BRUSQUE;SC;SUL;1936;CELESC DIST;1,7;1,601365;0;1,601365;1,554048
202603;06/03/2026;20;899351;PHB Industrial Textil Ltda;01/04/2025;44651;PHB TEXTIL CL 514;Consumidor Livre;PHB INDUSTRIA TEXTIL LIMITADA;12440143000101;BRUSQUE;SC;SUL;1936;CELESC DIST;1,7;1,582135;0;1,582135;1,536192
202603;06/03/2026;21;899351;PHB Industrial Textil Ltda;01/04/2025;44651;PHB TEXTIL CL 514;Consumidor Livre;PHB INDUSTRIA TEXTIL LIMITADA;12440143000101;BRUSQUE;SC;SUL;1936;CELESC DIST;1,7;1,598392;0;1,598392;1,552032
202603;06/03/2026;22;899351;PHB Industrial Textil Ltda;01/04/2025;44651;PHB TEXTIL CL 514;Consumidor Livre;PHB INDUSTRIA TEXTIL LIMITADA;12440143000101;BRUSQUE;SC;SUL;1936;CELESC DIST;1,7;1,599248;0;1,599248;1,552896
202603;06/03/2026;23;899351;PHB Industrial Textil Ltda;01/04/2025;44651;PHB TEXTIL CL 514;Consumidor Livre;PHB INDUSTRIA TEXTIL LIMITADA;12440143000101;BRUSQUE;SC;SUL;1936;CELESC DIST;1,7;1,601499;0;1,601499;1,554624
202603;07/03/2026;0;899351;PHB Industrial Textil Ltda;01/04/2025;44651;PHB TEXTIL CL 514;Consumidor Livre;PHB INDUSTRIA TEXTIL LIMITADA;12440143000101;BRUSQUE;SC;SUL;1936;CELESC DIST;1,7;1,602337;0;1,602337;1,5552
202603;07/03/2026;1;899351;PHB Industrial Textil Ltda;01/04/2025;44651;PHB TEXTIL CL 514;Consumidor Livre;PHB INDUSTRIA TEXTIL LIMITADA;12440143000101;BRUSQUE;SC;SUL;1936;CELESC DIST;1,7;1,597779;0;1,597779;1,548576
202603;07/03/2026;2;899351;PHB Industrial Textil Ltda;01/04/2025;44651;PHB TEXTIL CL 514;Consumidor Livre;PHB INDUSTRIA TEXTIL LIMITADA;12440143000101;BRUSQUE;SC;SUL;1936;CELESC DIST;1,7;1,608552;0;1,608552;1,557504
202603;07/03/2026;3;899351;PHB Industrial Textil Ltda;01/04/2025;44651;PHB TEXTIL CL 514;Consumidor Livre;PHB INDUSTRIA TEXTIL LIMITADA;12440143000101;BRUSQUE;SC;SUL;1936;CELESC DIST;1,7;1,605266;0;1,605266;1,55376
202603;07/03/2026;4;899351;PHB Industrial Textil Ltda;01/04/2025;44651;PHB TEXTIL CL 514;Consumidor Livre;PHB INDUSTRIA TEXTIL LIMITADA;12440143000101;BRUSQUE;SC;SUL;1936;CELESC DIST;1,7;1,614005;0;1,614005;1,560384
202603;07/03/2026;5;899351;PHB Industrial Textil Ltda;01/04/2025;44651;PHB TEXTIL CL 514;Consumidor Livre;PHB INDUSTRIA TEXTIL LIMITADA;12440143000101;BRUSQUE;SC;SUL;1936;CELESC DIST;1,7;1,612635;0;1,612635;1,557792
202603;07/03/2026;6;899351;PHB Industrial Textil Ltda;01/04/2025;44651;PHB TEXTIL CL 514;Consumidor Livre;PHB INDUSTRIA TEXTIL LIMITADA;12440143000101;BRUSQUE;SC;SUL;1936;CELESC DIST;1,7;1,61226;0;1,61226;1,557216
202603;07/03/2026;7;899351;PHB Industrial Textil Ltda;01/04/2025;44651;PHB TEXTIL CL 514;Consumidor Livre;PHB INDUSTRIA TEXTIL LIMITADA;12440143000101;BRUSQUE;SC;SUL;1936;CELESC DIST;1,7;1,607356;0;1,607356;1,554624
202603;07/03/2026;8;899351;PHB Industrial Textil Ltda;01/04/2025;44651;PHB TEXTIL CL 514;Consumidor Livre;PHB INDUSTRIA TEXTIL LIMITADA;12440143000101;BRUSQUE;SC;SUL;1936;CELESC DIST;1,7;1,603378;0;1,603378;1,552608
202603;07/03/2026;9;899351;PHB Industrial Textil Ltda;01/04/2025;44651;PHB TEXTIL CL 514;Consumidor Livre;PHB INDUSTRIA TEXTIL LIMITADA;12440143000101;BRUSQUE;SC;SUL;1936;CELESC DIST;1,7;1,603007;0;1,603007;1,550304
202603;07/03/2026;10;899351;PHB Industrial Textil Ltda;01/04/2025;44651;PHB TEXTIL CL 514;Consumidor Livre;PHB INDUSTRIA TEXTIL LIMITADA;12440143000101;BRUSQUE;SC;SUL;1936;CELESC DIST;1,7;1,563255;0;1,563255;1,513152
202603;07/03/2026;11;899351;PHB Industrial Textil Ltda;01/04/2025;44651;PHB TEXTIL CL 514;Consumidor Livre;PHB INDUSTRIA TEXTIL LIMITADA;12440143000101;BRUSQUE;SC;SUL;1936;CELESC DIST;1,7;1,59769;0;1,59769;1,552608
202603;07/03/2026;12;899351;PHB Industrial Textil Ltda;01/04/2025;44651;PHB TEXTIL CL 514;Consumidor Livre;PHB INDUSTRIA TEXTIL LIMITADA;12440143000101;BRUSQUE;SC;SUL;1936;CELESC DIST;1,7;1,555536;0;1,555536;1,513152
202603;07/03/2026;13;899351;PHB Industrial Textil Ltda;01/04/2025;44651;PHB TEXTIL CL 514;Consumidor Livre;PHB INDUSTRIA TEXTIL LIMITADA;12440143000101;BRUSQUE;SC;SUL;1936;CELESC DIST;1,7;1,506538;0;1,506538;1,457856
202603;07/03/2026;14;899351;PHB Industrial Textil Ltda;01/04/2025;44651;PHB TEXTIL CL 514;Consumidor Livre;PHB INDUSTRIA TEXTIL LIMITADA;12440143000101;BRUSQUE;SC;SUL;1936;CELESC DIST;1,7;1,516432;0;1,516432;1,461888
202603;07/03/2026;15;899351;PHB Industrial Textil Ltda;01/04/2025;44651;PHB TEXTIL CL 514;Consumidor Livre;PHB INDUSTRIA TEXTIL LIMITADA;12440143000101;BRUSQUE;SC;SUL;1936;CELESC DIST;1,7;1,525531;0;1,525531;1,469376
202603;07/03/2026;16;899351;PHB Industrial Textil Ltda;01/04/2025;44651;PHB TEXTIL CL 514;Consumidor Livre;PHB INDUSTRIA TEXTIL LIMITADA;12440143000101;BRUSQUE;SC;SUL;1936;CELESC DIST;1,7;1,515778;0;1,515778;1,462464
202603;07/03/2026;17;899351;PHB Industrial Textil Ltda;01/04/2025;44651;PHB TEXTIL CL 514;Consumidor Livre;PHB INDUSTRIA TEXTIL LIMITADA;12440143000101;BRUSQUE;SC;SUL;1936;CELESC DIST;1,7;1,518954;0;1,518954;1,466496
202603;07/03/2026;18;899351;PHB Industrial Textil Ltda;01/04/2025;44651;PHB TEXTIL CL 514;Consumidor Livre;PHB INDUSTRIA TEXTIL LIMITADA;12440143000101;BRUSQUE;SC;SUL;1936;CELESC DIST;1,7;1,517315;0;1,517315;1,466496
202603;07/03/2026;19;899351;PHB Industrial Textil Ltda;01/04/2025;44651;PHB TEXTIL CL 514;Consumidor Livre;PHB INDUSTRIA TEXTIL LIMITADA;12440143000101;BRUSQUE;SC;SUL;1936;CELESC DIST;1,7;1,511826;0;1,511826;1,463904
202603;07/03/2026;20;899351;PHB Industrial Textil Ltda;01/04/2025;44651;PHB TEXTIL CL 514;Consumidor Livre;PHB INDUSTRIA TEXTIL LIMITADA;12440143000101;BRUSQUE;SC;SUL;1936;CELESC DIST;1,7;1,512404;0;1,512404;1,466208
202603;07/03/2026;21;899351;PHB Industrial Textil Ltda;01/04/2025;44651;PHB TEXTIL CL 514;Consumidor Livre;PHB INDUSTRIA TEXTIL LIMITADA;12440143000101;BRUSQUE;SC;SUL;1936;CELESC DIST;1,7;1,511851;0;1,511851;1,466496
202603;07/03/2026;22;899351;PHB Industrial Textil Ltda;01/04/2025;44651;PHB TEXTIL CL 514;Consumidor Livre;PHB INDUSTRIA TEXTIL LIMITADA;12440143000101;BRUSQUE;SC;SUL;1936;CELESC DIST;1,7;1,519316;0;1,519316;1,473696
202603;07/03/2026;23;899351;PHB Industrial Textil Ltda;01/04/2025;44651;PHB TEXTIL CL 514;Consumidor Livre;PHB INDUSTRIA TEXTIL LIMITADA;12440143000101;BRUSQUE;SC;SUL;1936;CELESC DIST;1,7;1,51655;0;1,51655;1,470816
202603;08/03/2026;0;899351;PHB Industrial Textil Ltda;01/04/2025;44651;PHB TEXTIL CL 514;Consumidor Livre;PHB INDUSTRIA TEXTIL LIMITADA;12440143000101;BRUSQUE;SC;SUL;1936;CELESC DIST;1,7;1,512295;0;1,512295;1,466208
202603;08/03/2026;1;899351;PHB Industrial Textil Ltda;01/04/2025;44651;PHB TEXTIL CL 514;Consumidor Livre;PHB INDUSTRIA TEXTIL LIMITADA;12440143000101;BRUSQUE;SC;SUL;1936;CELESC DIST;1,7;1,519912;0;1,519912;1,474272
202603;08/03/2026;2;899351;PHB Industrial Textil Ltda;01/04/2025;44651;PHB TEXTIL CL 514;Consumidor Livre;PHB INDUSTRIA TEXTIL LIMITADA;12440143000101;BRUSQUE;SC;SUL;1936;CELESC DIST;1,7;1,514783;0;1,514783;1,469088
202603;08/03/2026;3;899351;PHB Industrial Textil Ltda;01/04/2025;44651;PHB TEXTIL CL 514;Consumidor Livre;PHB INDUSTRIA TEXTIL LIMITADA;12440143000101;BRUSQUE;SC;SUL;1936;CELESC DIST;1,7;1,514666;0;1,514666;1,468512
202603;08/03/2026;4;899351;PHB Industrial Textil Ltda;01/04/2025;44651;PHB TEXTIL CL 514;Consumidor Livre;PHB INDUSTRIA TEXTIL LIMITADA;12440143000101;BRUSQUE;SC;SUL;1936;CELESC DIST;1,7;1,515633;0;1,515633;1,469088
202603;08/03/2026;5;899351;PHB Industrial Textil Ltda;01/04/2025;44651;PHB TEXTIL CL 514;Consumidor Livre;PHB INDUSTRIA TEXTIL LIMITADA;12440143000101;BRUSQUE;SC;SUL;1936;CELESC DIST;1,7;1,515026;0;1,515026;1,469664
202603;08/03/2026;6;899351;PHB Industrial Textil Ltda;01/04/2025;44651;PHB TEXTIL CL 514;Consumidor Livre;PHB INDUSTRIA TEXTIL LIMITADA;12440143000101;BRUSQUE;SC;SUL;1936;CELESC DIST;1,7;1,518983;0;1,518983;1,471104
202603;08/03/2026;7;899351;PHB Industrial Textil Ltda;01/04/2025;44651;PHB TEXTIL CL 514;Consumidor Livre;PHB INDUSTRIA TEXTIL LIMITADA;12440143000101;BRUSQUE;SC;SUL;1936;CELESC DIST;1,7;1,51769;0;1,51769;1,471392
202603;08/03/2026;8;899351;PHB Industrial Textil Ltda;01/04/2025;44651;PHB TEXTIL CL 514;Consumidor Livre;PHB INDUSTRIA TEXTIL LIMITADA;12440143000101;BRUSQUE;SC;SUL;1936;CELESC DIST;1,7;1,508958;0;1,508958;1,465344
202603;08/03/2026;9;899351;PHB Industrial Textil Ltda;01/04/2025;44651;PHB TEXTIL CL 514;Consumidor Livre;PHB INDUSTRIA TEXTIL LIMITADA;12440143000101;BRUSQUE;SC;SUL;1936;CELESC DIST;1,7;1,501483;0;1,501483;1,459872
202603;08/03/2026;10;899351;PHB Industrial Textil Ltda;01/04/2025;44651;PHB TEXTIL CL 514;Consumidor Livre;PHB INDUSTRIA TEXTIL LIMITADA;12440143000101;BRUSQUE;SC;SUL;1936;CELESC DIST;1,7;1,464612;0;1,464612;1,44288
202603;08/03/2026;11;899351;PHB Industrial Textil Ltda;01/04/2025;44651;PHB TEXTIL CL 514;Consumidor Livre;PHB INDUSTRIA TEXTIL LIMITADA;12440143000101;BRUSQUE;SC;SUL;1936;CELESC DIST;1,7;1,482664;0;1,482664;1,462752
202603;08/03/2026;12;899351;PHB Industrial Textil Ltda;01/04/2025;44651;PHB TEXTIL CL 514;Consumidor Livre;PHB INDUSTRIA TEXTIL LIMITADA;12440143000101;BRUSQUE;SC;SUL;1936;CELESC DIST;1,7;1,48923;0;1,48923;1,461312
202603;08/03/2026;13;899351;PHB Industrial Textil Ltda;01/04/2025;44651;PHB TEXTIL CL 514;Consumidor Livre;PHB INDUSTRIA TEXTIL LIMITADA;12440143000101;BRUSQUE;SC;SUL;1936;CELESC DIST;1,7;1,484149;0;1,484149;1,446048
202603;08/03/2026;14;899351;PHB Industrial Textil Ltda;01/04/2025;44651;PHB TEXTIL CL 514;Consumidor Livre;PHB INDUSTRIA TEXTIL LIMITADA;12440143000101;BRUSQUE;SC;SUL;1936;CELESC DIST;1,7;1,515855;0;1,515855;1,466496
202603;08/03/2026;15;899351;PHB Industrial Textil Ltda;01/04/2025;44651;PHB TEXTIL CL 514;Consumidor Livre;PHB INDUSTRIA TEXTIL LIMITADA;12440143000101;BRUSQUE;SC;SUL;1936;CELESC DIST;1,7;1,524187;0;1,524187;1,467072
202603;08/03/2026;16;899351;PHB Industrial Textil Ltda;01/04/2025;44651;PHB TEXTIL CL 514;Consumidor Livre;PHB INDUSTRIA TEXTIL LIMITADA;12440143000101;BRUSQUE;SC;SUL;1936;CELESC DIST;1,7;1,524852;0;1,524852;1,469952
202603;08/03/2026;17;899351;PHB Industrial Textil Ltda;01/04/2025;44651;PHB TEXTIL CL 514;Consumidor Livre;PHB INDUSTRIA TEXTIL LIMITADA;12440143000101;BRUSQUE;SC;SUL;1936;CELESC DIST;1,7;1,525936;0;1,525936;1,474848
202603;08/03/2026;18;899351;PHB Industrial Textil Ltda;01/04/2025;44651;PHB TEXTIL CL 514;Consumidor Livre;PHB INDUSTRIA TEXTIL LIMITADA;12440143000101;BRUSQUE;SC;SUL;1936;CELESC DIST;1,7;1,519109;0;1,519109;1,469664
202603;08/03/2026;19;899351;PHB Industrial Textil Ltda;01/04/2025;44651;PHB TEXTIL CL 514;Consumidor Livre;PHB INDUSTRIA TEXTIL LIMITADA;12440143000101;BRUSQUE;SC;SUL;1936;CELESC DIST;1,7;1,513768;0;1,513768;1,466784
202603;08/03/2026;20;899351;PHB Industrial Textil Ltda;01/04/2025;44651;PHB TEXTIL CL 514;Consumidor Livre;PHB INDUSTRIA TEXTIL LIMITADA;12440143000101;BRUSQUE;SC;SUL;1936;CELESC DIST;1,7;1,517733;0;1,517733;1,471392
202603;08/03/2026;21;899351;PHB Industrial Textil Ltda;01/04/2025;44651;PHB TEXTIL CL 514;Consumidor Livre;PHB INDUSTRIA TEXTIL LIMITADA;12440143000101;BRUSQUE;SC;SUL;1936;CELESC DIST;1,7;1,528745;0;1,528745;1,481184
202603;08/03/2026;22;899351;PHB Industrial Textil Ltda;01/04/2025;44651;PHB TEXTIL CL 514;Consumidor Livre;PHB INDUSTRIA TEXTIL LIMITADA;12440143000101;BRUSQUE;SC;SUL;1936;CELESC DIST;1,7;1,572975;0;1,572975;1,52496
202603;08/03/2026;23;899351;PHB Industrial Textil Ltda;01/04/2025;44651;PHB TEXTIL CL 514;Consumidor Livre;PHB INDUSTRIA TEXTIL LIMITADA;12440143000101;BRUSQUE;SC;SUL;1936;CELESC DIST;1,7;1,580236;0;1,580236;1,533312
202603;09/03/2026;0;899351;PHB Industrial Textil Ltda;01/04/2025;44651;PHB TEXTIL CL 514;Consumidor Livre;PHB INDUSTRIA TEXTIL LIMITADA;12440143000101;BRUSQUE;SC;SUL;1936;CELESC DIST;1,7;1,580783;0;1,580783;1,533312
202603;09/03/2026;1;899351;PHB Industrial Textil Ltda;01/04/2025;44651;PHB TEXTIL CL 514;Consumidor Livre;PHB INDUSTRIA TEXTIL LIMITADA;12440143000101;BRUSQUE;SC;SUL;1936;CELESC DIST;1,7;1,580493;0;1,580493;1,531584
202603;09/03/2026;2;899351;PHB Industrial Textil Ltda;01/04/2025;44651;PHB TEXTIL CL 514;Consumidor Livre;PHB INDUSTRIA TEXTIL LIMITADA;12440143000101;BRUSQUE;SC;SUL;1936;CELESC DIST;1,7;1,57607;0;1,57607;1,5264
202603;09/03/2026;3;899351;PHB Industrial Textil Ltda;01/04/2025;44651;PHB TEXTIL CL 514;Consumidor Livre;PHB INDUSTRIA TEXTIL LIMITADA;12440143000101;BRUSQUE;SC;SUL;1936;CELESC DIST;1,7;1,578104;0;1,578104;1,527264
202603;09/03/2026;4;899351;PHB Industrial Textil Ltda;01/04/2025;44651;PHB TEXTIL CL 514;Consumidor Livre;PHB INDUSTRIA TEXTIL LIMITADA;12440143000101;BRUSQUE;SC;SUL;1936;CELESC DIST;1,7;1,582642;0;1,582642;1,531296
202603;09/03/2026;5;899351;PHB Industrial Textil Ltda;01/04/2025;44651;PHB TEXTIL CL 514;Consumidor Livre;PHB INDUSTRIA TEXTIL LIMITADA;12440143000101;BRUSQUE;SC;SUL;1936;CELESC DIST;1,7;1,578272;0;1,578272;1,526688
202603;09/03/2026;6;899351;PHB Industrial Textil Ltda;01/04/2025;44651;PHB TEXTIL CL 514;Consumidor Livre;PHB INDUSTRIA TEXTIL LIMITADA;12440143000101;BRUSQUE;SC;SUL;1936;CELESC DIST;1,7;1,576118;0;1,576118;1,52496
202603;09/03/2026;7;899351;PHB Industrial Textil Ltda;01/04/2025;44651;PHB TEXTIL CL 514;Consumidor Livre;PHB INDUSTRIA TEXTIL LIMITADA;12440143000101;BRUSQUE;SC;SUL;1936;CELESC DIST;1,7;1,576556;0;1,576556;1,52496
202603;09/03/2026;8;899351;PHB Industrial Textil Ltda;01/04/2025;44651;PHB TEXTIL CL 514;Consumidor Livre;PHB INDUSTRIA TEXTIL LIMITADA;12440143000101;BRUSQUE;SC;SUL;1936;CELESC DIST;1,7;1,581903;0;1,581903;1,53072
202603;09/03/2026;9;899351;PHB Industrial Textil Ltda;01/04/2025;44651;PHB TEXTIL CL 514;Consumidor Livre;PHB INDUSTRIA TEXTIL LIMITADA;12440143000101;BRUSQUE;SC;SUL;1936;CELESC DIST;1,7;1,582331;0;1,582331;1,530144
202603;09/03/2026;10;899351;PHB Industrial Textil Ltda;01/04/2025;44651;PHB TEXTIL CL 514;Consumidor Livre;PHB INDUSTRIA TEXTIL LIMITADA;12440143000101;BRUSQUE;SC;SUL;1936;CELESC DIST;1,7;1,577;0;1,577;1,521792
202603;09/03/2026;11;899351;PHB Industrial Textil Ltda;01/04/2025;44651;PHB TEXTIL CL 514;Consumidor Livre;PHB INDUSTRIA TEXTIL LIMITADA;12440143000101;BRUSQUE;SC;SUL;1936;CELESC DIST;1,7;1,5666;0;1,5666;1,509696
202603;09/03/2026;12;899351;PHB Industrial Textil Ltda;01/04/2025;44651;PHB TEXTIL CL 514;Consumidor Livre;PHB INDUSTRIA TEXTIL LIMITADA;12440143000101;BRUSQUE;SC;SUL;1936;CELESC DIST;1,7;1,580341;0;1,580341;1,523232
202603;09/03/2026;13;899351;PHB Industrial Textil Ltda;01/04/2025;44651;PHB TEXTIL CL 514;Consumidor Livre;PHB INDUSTRIA TEXTIL LIMITADA;12440143000101;BRUSQUE;SC;SUL;1936;CELESC DIST;1,7;1,573164;0;1,573164;1,51632
202603;09/03/2026;14;899351;PHB Industrial Textil Ltda;01/04/2025;44651;PHB TEXTIL CL 514;Consumidor Livre;PHB INDUSTRIA TEXTIL LIMITADA;12440143000101;BRUSQUE;SC;SUL;1936;CELESC DIST;1,7;1,580688;0;1,580688;1,525824
202603;09/03/2026;15;899351;PHB Industrial Textil Ltda;01/04/2025;44651;PHB TEXTIL CL 514;Consumidor Livre;PHB INDUSTRIA TEXTIL LIMITADA;12440143000101;BRUSQUE;SC;SUL;1936;CELESC DIST;1,7;1,580949;0;1,580949;1,529568
202603;09/03/2026;16;899351;PHB Industrial Textil Ltda;01/04/2025;44651;PHB TEXTIL CL 514;Consumidor Livre;PHB INDUSTRIA TEXTIL LIMITADA;12440143000101;BRUSQUE;SC;SUL;1936;CELESC DIST;1,7;1,582091;0;1,582091;1,5336
202603;09/03/2026;17;899351;PHB Industrial Textil Ltda;01/04/2025;44651;PHB TEXTIL CL 514;Consumidor Livre;PHB INDUSTRIA TEXTIL LIMITADA;12440143000101;BRUSQUE;SC;SUL;1936;CELESC DIST;1,7;1,58229;0;1,58229;1,533312
202603;09/03/2026;18;899351;PHB Industrial Textil Ltda;01/04/2025;44651;PHB TEXTIL CL 514;Consumidor Livre;PHB INDUSTRIA TEXTIL LIMITADA;12440143000101;BRUSQUE;SC;SUL;1936;CELESC DIST;1,7;1,577223;0;1,577223;1,531008
202603;09/03/2026;19;899351;PHB Industrial Textil Ltda;01/04/2025;44651;PHB TEXTIL CL 514;Consumidor Livre;PHB INDUSTRIA TEXTIL LIMITADA;12440143000101;BRUSQUE;SC;SUL;1936;CELESC DIST;1,7;1,574472;0;1,574472;1,529856
202603;09/03/2026;20;899351;PHB Industrial Textil Ltda;01/04/2025;44651;PHB TEXTIL CL 514;Consumidor Livre;PHB INDUSTRIA TEXTIL LIMITADA;12440143000101;BRUSQUE;SC;SUL;1936;CELESC DIST;1,7;1,573166;0;1,573166;1,528704
202603;09/03/2026;21;899351;PHB Industrial Textil Ltda;01/04/2025;44651;PHB TEXTIL CL 514;Consumidor Livre;PHB INDUSTRIA TEXTIL LIMITADA;12440143000101;BRUSQUE;SC;SUL;1936;CELESC DIST;1,7;1,565334;0;1,565334;1,5192
202603;09/03/2026;22;899351;PHB Industrial Textil Ltda;01/04/2025;44651;PHB TEXTIL CL 514;Consumidor Livre;PHB INDUSTRIA TEXTIL LIMITADA;12440143000101;BRUSQUE;SC;SUL;1936;CELESC DIST;1,7;1,406667;0;1,406667;1,365408
202603;09/03/2026;23;899351;PHB Industrial Textil Ltda;01/04/2025;44651;PHB TEXTIL CL 514;Consumidor Livre;PHB INDUSTRIA TEXTIL LIMITADA;12440143000101;BRUSQUE;SC;SUL;1936;CELESC DIST;1,7;1,398884;0;1,398884;1,356768
202603;10/03/2026;0;899351;PHB Industrial Textil Ltda;01/04/2025;44651;PHB TEXTIL CL 514;Consumidor Livre;PHB INDUSTRIA TEXTIL LIMITADA;12440143000101;BRUSQUE;SC;SUL;1936;CELESC DIST;1,7;1,407185;0;1,407185;1,363104
202603;10/03/2026;1;899351;PHB Industrial Textil Ltda;01/04/2025;44651;PHB TEXTIL CL 514;Consumidor Livre;PHB INDUSTRIA TEXTIL LIMITADA;12440143000101;BRUSQUE;SC;SUL;1936;CELESC DIST;1,7;1,405551;0;1,405551;1,360512
202603;10/03/2026;2;899351;PHB Industrial Textil Ltda;01/04/2025;44651;PHB TEXTIL CL 514;Consumidor Livre;PHB INDUSTRIA TEXTIL LIMITADA;12440143000101;BRUSQUE;SC;SUL;1936;CELESC DIST;1,7;1,409353;0;1,409353;1,36368
202603;10/03/2026;3;899351;PHB Industrial Textil Ltda;01/04/2025;44651;PHB TEXTIL CL 514;Consumidor Livre;PHB INDUSTRIA TEXTIL LIMITADA;12440143000101;BRUSQUE;SC;SUL;1936;CELESC DIST;1,7;1,406048;0;1,406048;1,359936
202603;10/03/2026;4;899351;PHB Industrial Textil Ltda;01/04/2025;44651;PHB TEXTIL CL 514;Consumidor Livre;PHB INDUSTRIA TEXTIL LIMITADA;12440143000101;BRUSQUE;SC;SUL;1936;CELESC DIST;1,7;1,408074;0;1,408074;1,361664
202603;10/03/2026;5;899351;PHB Industrial Textil Ltda;01/04/2025;44651;PHB TEXTIL CL 514;Consumidor Livre;PHB INDUSTRIA TEXTIL LIMITADA;12440143000101;BRUSQUE;SC;SUL;1936;CELESC DIST;1,7;1,400715;0;1,400715;1,3536
202603;10/03/2026;6;899351;PHB Industrial Textil Ltda;01/04/2025;44651;PHB TEXTIL CL 514;Consumidor Livre;PHB INDUSTRIA TEXTIL LIMITADA;12440143000101;BRUSQUE;SC;SUL;1936;CELESC DIST;1,7;1,390283;0;1,390283;1,342944
202603;10/03/2026;7;899351;PHB Industrial Textil Ltda;01/04/2025;44651;PHB TEXTIL CL 514;Consumidor Livre;PHB INDUSTRIA TEXTIL LIMITADA;12440143000101;BRUSQUE;SC;SUL;1936;CELESC DIST;1,7;1,390321;0;1,390321;1,344672
202603;10/03/2026;8;899351;PHB Industrial Textil Ltda;01/04/2025;44651;PHB TEXTIL CL 514;Consumidor Livre;PHB INDUSTRIA TEXTIL LIMITADA;12440143000101;BRUSQUE;SC;SUL;1936;CELESC DIST;1,7;1,389132;0;1,389132;1,344384
202603;10/03/2026;9;899351;PHB Industrial Textil Ltda;01/04/2025;44651;PHB TEXTIL CL 514;Consumidor Livre;PHB INDUSTRIA TEXTIL LIMITADA;12440143000101;BRUSQUE;SC;SUL;1936;CELESC DIST;1,7;1,393275;0;1,393275;1,350432
202603;10/03/2026;10;899351;PHB Industrial Textil Ltda;01/04/2025;44651;PHB TEXTIL CL 514;Consumidor Livre;PHB INDUSTRIA TEXTIL LIMITADA;12440143000101;BRUSQUE;SC;SUL;1936;CELESC DIST;1,7;1,37086;0;1,37086;1,331424
202603;10/03/2026;11;899351;PHB Industrial Textil Ltda;01/04/2025;44651;PHB TEXTIL CL 514;Consumidor Livre;PHB INDUSTRIA TEXTIL LIMITADA;12440143000101;BRUSQUE;SC;SUL;1936;CELESC DIST;1,7;1,364283;0;1,364283;1,325088
202603;10/03/2026;12;899351;PHB Industrial Textil Ltda;01/04/2025;44651;PHB TEXTIL CL 514;Consumidor Livre;PHB INDUSTRIA TEXTIL LIMITADA;12440143000101;BRUSQUE;SC;SUL;1936;CELESC DIST;1,7;1,366248;0;1,366248;1,329696
202603;10/03/2026;13;899351;PHB Industrial Textil Ltda;01/04/2025;44651;PHB TEXTIL CL 514;Consumidor Livre;PHB INDUSTRIA TEXTIL LIMITADA;12440143000101;BRUSQUE;SC;SUL;1936;CELESC DIST;1,7;1,371683;0;1,371683;1,33056
202603;10/03/2026;14;899351;PHB Industrial Textil Ltda;01/04/2025;44651;PHB TEXTIL CL 514;Consumidor Livre;PHB INDUSTRIA TEXTIL LIMITADA;12440143000101;BRUSQUE;SC;SUL;1936;CELESC DIST;1,7;1,383015;0;1,383015;1,336608
202603;10/03/2026;15;899351;PHB Industrial Textil Ltda;01/04/2025;44651;PHB TEXTIL CL 514;Consumidor Livre;PHB INDUSTRIA TEXTIL LIMITADA;12440143000101;BRUSQUE;SC;SUL;1936;CELESC DIST;1,7;1,385775;0;1,385775;1,338336
202603;10/03/2026;16;899351;PHB Industrial Textil Ltda;01/04/2025;44651;PHB TEXTIL CL 514;Consumidor Livre;PHB INDUSTRIA TEXTIL LIMITADA;12440143000101;BRUSQUE;SC;SUL;1936;CELESC DIST;1,7;1,3818;0;1,3818;1,336032
202603;10/03/2026;17;899351;PHB Industrial Textil Ltda;01/04/2025;44651;PHB TEXTIL CL 514;Consumidor Livre;PHB INDUSTRIA TEXTIL LIMITADA;12440143000101;BRUSQUE;SC;SUL;1936;CELESC DIST;1,7;1,381026;0;1,381026;1,33776
202603;10/03/2026;18;899351;PHB Industrial Textil Ltda;01/04/2025;44651;PHB TEXTIL CL 514;Consumidor Livre;PHB INDUSTRIA TEXTIL LIMITADA;12440143000101;BRUSQUE;SC;SUL;1936;CELESC DIST;1,7;1,378754;0;1,378754;1,336032
202603;10/03/2026;19;899351;PHB Industrial Textil Ltda;01/04/2025;44651;PHB TEXTIL CL 514;Consumidor Livre;PHB INDUSTRIA TEXTIL LIMITADA;12440143000101;BRUSQUE;SC;SUL;1936;CELESC DIST;1,7;1,377008;0;1,377008;1,335168
202603;10/03/2026;20;899351;PHB Industrial Textil Ltda;01/04/2025;44651;PHB TEXTIL CL 514;Consumidor Livre;PHB INDUSTRIA TEXTIL LIMITADA;12440143000101;BRUSQUE;SC;SUL;1936;CELESC DIST;1,7;1,369737;0;1,369737;1,328544
202603;10/03/2026;21;899351;PHB Industrial Textil Ltda;01/04/2025;44651;PHB TEXTIL CL 514;Consumidor Livre;PHB INDUSTRIA TEXTIL LIMITADA;12440143000101;BRUSQUE;SC;SUL;1936;CELESC DIST;1,7;1,375987;0;1,375987;1,335744
202603;10/03/2026;22;899351;PHB Industrial Textil Ltda;01/04/2025;44651;PHB TEXTIL CL 514;Consumidor Livre;PHB INDUSTRIA TEXTIL LIMITADA;12440143000101;BRUSQUE;SC;SUL;1936;CELESC DIST;1,7;1,375017;0;1,375017;1,334304
202603;10/03/2026;23;899351;PHB Industrial Textil Ltda;01/04/2025;44651;PHB TEXTIL CL 514;Consumidor Livre;PHB INDUSTRIA TEXTIL LIMITADA;12440143000101;BRUSQUE;SC;SUL;1936;CELESC DIST;1,7;1,380225;0;1,380225;1,340352
202603;11/03/2026;0;899351;PHB Industrial Textil Ltda;01/04/2025;44651;PHB TEXTIL CL 514;Consumidor Livre;PHB INDUSTRIA TEXTIL LIMITADA;12440143000101;BRUSQUE;SC;SUL;1936;CELESC DIST;1,7;1,374723;0;1,374723;1,33344
202603;11/03/2026;1;899351;PHB Industrial Textil Ltda;01/04/2025;44651;PHB TEXTIL CL 514;Consumidor Livre;PHB INDUSTRIA TEXTIL LIMITADA;12440143000101;BRUSQUE;SC;SUL;1936;CELESC DIST;1,7;1,371845;0;1,371845;1,329408
202603;11/03/2026;2;899351;PHB Industrial Textil Ltda;01/04/2025;44651;PHB TEXTIL CL 514;Consumidor Livre;PHB INDUSTRIA TEXTIL LIMITADA;12440143000101;BRUSQUE;SC;SUL;1936;CELESC DIST;1,7;1,374682;0;1,374682;1,331712
202603;11/03/2026;3;899351;PHB Industrial Textil Ltda;01/04/2025;44651;PHB TEXTIL CL 514;Consumidor Livre;PHB INDUSTRIA TEXTIL LIMITADA;12440143000101;BRUSQUE;SC;SUL;1936;CELESC DIST;1,7;1,370308;0;1,370308;1,32624
202603;11/03/2026;4;899351;PHB Industrial Textil Ltda;01/04/2025;44651;PHB TEXTIL CL 514;Consumidor Livre;PHB INDUSTRIA TEXTIL LIMITADA;12440143000101;BRUSQUE;SC;SUL;1936;CELESC DIST;1,7;1,373608;0;1,373608;1,328256
202603;11/03/2026;5;899351;PHB Industrial Textil Ltda;01/04/2025;44651;PHB TEXTIL CL 514;Consumidor Livre;PHB INDUSTRIA TEXTIL LIMITADA;12440143000101;BRUSQUE;SC;SUL;1936;CELESC DIST;1,7;1,360214;0;1,360214;1,313568
202603;11/03/2026;6;899351;PHB Industrial Textil Ltda;01/04/2025;44651;PHB TEXTIL CL 514;Consumidor Livre;PHB INDUSTRIA TEXTIL LIMITADA;12440143000101;BRUSQUE;SC;SUL;1936;CELESC DIST;1,7;1,357737;0;1,357737;1,31184
202603;11/03/2026;7;899351;PHB Industrial Textil Ltda;01/04/2025;44651;PHB TEXTIL CL 514;Consumidor Livre;PHB INDUSTRIA TEXTIL LIMITADA;12440143000101;BRUSQUE;SC;SUL;1936;CELESC DIST;1,7;1,364189;0;1,364189;1,3176
202603;11/03/2026;8;899351;PHB Industrial Textil Ltda;01/04/2025;44651;PHB TEXTIL CL 514;Consumidor Livre;PHB INDUSTRIA TEXTIL LIMITADA;12440143000101;BRUSQUE;SC;SUL;1936;CELESC DIST;1,7;1,356671;0;1,356671;1,31328
202603;11/03/2026;9;899351;PHB Industrial Textil Ltda;01/04/2025;44651;PHB TEXTIL CL 514;Consumidor Livre;PHB INDUSTRIA TEXTIL LIMITADA;12440143000101;BRUSQUE;SC;SUL;1936;CELESC DIST;1,7;1,349494;0;1,349494;1,304928
202603;11/03/2026;10;899351;PHB Industrial Textil Ltda;01/04/2025;44651;PHB TEXTIL CL 514;Consumidor Livre;PHB INDUSTRIA TEXTIL LIMITADA;12440143000101;BRUSQUE;SC;SUL;1936;CELESC DIST;1,7;1,356093;0;1,356093;1,31184
202603;11/03/2026;11;899351;PHB Industrial Textil Ltda;01/04/2025;44651;PHB TEXTIL CL 514;Consumidor Livre;PHB INDUSTRIA TEXTIL LIMITADA;12440143000101;BRUSQUE;SC;SUL;1936;CELESC DIST;1,7;1,333982;0;1,333982;1,292544
202603;11/03/2026;12;899351;PHB Industrial Textil Ltda;01/04/2025;44651;PHB TEXTIL CL 514;Consumidor Livre;PHB INDUSTRIA TEXTIL LIMITADA;12440143000101;BRUSQUE;SC;SUL;1936;CELESC DIST;1,7;1,242976;0;1,242976;1,205568
202603;11/03/2026;13;899351;PHB Industrial Textil Ltda;01/04/2025;44651;PHB TEXTIL CL 514;Consumidor Livre;PHB INDUSTRIA TEXTIL LIMITADA;12440143000101;BRUSQUE;SC;SUL;1936;CELESC DIST;1,7;1,247798;0;1,247798;1,207584
202603;11/03/2026;14;899351;PHB Industrial Textil Ltda;01/04/2025;44651;PHB TEXTIL CL 514;Consumidor Livre;PHB INDUSTRIA TEXTIL LIMITADA;12440143000101;BRUSQUE;SC;SUL;1936;CELESC DIST;1,7;1,35881;0;1,35881;1,31184
202603;11/03/2026;15;899351;PHB Industrial Textil Ltda;01/04/2025;44651;PHB TEXTIL CL 514;Consumidor Livre;PHB INDUSTRIA TEXTIL LIMITADA;12440143000101;BRUSQUE;SC;SUL;1936;CELESC DIST;1,7;1,379695;0;1,379695;1,331712
202603;11/03/2026;16;899351;PHB Industrial Textil Ltda;01/04/2025;44651;PHB TEXTIL CL 514;Consumidor Livre;PHB INDUSTRIA TEXTIL LIMITADA;12440143000101;BRUSQUE;SC;SUL;1936;CELESC DIST;1,7;1,382754;0;1,382754;1,338048
202603;11/03/2026;17;899351;PHB Industrial Textil Ltda;01/04/2025;44651;PHB TEXTIL CL 514;Consumidor Livre;PHB INDUSTRIA TEXTIL LIMITADA;12440143000101;BRUSQUE;SC;SUL;1936;CELESC DIST;1,7;1,375296;0;1,375296;1,334592
202603;11/03/2026;18;899351;PHB Industrial Textil Ltda;01/04/2025;44651;PHB TEXTIL CL 514;Consumidor Livre;PHB INDUSTRIA TEXTIL LIMITADA;12440143000101;BRUSQUE;SC;SUL;1936;CELESC DIST;1,7;1,371997;0;1,371997;1,33056
202603;11/03/2026;19;899351;PHB Industrial Textil Ltda;01/04/2025;44651;PHB TEXTIL CL 514;Consumidor Livre;PHB INDUSTRIA TEXTIL LIMITADA;12440143000101;BRUSQUE;SC;SUL;1936;CELESC DIST;1,7;1,374178;0;1,374178;1,332
202603;11/03/2026;20;899351;PHB Industrial Textil Ltda;01/04/2025;44651;PHB TEXTIL CL 514;Consumidor Livre;PHB INDUSTRIA TEXTIL LIMITADA;12440143000101;BRUSQUE;SC;SUL;1936;CELESC DIST;1,7;1,368879;0;1,368879;1,327392
202603;11/03/2026;21;899351;PHB Industrial Textil Ltda;01/04/2025;44651;PHB TEXTIL CL 514;Consumidor Livre;PHB INDUSTRIA TEXTIL LIMITADA;12440143000101;BRUSQUE;SC;SUL;1936;CELESC DIST;1,7;1,375425;0;1,375425;1,334592
202603;11/03/2026;22;899351;PHB Industrial Textil Ltda;01/04/2025;44651;PHB TEXTIL CL 514;Consumidor Livre;PHB INDUSTRIA TEXTIL LIMITADA;12440143000101;BRUSQUE;SC;SUL;1936;CELESC DIST;1,7;1,377924;0;1,377924;1,336608
202603;11/03/2026;23;899351;PHB Industrial Textil Ltda;01/04/2025;44651;PHB TEXTIL CL 514;Consumidor Livre;PHB INDUSTRIA TEXTIL LIMITADA;12440143000101;BRUSQUE;SC;SUL;1936;CELESC DIST;1,7;1,366956;0;1,366956;1,326528
202603;12/03/2026;0;899351;PHB Industrial Textil Ltda;01/04/2025;44651;PHB TEXTIL CL 514;Consumidor Livre;PHB INDUSTRIA TEXTIL LIMITADA;12440143000101;BRUSQUE;SC;SUL;1936;CELESC DIST;1,7;1,371376;0;1,371376;1,329408
202603;12/03/2026;1;899351;PHB Industrial Textil Ltda;01/04/2025;44651;PHB TEXTIL CL 514;Consumidor Livre;PHB INDUSTRIA TEXTIL LIMITADA;12440143000101;BRUSQUE;SC;SUL;1936;CELESC DIST;1,7;1,373629;0;1,373629;1,330848
202603;12/03/2026;2;899351;PHB Industrial Textil Ltda;01/04/2025;44651;PHB TEXTIL CL 514;Consumidor Livre;PHB INDUSTRIA TEXTIL LIMITADA;12440143000101;BRUSQUE;SC;SUL;1936;CELESC DIST;1,7;1,364692;0;1,364692;1,320192
202603;12/03/2026;3;899351;PHB Industrial Textil Ltda;01/04/2025;44651;PHB TEXTIL CL 514;Consumidor Livre;PHB INDUSTRIA TEXTIL LIMITADA;12440143000101;BRUSQUE;SC;SUL;1936;CELESC DIST;1,7;1,370485;0;1,370485;1,323648
202603;12/03/2026;4;899351;PHB Industrial Textil Ltda;01/04/2025;44651;PHB TEXTIL CL 514;Consumidor Livre;PHB INDUSTRIA TEXTIL LIMITADA;12440143000101;BRUSQUE;SC;SUL;1936;CELESC DIST;1,7;1,313876;0;1,313876;1,267776
202603;12/03/2026;5;899351;PHB Industrial Textil Ltda;01/04/2025;44651;PHB TEXTIL CL 514;Consumidor Livre;PHB INDUSTRIA TEXTIL LIMITADA;12440143000101;BRUSQUE;SC;SUL;1936;CELESC DIST;1,7;1,089309;0;1,089309;1,049184
202603;12/03/2026;6;899351;PHB Industrial Textil Ltda;01/04/2025;44651;PHB TEXTIL CL 514;Consumidor Livre;PHB INDUSTRIA TEXTIL LIMITADA;12440143000101;BRUSQUE;SC;SUL;1936;CELESC DIST;1,7;1,128583;0;1,128583;1,086624
202603;12/03/2026;7;899351;PHB Industrial Textil Ltda;01/04/2025;44651;PHB TEXTIL CL 514;Consumidor Livre;PHB INDUSTRIA TEXTIL LIMITADA;12440143000101;BRUSQUE;SC;SUL;1936;CELESC DIST;1,7;1,137053;0;1,137053;1,093824
202603;12/03/2026;8;899351;PHB Industrial Textil Ltda;01/04/2025;44651;PHB TEXTIL CL 514;Consumidor Livre;PHB INDUSTRIA TEXTIL LIMITADA;12440143000101;BRUSQUE;SC;SUL;1936;CELESC DIST;1,7;1,096476;0;1,096476;1,056384
202603;12/03/2026;9;899351;PHB Industrial Textil Ltda;01/04/2025;44651;PHB TEXTIL CL 514;Consumidor Livre;PHB INDUSTRIA TEXTIL LIMITADA;12440143000101;BRUSQUE;SC;SUL;1936;CELESC DIST;1,7;1,081016;0;1,081016;1,040832
202603;12/03/2026;10;899351;PHB Industrial Textil Ltda;01/04/2025;44651;PHB TEXTIL CL 514;Consumidor Livre;PHB INDUSTRIA TEXTIL LIMITADA;12440143000101;BRUSQUE;SC;SUL;1936;CELESC DIST;1,7;1,082593;0;1,082593;1,043712
202603;12/03/2026;11;899351;PHB Industrial Textil Ltda;01/04/2025;44651;PHB TEXTIL CL 514;Consumidor Livre;PHB INDUSTRIA TEXTIL LIMITADA;12440143000101;BRUSQUE;SC;SUL;1936;CELESC DIST;1,7;1,219996;0;1,219996;1,177344
202603;12/03/2026;12;899351;PHB Industrial Textil Ltda;01/04/2025;44651;PHB TEXTIL CL 514;Consumidor Livre;PHB INDUSTRIA TEXTIL LIMITADA;12440143000101;BRUSQUE;SC;SUL;1936;CELESC DIST;1,7;1,359553;0;1,359553;1,314432
202603;12/03/2026;13;899351;PHB Industrial Textil Ltda;01/04/2025;44651;PHB TEXTIL CL 514;Consumidor Livre;PHB INDUSTRIA TEXTIL LIMITADA;12440143000101;BRUSQUE;SC;SUL;1936;CELESC DIST;1,7;1,372623;0;1,372623;1,321632
202603;12/03/2026;14;899351;PHB Industrial Textil Ltda;01/04/2025;44651;PHB TEXTIL CL 514;Consumidor Livre;PHB INDUSTRIA TEXTIL LIMITADA;12440143000101;BRUSQUE;SC;SUL;1936;CELESC DIST;1,7;1,377554;0;1,377554;1,324224
202603;12/03/2026;15;899351;PHB Industrial Textil Ltda;01/04/2025;44651;PHB TEXTIL CL 514;Consumidor Livre;PHB INDUSTRIA TEXTIL LIMITADA;12440143000101;BRUSQUE;SC;SUL;1936;CELESC DIST;1,7;1,373747;0;1,373747;1,321632
202603;12/03/2026;16;899351;PHB Industrial Textil Ltda;01/04/2025;44651;PHB TEXTIL CL 514;Consumidor Livre;PHB INDUSTRIA TEXTIL LIMITADA;12440143000101;BRUSQUE;SC;SUL;1936;CELESC DIST;1,7;1,381069;0;1,381069;1,332864
202603;12/03/2026;17;899351;PHB Industrial Textil Ltda;01/04/2025;44651;PHB TEXTIL CL 514;Consumidor Livre;PHB INDUSTRIA TEXTIL LIMITADA;12440143000101;BRUSQUE;SC;SUL;1936;CELESC DIST;1,7;1,362232;0;1,362232;1,317888
202603;12/03/2026;18;899351;PHB Industrial Textil Ltda;01/04/2025;44651;PHB TEXTIL CL 514;Consumidor Livre;PHB INDUSTRIA TEXTIL LIMITADA;12440143000101;BRUSQUE;SC;SUL;1936;CELESC DIST;1,7;1,35799;0;1,35799;1,315008
202603;12/03/2026;19;899351;PHB Industrial Textil Ltda;01/04/2025;44651;PHB TEXTIL CL 514;Consumidor Livre;PHB INDUSTRIA TEXTIL LIMITADA;12440143000101;BRUSQUE;SC;SUL;1936;CELESC DIST;1,7;1,365788;0;1,365788;1,32336
202603;12/03/2026;20;899351;PHB Industrial Textil Ltda;01/04/2025;44651;PHB TEXTIL CL 514;Consumidor Livre;PHB INDUSTRIA TEXTIL LIMITADA;12440143000101;BRUSQUE;SC;SUL;1936;CELESC DIST;1,7;1,362518;0;1,362518;1,32192
202603;12/03/2026;21;899351;PHB Industrial Textil Ltda;01/04/2025;44651;PHB TEXTIL CL 514;Consumidor Livre;PHB INDUSTRIA TEXTIL LIMITADA;12440143000101;BRUSQUE;SC;SUL;1936;CELESC DIST;1,7;1,366727;0;1,366727;1,327104
202603;12/03/2026;22;899351;PHB Industrial Textil Ltda;01/04/2025;44651;PHB TEXTIL CL 514;Consumidor Livre;PHB INDUSTRIA TEXTIL LIMITADA;12440143000101;BRUSQUE;SC;SUL;1936;CELESC DIST;1,7;1,375041;0;1,375041;1,335456
202603;12/03/2026;23;899351;PHB Industrial Textil Ltda;01/04/2025;44651;PHB TEXTIL CL 514;Consumidor Livre;PHB INDUSTRIA TEXTIL LIMITADA;12440143000101;BRUSQUE;SC;SUL;1936;CELESC DIST;1,7;1,371152;0;1,371152;1,331712
202603;13/03/2026;0;899351;PHB Industrial Textil Ltda;01/04/2025;44651;PHB TEXTIL CL 514;Consumidor Livre;PHB INDUSTRIA TEXTIL LIMITADA;12440143000101;BRUSQUE;SC;SUL;1936;CELESC DIST;1,7;1,372707;0;1,372707;1,331136
202603;13/03/2026;1;899351;PHB Industrial Textil Ltda;01/04/2025;44651;PHB TEXTIL CL 514;Consumidor Livre;PHB INDUSTRIA TEXTIL LIMITADA;12440143000101;BRUSQUE;SC;SUL;1936;CELESC DIST;1,7;1,366451;0;1,366451;1,32336
202603;13/03/2026;2;899351;PHB Industrial Textil Ltda;01/04/2025;44651;PHB TEXTIL CL 514;Consumidor Livre;PHB INDUSTRIA TEXTIL LIMITADA;12440143000101;BRUSQUE;SC;SUL;1936;CELESC DIST;1,7;1,374027;0;1,374027;1,329408
202603;13/03/2026;3;899351;PHB Industrial Textil Ltda;01/04/2025;44651;PHB TEXTIL CL 514;Consumidor Livre;PHB INDUSTRIA TEXTIL LIMITADA;12440143000101;BRUSQUE;SC;SUL;1936;CELESC DIST;1,7;1,36783;0;1,36783;1,322784
202603;13/03/2026;4;899351;PHB Industrial Textil Ltda;01/04/2025;44651;PHB TEXTIL CL 514;Consumidor Livre;PHB INDUSTRIA TEXTIL LIMITADA;12440143000101;BRUSQUE;SC;SUL;1936;CELESC DIST;1,7;1,370366;0;1,370366;1,3248
202603;13/03/2026;5;899351;PHB Industrial Textil Ltda;01/04/2025;44651;PHB TEXTIL CL 514;Consumidor Livre;PHB INDUSTRIA TEXTIL LIMITADA;12440143000101;BRUSQUE;SC;SUL;1936;CELESC DIST;1,7;1,366466;0;1,366466;1,321344
202603;13/03/2026;6;899351;PHB Industrial Textil Ltda;01/04/2025;44651;PHB TEXTIL CL 514;Consumidor Livre;PHB INDUSTRIA TEXTIL LIMITADA;12440143000101;BRUSQUE;SC;SUL;1936;CELESC DIST;1,7;1,341937;0;1,341937;1,297728
202603;13/03/2026;7;899351;PHB Industrial Textil Ltda;01/04/2025;44651;PHB TEXTIL CL 514;Consumidor Livre;PHB INDUSTRIA TEXTIL LIMITADA;12440143000101;BRUSQUE;SC;SUL;1936;CELESC DIST;1,7;1,367538;0;1,367538;1,321632
202603;13/03/2026;8;899351;PHB Industrial Textil Ltda;01/04/2025;44651;PHB TEXTIL CL 514;Consumidor Livre;PHB INDUSTRIA TEXTIL LIMITADA;12440143000101;BRUSQUE;SC;SUL;1936;CELESC DIST;1,7;1,336747;0;1,336747;1,290816
202603;13/03/2026;9;899351;PHB Industrial Textil Ltda;01/04/2025;44651;PHB TEXTIL CL 514;Consumidor Livre;PHB INDUSTRIA TEXTIL LIMITADA;12440143000101;BRUSQUE;SC;SUL;1936;CELESC DIST;1,7;1,351803;0;1,351803;1,30608
202603;13/03/2026;10;899351;PHB Industrial Textil Ltda;01/04/2025;44651;PHB TEXTIL CL 514;Consumidor Livre;PHB INDUSTRIA TEXTIL LIMITADA;12440143000101;BRUSQUE;SC;SUL;1936;CELESC DIST;1,7;1,358936;0;1,358936;1,312992
202603;13/03/2026;11;899351;PHB Industrial Textil Ltda;01/04/2025;44651;PHB TEXTIL CL 514;Consumidor Livre;PHB INDUSTRIA TEXTIL LIMITADA;12440143000101;BRUSQUE;SC;SUL;1936;CELESC DIST;1,7;1,365663;0;1,365663;1,322208
202603;13/03/2026;12;899351;PHB Industrial Textil Ltda;01/04/2025;44651;PHB TEXTIL CL 514;Consumidor Livre;PHB INDUSTRIA TEXTIL LIMITADA;12440143000101;BRUSQUE;SC;SUL;1936;CELESC DIST;1,7;1,359918;0;1,359918;1,321344
202603;13/03/2026;13;899351;PHB Industrial Textil Ltda;01/04/2025;44651;PHB TEXTIL CL 514;Consumidor Livre;PHB INDUSTRIA TEXTIL LIMITADA;12440143000101;BRUSQUE;SC;SUL;1936;CELESC DIST;1,7;1,338093;0;1,338093;1,294272
202603;13/03/2026;14;899351;PHB Industrial Textil Ltda;01/04/2025;44651;PHB TEXTIL CL 514;Consumidor Livre;PHB INDUSTRIA TEXTIL LIMITADA;12440143000101;BRUSQUE;SC;SUL;1936;CELESC DIST;1,7;1,375461;0;1,375461;1,327104
202603;13/03/2026;15;899351;PHB Industrial Textil Ltda;01/04/2025;44651;PHB TEXTIL CL 514;Consumidor Livre;PHB INDUSTRIA TEXTIL LIMITADA;12440143000101;BRUSQUE;SC;SUL;1936;CELESC DIST;1,7;1,376316;0;1,376316;1,32768
202603;13/03/2026;16;899351;PHB Industrial Textil Ltda;01/04/2025;44651;PHB TEXTIL CL 514;Consumidor Livre;PHB INDUSTRIA TEXTIL LIMITADA;12440143000101;BRUSQUE;SC;SUL;1936;CELESC DIST;1,7;1,368827;0;1,368827;1,32336
202603;13/03/2026;17;899351;PHB Industrial Textil Ltda;01/04/2025;44651;PHB TEXTIL CL 514;Consumidor Livre;PHB INDUSTRIA TEXTIL LIMITADA;12440143000101;BRUSQUE;SC;SUL;1936;CELESC DIST;1,7;1,365545;0;1,365545;1,32336
202603;13/03/2026;18;899351;PHB Industrial Textil Ltda;01/04/2025;44651;PHB TEXTIL CL 514;Consumidor Livre;PHB INDUSTRIA TEXTIL LIMITADA;12440143000101;BRUSQUE;SC;SUL;1936;CELESC DIST;1,7;1,363739;0;1,363739;1,323648
202603;13/03/2026;19;899351;PHB Industrial Textil Ltda;01/04/2025;44651;PHB TEXTIL CL 514;Consumidor Livre;PHB INDUSTRIA TEXTIL LIMITADA;12440143000101;BRUSQUE;SC;SUL;1936;CELESC DIST;1,7;1,355417;0;1,355417;1,3176
202603;13/03/2026;20;899351;PHB Industrial Textil Ltda;01/04/2025;44651;PHB TEXTIL CL 514;Consumidor Livre;PHB INDUSTRIA TEXTIL LIMITADA;12440143000101;BRUSQUE;SC;SUL;1936;CELESC DIST;1,7;1,35901;0;1,35901;1,32048
202603;13/03/2026;21;899351;PHB Industrial Textil Ltda;01/04/2025;44651;PHB TEXTIL CL 514;Consumidor Livre;PHB INDUSTRIA TEXTIL LIMITADA;12440143000101;BRUSQUE;SC;SUL;1936;CELESC DIST;1,7;1,355823;0;1,355823;1,315872
202603;13/03/2026;22;899351;PHB Industrial Textil Ltda;01/04/2025;44651;PHB TEXTIL CL 514;Consumidor Livre;PHB INDUSTRIA TEXTIL LIMITADA;12440143000101;BRUSQUE;SC;SUL;1936;CELESC DIST;1,7;1,357079;0;1,357079;1,3176
202603;13/03/2026;23;899351;PHB Industrial Textil Ltda;01/04/2025;44651;PHB TEXTIL CL 514;Consumidor Livre;PHB INDUSTRIA TEXTIL LIMITADA;12440143000101;BRUSQUE;SC;SUL;1936;CELESC DIST;1,7;1,357284;0;1,357284;1,3176
202603;14/03/2026;0;899351;PHB Industrial Textil Ltda;01/04/2025;44651;PHB TEXTIL CL 514;Consumidor Livre;PHB INDUSTRIA TEXTIL LIMITADA;12440143000101;BRUSQUE;SC;SUL;1936;CELESC DIST;1,7;1,358025;0;1,358025;1,316736
202603;14/03/2026;1;899351;PHB Industrial Textil Ltda;01/04/2025;44651;PHB TEXTIL CL 514;Consumidor Livre;PHB INDUSTRIA TEXTIL LIMITADA;12440143000101;BRUSQUE;SC;SUL;1936;CELESC DIST;1,7;1,359835;0;1,359835;1,31616
202603;14/03/2026;2;899351;PHB Industrial Textil Ltda;01/04/2025;44651;PHB TEXTIL CL 514;Consumidor Livre;PHB INDUSTRIA TEXTIL LIMITADA;12440143000101;BRUSQUE;SC;SUL;1936;CELESC DIST;1,7;1,367294;0;1,367294;1,321632
202603;14/03/2026;3;899351;PHB Industrial Textil Ltda;01/04/2025;44651;PHB TEXTIL CL 514;Consumidor Livre;PHB INDUSTRIA TEXTIL LIMITADA;12440143000101;BRUSQUE;SC;SUL;1936;CELESC DIST;1,7;1,361685;0;1,361685;1,315584
202603;14/03/2026;4;899351;PHB Industrial Textil Ltda;01/04/2025;44651;PHB TEXTIL CL 514;Consumidor Livre;PHB INDUSTRIA TEXTIL LIMITADA;12440143000101;BRUSQUE;SC;SUL;1936;CELESC DIST;1,7;1,360014;0;1,360014;1,31328
202603;14/03/2026;5;899351;PHB Industrial Textil Ltda;01/04/2025;44651;PHB TEXTIL CL 514;Consumidor Livre;PHB INDUSTRIA TEXTIL LIMITADA;12440143000101;BRUSQUE;SC;SUL;1936;CELESC DIST;1,7;1,349892;0;1,349892;1,303776
202603;14/03/2026;6;899351;PHB Industrial Textil Ltda;01/04/2025;44651;PHB TEXTIL CL 514;Consumidor Livre;PHB INDUSTRIA TEXTIL LIMITADA;12440143000101;BRUSQUE;SC;SUL;1936;CELESC DIST;1,7;1,341928;0;1,341928;1,298016
202603;14/03/2026;7;899351;PHB Industrial Textil Ltda;01/04/2025;44651;PHB TEXTIL CL 514;Consumidor Livre;PHB INDUSTRIA TEXTIL LIMITADA;12440143000101;BRUSQUE;SC;SUL;1936;CELESC DIST;1,7;1,335766;0;1,335766;1,293984
202603;14/03/2026;8;899351;PHB Industrial Textil Ltda;01/04/2025;44651;PHB TEXTIL CL 514;Consumidor Livre;PHB INDUSTRIA TEXTIL LIMITADA;12440143000101;BRUSQUE;SC;SUL;1936;CELESC DIST;1,7;1,337655;0;1,337655;1,296864
202603;14/03/2026;9;899351;PHB Industrial Textil Ltda;01/04/2025;44651;PHB TEXTIL CL 514;Consumidor Livre;PHB INDUSTRIA TEXTIL LIMITADA;12440143000101;BRUSQUE;SC;SUL;1936;CELESC DIST;1,7;1,344804;0;1,344804;1,30464
202603;14/03/2026;10;899351;PHB Industrial Textil Ltda;01/04/2025;44651;PHB TEXTIL CL 514;Consumidor Livre;PHB INDUSTRIA TEXTIL LIMITADA;12440143000101;BRUSQUE;SC;SUL;1936;CELESC DIST;1,7;1,333146;0;1,333146;1,299168
202603;14/03/2026;11;899351;PHB Industrial Textil Ltda;01/04/2025;44651;PHB TEXTIL CL 514;Consumidor Livre;PHB INDUSTRIA TEXTIL LIMITADA;12440143000101;BRUSQUE;SC;SUL;1936;CELESC DIST;1,7;1,338079;0;1,338079;1,306368
202603;14/03/2026;12;899351;PHB Industrial Textil Ltda;01/04/2025;44651;PHB TEXTIL CL 514;Consumidor Livre;PHB INDUSTRIA TEXTIL LIMITADA;12440143000101;BRUSQUE;SC;SUL;1936;CELESC DIST;1,7;1,332604;0;1,332604;1,300032
202603;14/03/2026;13;899351;PHB Industrial Textil Ltda;01/04/2025;44651;PHB TEXTIL CL 514;Consumidor Livre;PHB INDUSTRIA TEXTIL LIMITADA;12440143000101;BRUSQUE;SC;SUL;1936;CELESC DIST;1,7;1,29791;0;1,29791;1,262304
202603;14/03/2026;14;899351;PHB Industrial Textil Ltda;01/04/2025;44651;PHB TEXTIL CL 514;Consumidor Livre;PHB INDUSTRIA TEXTIL LIMITADA;12440143000101;BRUSQUE;SC;SUL;1936;CELESC DIST;1,7;1,303165;0;1,303165;1,262016
202603;14/03/2026;15;899351;PHB Industrial Textil Ltda;01/04/2025;44651;PHB TEXTIL CL 514;Consumidor Livre;PHB INDUSTRIA TEXTIL LIMITADA;12440143000101;BRUSQUE;SC;SUL;1936;CELESC DIST;1,7;1,306755;0;1,306755;1,260864
202603;14/03/2026;16;899351;PHB Industrial Textil Ltda;01/04/2025;44651;PHB TEXTIL CL 514;Consumidor Livre;PHB INDUSTRIA TEXTIL LIMITADA;12440143000101;BRUSQUE;SC;SUL;1936;CELESC DIST;1,7;1,306273;0;1,306273;1,261728
202603;14/03/2026;17;899351;PHB Industrial Textil Ltda;01/04/2025;44651;PHB TEXTIL CL 514;Consumidor Livre;PHB INDUSTRIA TEXTIL LIMITADA;12440143000101;BRUSQUE;SC;SUL;1936;CELESC DIST;1,7;1,307691;0;1,307691;1,265472
202603;14/03/2026;18;899351;PHB Industrial Textil Ltda;01/04/2025;44651;PHB TEXTIL CL 514;Consumidor Livre;PHB INDUSTRIA TEXTIL LIMITADA;12440143000101;BRUSQUE;SC;SUL;1936;CELESC DIST;1,7;1,310384;0;1,310384;1,270368
202603;14/03/2026;19;899351;PHB Industrial Textil Ltda;01/04/2025;44651;PHB TEXTIL CL 514;Consumidor Livre;PHB INDUSTRIA TEXTIL LIMITADA;12440143000101;BRUSQUE;SC;SUL;1936;CELESC DIST;1,7;1,231691;0;1,231691;1,196064
202603;14/03/2026;20;899351;PHB Industrial Textil Ltda;01/04/2025;44651;PHB TEXTIL CL 514;Consumidor Livre;PHB INDUSTRIA TEXTIL LIMITADA;12440143000101;BRUSQUE;SC;SUL;1936;CELESC DIST;1,7;1,294574;0;1,294574;1,257696
202603;14/03/2026;21;899351;PHB Industrial Textil Ltda;01/04/2025;44651;PHB TEXTIL CL 514;Consumidor Livre;PHB INDUSTRIA TEXTIL LIMITADA;12440143000101;BRUSQUE;SC;SUL;1936;CELESC DIST;1,7;1,304208;0;1,304208;1,266624
202603;14/03/2026;22;899351;PHB Industrial Textil Ltda;01/04/2025;44651;PHB TEXTIL CL 514;Consumidor Livre;PHB INDUSTRIA TEXTIL LIMITADA;12440143000101;BRUSQUE;SC;SUL;1936;CELESC DIST;1,7;1,30746;0;1,30746;1,269216
202603;14/03/2026;23;899351;PHB Industrial Textil Ltda;01/04/2025;44651;PHB TEXTIL CL 514;Consumidor Livre;PHB INDUSTRIA TEXTIL LIMITADA;12440143000101;BRUSQUE;SC;SUL;1936;CELESC DIST;1,7;1,308621;0;1,308621;1,26864
202603;15/03/2026;0;899351;PHB Industrial Textil Ltda;01/04/2025;44651;PHB TEXTIL CL 514;Consumidor Livre;PHB INDUSTRIA TEXTIL LIMITADA;12440143000101;BRUSQUE;SC;SUL;1936;CELESC DIST;1,7;1,312648;0;1,312648;1,27008
202603;15/03/2026;1;899351;PHB Industrial Textil Ltda;01/04/2025;44651;PHB TEXTIL CL 514;Consumidor Livre;PHB INDUSTRIA TEXTIL LIMITADA;12440143000101;BRUSQUE;SC;SUL;1936;CELESC DIST;1,7;1,31577;0;1,31577;1,271232
202603;15/03/2026;2;899351;PHB Industrial Textil Ltda;01/04/2025;44651;PHB TEXTIL CL 514;Consumidor Livre;PHB INDUSTRIA TEXTIL LIMITADA;12440143000101;BRUSQUE;SC;SUL;1936;CELESC DIST;1,7;1,315676;0;1,315676;1,269504
202603;15/03/2026;3;899351;PHB Industrial Textil Ltda;01/04/2025;44651;PHB TEXTIL CL 514;Consumidor Livre;PHB INDUSTRIA TEXTIL LIMITADA;12440143000101;BRUSQUE;SC;SUL;1936;CELESC DIST;1,7;1,315286;0;1,315286;1,268064
202603;15/03/2026;4;899351;PHB Industrial Textil Ltda;01/04/2025;44651;PHB TEXTIL CL 514;Consumidor Livre;PHB INDUSTRIA TEXTIL LIMITADA;12440143000101;BRUSQUE;SC;SUL;1936;CELESC DIST;1,7;1,31838;0;1,31838;1,270368
202603;15/03/2026;5;899351;PHB Industrial Textil Ltda;01/04/2025;44651;PHB TEXTIL CL 514;Consumidor Livre;PHB INDUSTRIA TEXTIL LIMITADA;12440143000101;BRUSQUE;SC;SUL;1936;CELESC DIST;1,7;1,317417;0;1,317417;1,268928
202603;15/03/2026;6;899351;PHB Industrial Textil Ltda;01/04/2025;44651;PHB TEXTIL CL 514;Consumidor Livre;PHB INDUSTRIA TEXTIL LIMITADA;12440143000101;BRUSQUE;SC;SUL;1936;CELESC DIST;1,7;1,32006;0;1,32006;1,274112
202603;15/03/2026;7;899351;PHB Industrial Textil Ltda;01/04/2025;44651;PHB TEXTIL CL 514;Consumidor Livre;PHB INDUSTRIA TEXTIL LIMITADA;12440143000101;BRUSQUE;SC;SUL;1936;CELESC DIST;1,7;1,310636;0;1,310636;1,272384
202603;15/03/2026;8;899351;PHB Industrial Textil Ltda;01/04/2025;44651;PHB TEXTIL CL 514;Consumidor Livre;PHB INDUSTRIA TEXTIL LIMITADA;12440143000101;BRUSQUE;SC;SUL;1936;CELESC DIST;1,7;1,308831;0;1,308831;1,272096
202603;15/03/2026;9;899351;PHB Industrial Textil Ltda;01/04/2025;44651;PHB TEXTIL CL 514;Consumidor Livre;PHB INDUSTRIA TEXTIL LIMITADA;12440143000101;BRUSQUE;SC;SUL;1936;CELESC DIST;1,7;1,293681;0;1,293681;1,26432
202603;15/03/2026;10;899351;PHB Industrial Textil Ltda;01/04/2025;44651;PHB TEXTIL CL 514;Consumidor Livre;PHB INDUSTRIA TEXTIL LIMITADA;12440143000101;BRUSQUE;SC;SUL;1936;CELESC DIST;1,7;1,276589;0;1,276589;1,259136
202603;15/03/2026;11;899351;PHB Industrial Textil Ltda;01/04/2025;44651;PHB TEXTIL CL 514;Consumidor Livre;PHB INDUSTRIA TEXTIL LIMITADA;12440143000101;BRUSQUE;SC;SUL;1936;CELESC DIST;1,7;1,280582;0;1,280582;1,2672
202603;15/03/2026;12;899351;PHB Industrial Textil Ltda;01/04/2025;44651;PHB TEXTIL CL 514;Consumidor Livre;PHB INDUSTRIA TEXTIL LIMITADA;12440143000101;BRUSQUE;SC;SUL;1936;CELESC DIST;1,7;1,281723;0;1,281723;1,26576
202603;15/03/2026;13;899351;PHB Industrial Textil Ltda;01/04/2025;44651;PHB TEXTIL CL 514;Consumidor Livre;PHB INDUSTRIA TEXTIL LIMITADA;12440143000101;BRUSQUE;SC;SUL;1936;CELESC DIST;1,7;1,29477;0;1,29477;1,269504
202603;15/03/2026;14;899351;PHB Industrial Textil Ltda;01/04/2025;44651;PHB TEXTIL CL 514;Consumidor Livre;PHB INDUSTRIA TEXTIL LIMITADA;12440143000101;BRUSQUE;SC;SUL;1936;CELESC DIST;1,7;1,304439;0;1,304439;1,267776
202603;15/03/2026;15;899351;PHB Industrial Textil Ltda;01/04/2025;44651;PHB TEXTIL CL 514;Consumidor Livre;PHB INDUSTRIA TEXTIL LIMITADA;12440143000101;BRUSQUE;SC;SUL;1936;CELESC DIST;1,7;1,310937;0;1,310937;1,268064
202603;15/03/2026;16;899351;PHB Industrial Textil Ltda;01/04/2025;44651;PHB TEXTIL CL 514;Consumidor Livre;PHB INDUSTRIA TEXTIL LIMITADA;12440143000101;BRUSQUE;SC;SUL;1936;CELESC DIST;1,7;1,318312;0;1,318312;1,272672
202603;15/03/2026;17;899351;PHB Industrial Textil Ltda;01/04/2025;44651;PHB TEXTIL CL 514;Consumidor Livre;PHB INDUSTRIA TEXTIL LIMITADA;12440143000101;BRUSQUE;SC;SUL;1936;CELESC DIST;1,7;1,320844;0;1,320844;1,274688
202603;15/03/2026;18;899351;PHB Industrial Textil Ltda;01/04/2025;44651;PHB TEXTIL CL 514;Consumidor Livre;PHB INDUSTRIA TEXTIL LIMITADA;12440143000101;BRUSQUE;SC;SUL;1936;CELESC DIST;1,7;1,318619;0;1,318619;1,27872
202603;15/03/2026;19;899351;PHB Industrial Textil Ltda;01/04/2025;44651;PHB TEXTIL CL 514;Consumidor Livre;PHB INDUSTRIA TEXTIL LIMITADA;12440143000101;BRUSQUE;SC;SUL;1936;CELESC DIST;1,7;1,316506;0;1,316506;1,279296
202603;15/03/2026;20;899351;PHB Industrial Textil Ltda;01/04/2025;44651;PHB TEXTIL CL 514;Consumidor Livre;PHB INDUSTRIA TEXTIL LIMITADA;12440143000101;BRUSQUE;SC;SUL;1936;CELESC DIST;1,7;1,323379;0;1,323379;1,286784
202603;15/03/2026;21;899351;PHB Industrial Textil Ltda;01/04/2025;44651;PHB TEXTIL CL 514;Consumidor Livre;PHB INDUSTRIA TEXTIL LIMITADA;12440143000101;BRUSQUE;SC;SUL;1936;CELESC DIST;1,7;1,313448;0;1,313448;1,276992
202603;15/03/2026;22;899351;PHB Industrial Textil Ltda;01/04/2025;44651;PHB TEXTIL CL 514;Consumidor Livre;PHB INDUSTRIA TEXTIL LIMITADA;12440143000101;BRUSQUE;SC;SUL;1936;CELESC DIST;1,7;1,352639;0;1,352639;1,315296
202603;15/03/2026;23;899351;PHB Industrial Textil Ltda;01/04/2025;44651;PHB TEXTIL CL 514;Consumidor Livre;PHB INDUSTRIA TEXTIL LIMITADA;12440143000101;BRUSQUE;SC;SUL;1936;CELESC DIST;1,7;1,368223;0;1,368223;1,328544
202603;16/03/2026;0;899351;PHB Industrial Textil Ltda;01/04/2025;44651;PHB TEXTIL CL 514;Consumidor Livre;PHB INDUSTRIA TEXTIL LIMITADA;12440143000101;BRUSQUE;SC;SUL;1936;CELESC DIST;1,7;1,371626;0;1,371626;1,329408
202603;16/03/2026;1;899351;PHB Industrial Textil Ltda;01/04/2025;44651;PHB TEXTIL CL 514;Consumidor Livre;PHB INDUSTRIA TEXTIL LIMITADA;12440143000101;BRUSQUE;SC;SUL;1936;CELESC DIST;1,7;1,369774;0;1,369774;1,325952
202603;16/03/2026;2;899351;PHB Industrial Textil Ltda;01/04/2025;44651;PHB TEXTIL CL 514;Consumidor Livre;PHB INDUSTRIA TEXTIL LIMITADA;12440143000101;BRUSQUE;SC;SUL;1936;CELESC DIST;1,7;1,356874;0;1,356874;1,31184
202603;16/03/2026;3;899351;PHB Industrial Textil Ltda;01/04/2025;44651;PHB TEXTIL CL 514;Consumidor Livre;PHB INDUSTRIA TEXTIL LIMITADA;12440143000101;BRUSQUE;SC;SUL;1936;CELESC DIST;1,7;1,349788;0;1,349788;1,304352
202603;16/03/2026;4;899351;PHB Industrial Textil Ltda;01/04/2025;44651;PHB TEXTIL CL 514;Consumidor Livre;PHB INDUSTRIA TEXTIL LIMITADA;12440143000101;BRUSQUE;SC;SUL;1936;CELESC DIST;1,7;1,358305;0;1,358305;1,31184
202603;16/03/2026;5;899351;PHB Industrial Textil Ltda;01/04/2025;44651;PHB TEXTIL CL 514;Consumidor Livre;PHB INDUSTRIA TEXTIL LIMITADA;12440143000101;BRUSQUE;SC;SUL;1936;CELESC DIST;1,7;1,366027;0;1,366027;1,320768
202603;16/03/2026;6;899351;PHB Industrial Textil Ltda;01/04/2025;44651;PHB TEXTIL CL 514;Consumidor Livre;PHB INDUSTRIA TEXTIL LIMITADA;12440143000101;BRUSQUE;SC;SUL;1936;CELESC DIST;1,7;1,36962;0;1,36962;1,325376
202603;16/03/2026;7;899351;PHB Industrial Textil Ltda;01/04/2025;44651;PHB TEXTIL CL 514;Consumidor Livre;PHB INDUSTRIA TEXTIL LIMITADA;12440143000101;BRUSQUE;SC;SUL;1936;CELESC DIST;1,7;1,370707;0;1,370707;1,325952
202603;16/03/2026;8;899351;PHB Industrial Textil Ltda;01/04/2025;44651;PHB TEXTIL CL 514;Consumidor Livre;PHB INDUSTRIA TEXTIL LIMITADA;12440143000101;BRUSQUE;SC;SUL;1936;CELESC DIST;1,7;1,37025;0;1,37025;1,329408
202603;16/03/2026;9;899351;PHB Industrial Textil Ltda;01/04/2025;44651;PHB TEXTIL CL 514;Consumidor Livre;PHB INDUSTRIA TEXTIL LIMITADA;12440143000101;BRUSQUE;SC;SUL;1936;CELESC DIST;1,7;1,35976;0;1,35976;1,32048
202603;16/03/2026;10;899351;PHB Industrial Textil Ltda;01/04/2025;44651;PHB TEXTIL CL 514;Consumidor Livre;PHB INDUSTRIA TEXTIL LIMITADA;12440143000101;BRUSQUE;SC;SUL;1936;CELESC DIST;1,7;1,364378;0;1,364378;1,3248
202603;16/03/2026;11;899351;PHB Industrial Textil Ltda;01/04/2025;44651;PHB TEXTIL CL 514;Consumidor Livre;PHB INDUSTRIA TEXTIL LIMITADA;12440143000101;BRUSQUE;SC;SUL;1936;CELESC DIST;1,7;1,365381;0;1,365381;1,32624
202603;16/03/2026;12;899351;PHB Industrial Textil Ltda;01/04/2025;44651;PHB TEXTIL CL 514;Consumidor Livre;PHB INDUSTRIA TEXTIL LIMITADA;12440143000101;BRUSQUE;SC;SUL;1936;CELESC DIST;1,7;1,359754;0;1,359754;1,321344
202603;16/03/2026;13;899351;PHB Industrial Textil Ltda;01/04/2025;44651;PHB TEXTIL CL 514;Consumidor Livre;PHB INDUSTRIA TEXTIL LIMITADA;12440143000101;BRUSQUE;SC;SUL;1936;CELESC DIST;1,7;1,368691;0;1,368691;1,323936
202603;16/03/2026;14;899351;PHB Industrial Textil Ltda;01/04/2025;44651;PHB TEXTIL CL 514;Consumidor Livre;PHB INDUSTRIA TEXTIL LIMITADA;12440143000101;BRUSQUE;SC;SUL;1936;CELESC DIST;1,7;1,373996;0;1,373996;1,330272
202603;16/03/2026;15;899351;PHB Industrial Textil Ltda;01/04/2025;44651;PHB TEXTIL CL 514;Consumidor Livre;PHB INDUSTRIA TEXTIL LIMITADA;12440143000101;BRUSQUE;SC;SUL;1936;CELESC DIST;1,7;1,357736;0;1,357736;1,314432
202603;16/03/2026;16;899351;PHB Industrial Textil Ltda;01/04/2025;44651;PHB TEXTIL CL 514;Consumidor Livre;PHB INDUSTRIA TEXTIL LIMITADA;12440143000101;BRUSQUE;SC;SUL;1936;CELESC DIST;1,7;1,328129;0;1,328129;1,28736
202603;16/03/2026;17;899351;PHB Industrial Textil Ltda;01/04/2025;44651;PHB TEXTIL CL 514;Consumidor Livre;PHB INDUSTRIA TEXTIL LIMITADA;12440143000101;BRUSQUE;SC;SUL;1936;CELESC DIST;1,7;1,370891;0;1,370891;1,332
202603;16/03/2026;18;899351;PHB Industrial Textil Ltda;01/04/2025;44651;PHB TEXTIL CL 514;Consumidor Livre;PHB INDUSTRIA TEXTIL LIMITADA;12440143000101;BRUSQUE;SC;SUL;1936;CELESC DIST;1,7;1,369998;0;1,369998;1,333152
202603;16/03/2026;19;899351;PHB Industrial Textil Ltda;01/04/2025;44651;PHB TEXTIL CL 514;Consumidor Livre;PHB INDUSTRIA TEXTIL LIMITADA;12440143000101;BRUSQUE;SC;SUL;1936;CELESC DIST;1,7;1,362417;0;1,362417;1,329984
202603;16/03/2026;20;899351;PHB Industrial Textil Ltda;01/04/2025;44651;PHB TEXTIL CL 514;Consumidor Livre;PHB INDUSTRIA TEXTIL LIMITADA;12440143000101;BRUSQUE;SC;SUL;1936;CELESC DIST;1,7;1,359004;0;1,359004;1,3248
202603;16/03/2026;21;899351;PHB Industrial Textil Ltda;01/04/2025;44651;PHB TEXTIL CL 514;Consumidor Livre;PHB INDUSTRIA TEXTIL LIMITADA;12440143000101;BRUSQUE;SC;SUL;1936;CELESC DIST;1,7;1,331681;0;1,331681;1,294848
202603;16/03/2026;22;899351;PHB Industrial Textil Ltda;01/04/2025;44651;PHB TEXTIL CL 514;Consumidor Livre;PHB INDUSTRIA TEXTIL LIMITADA;12440143000101;BRUSQUE;SC;SUL;1936;CELESC DIST;1,7;1,35731;0;1,35731;1,321056
202603;16/03/2026;23;899351;PHB Industrial Textil Ltda;01/04/2025;44651;PHB TEXTIL CL 514;Consumidor Livre;PHB INDUSTRIA TEXTIL LIMITADA;12440143000101;BRUSQUE;SC;SUL;1936;CELESC DIST;1,7;1,356749;0;1,356749;1,319328
202603;17/03/2026;0;899351;PHB Industrial Textil Ltda;01/04/2025;44651;PHB TEXTIL CL 514;Consumidor Livre;PHB INDUSTRIA TEXTIL LIMITADA;12440143000101;BRUSQUE;SC;SUL;1936;CELESC DIST;1,7;1,355394;0;1,355394;1,316448
202603;17/03/2026;1;899351;PHB Industrial Textil Ltda;01/04/2025;44651;PHB TEXTIL CL 514;Consumidor Livre;PHB INDUSTRIA TEXTIL LIMITADA;12440143000101;BRUSQUE;SC;SUL;1936;CELESC DIST;1,7;1,363106;0;1,363106;1,322784
202603;17/03/2026;2;899351;PHB Industrial Textil Ltda;01/04/2025;44651;PHB TEXTIL CL 514;Consumidor Livre;PHB INDUSTRIA TEXTIL LIMITADA;12440143000101;BRUSQUE;SC;SUL;1936;CELESC DIST;1,7;1,354775;0;1,354775;1,312992
202603;17/03/2026;3;899351;PHB Industrial Textil Ltda;01/04/2025;44651;PHB TEXTIL CL 514;Consumidor Livre;PHB INDUSTRIA TEXTIL LIMITADA;12440143000101;BRUSQUE;SC;SUL;1936;CELESC DIST;1,7;1,356557;0;1,356557;1,314144
202603;17/03/2026;4;899351;PHB Industrial Textil Ltda;01/04/2025;44651;PHB TEXTIL CL 514;Consumidor Livre;PHB INDUSTRIA TEXTIL LIMITADA;12440143000101;BRUSQUE;SC;SUL;1936;CELESC DIST;1,7;1,360576;0;1,360576;1,3176
202603;17/03/2026;5;899351;PHB Industrial Textil Ltda;01/04/2025;44651;PHB TEXTIL CL 514;Consumidor Livre;PHB INDUSTRIA TEXTIL LIMITADA;12440143000101;BRUSQUE;SC;SUL;1936;CELESC DIST;1,7;1,357402;0;1,357402;1,313568
202603;17/03/2026;6;899351;PHB Industrial Textil Ltda;01/04/2025;44651;PHB TEXTIL CL 514;Consumidor Livre;PHB INDUSTRIA TEXTIL LIMITADA;12440143000101;BRUSQUE;SC;SUL;1936;CELESC DIST;1,7;1,373344;0;1,373344;1,32624
202603;17/03/2026;7;899351;PHB Industrial Textil Ltda;01/04/2025;44651;PHB TEXTIL CL 514;Consumidor Livre;PHB INDUSTRIA TEXTIL LIMITADA;12440143000101;BRUSQUE;SC;SUL;1936;CELESC DIST;1,7;1,368696;0;1,368696;1,325088
202603;17/03/2026;8;899351;PHB Industrial Textil Ltda;01/04/2025;44651;PHB TEXTIL CL 514;Consumidor Livre;PHB INDUSTRIA TEXTIL LIMITADA;12440143000101;BRUSQUE;SC;SUL;1936;CELESC DIST;1,7;1,370259;0;1,370259;1,325088
202603;17/03/2026;9;899351;PHB Industrial Textil Ltda;01/04/2025;44651;PHB TEXTIL CL 514;Consumidor Livre;PHB INDUSTRIA TEXTIL LIMITADA;12440143000101;BRUSQUE;SC;SUL;1936;CELESC DIST;1,7;1,362721;0;1,362721;1,315872
202603;17/03/2026;10;899351;PHB Industrial Textil Ltda;01/04/2025;44651;PHB TEXTIL CL 514;Consumidor Livre;PHB INDUSTRIA TEXTIL LIMITADA;12440143000101;BRUSQUE;SC;SUL;1936;CELESC DIST;1,7;1,36578;0;1,36578;1,321056
202603;17/03/2026;11;899351;PHB Industrial Textil Ltda;01/04/2025;44651;PHB TEXTIL CL 514;Consumidor Livre;PHB INDUSTRIA TEXTIL LIMITADA;12440143000101;BRUSQUE;SC;SUL;1936;CELESC DIST;1,7;1,362509;0;1,362509;1,32192
202603;17/03/2026;12;899351;PHB Industrial Textil Ltda;01/04/2025;44651;PHB TEXTIL CL 514;Consumidor Livre;PHB INDUSTRIA TEXTIL LIMITADA;12440143000101;BRUSQUE;SC;SUL;1936;CELESC DIST;1,7;1,366204;0;1,366204;1,323648
202603;17/03/2026;13;899351;PHB Industrial Textil Ltda;01/04/2025;44651;PHB TEXTIL CL 514;Consumidor Livre;PHB INDUSTRIA TEXTIL LIMITADA;12440143000101;BRUSQUE;SC;SUL;1936;CELESC DIST;1,7;1,370867;0;1,370867;1,327392
202603;17/03/2026;14;899351;PHB Industrial Textil Ltda;01/04/2025;44651;PHB TEXTIL CL 514;Consumidor Livre;PHB INDUSTRIA TEXTIL LIMITADA;12440143000101;BRUSQUE;SC;SUL;1936;CELESC DIST;1,7;1,385479;0;1,385479;1,336608
202603;17/03/2026;15;899351;PHB Industrial Textil Ltda;01/04/2025;44651;PHB TEXTIL CL 514;Consumidor Livre;PHB INDUSTRIA TEXTIL LIMITADA;12440143000101;BRUSQUE;SC;SUL;1936;CELESC DIST;1,7;1,384079;0;1,384079;1,33632
202603;17/03/2026;16;899351;PHB Industrial Textil Ltda;01/04/2025;44651;PHB TEXTIL CL 514;Consumidor Livre;PHB INDUSTRIA TEXTIL LIMITADA;12440143000101;BRUSQUE;SC;SUL;1936;CELESC DIST;1,7;1,378142;0;1,378142;1,333152
202603;17/03/2026;17;899351;PHB Industrial Textil Ltda;01/04/2025;44651;PHB TEXTIL CL 514;Consumidor Livre;PHB INDUSTRIA TEXTIL LIMITADA;12440143000101;BRUSQUE;SC;SUL;1936;CELESC DIST;1,7;1,376604;0;1,376604;1,333728
202603;17/03/2026;18;899351;PHB Industrial Textil Ltda;01/04/2025;44651;PHB TEXTIL CL 514;Consumidor Livre;PHB INDUSTRIA TEXTIL LIMITADA;12440143000101;BRUSQUE;SC;SUL;1936;CELESC DIST;1,7;1,371271;0;1,371271;1,331136
202603;17/03/2026;19;899351;PHB Industrial Textil Ltda;01/04/2025;44651;PHB TEXTIL CL 514;Consumidor Livre;PHB INDUSTRIA TEXTIL LIMITADA;12440143000101;BRUSQUE;SC;SUL;1936;CELESC DIST;1,7;1,379232;0;1,379232;1,339776
202603;17/03/2026;20;899351;PHB Industrial Textil Ltda;01/04/2025;44651;PHB TEXTIL CL 514;Consumidor Livre;PHB INDUSTRIA TEXTIL LIMITADA;12440143000101;BRUSQUE;SC;SUL;1936;CELESC DIST;1,7;1,370852;0;1,370852;1,333152
202603;17/03/2026;21;899351;PHB Industrial Textil Ltda;01/04/2025;44651;PHB TEXTIL CL 514;Consumidor Livre;PHB INDUSTRIA TEXTIL LIMITADA;12440143000101;BRUSQUE;SC;SUL;1936;CELESC DIST;1,7;1,370652;0;1,370652;1,333152
202603;17/03/2026;22;899351;PHB Industrial Textil Ltda;01/04/2025;44651;PHB TEXTIL CL 514;Consumidor Livre;PHB INDUSTRIA TEXTIL LIMITADA;12440143000101;BRUSQUE;SC;SUL;1936;CELESC DIST;1,7;1,36406;0;1,36406;1,327968
202603;17/03/2026;23;899351;PHB Industrial Textil Ltda;01/04/2025;44651;PHB TEXTIL CL 514;Consumidor Livre;PHB INDUSTRIA TEXTIL LIMITADA;12440143000101;BRUSQUE;SC;SUL;1936;CELESC DIST;1,7;1,366147;0;1,366147;1,329696
202603;18/03/2026;0;899351;PHB Industrial Textil Ltda;01/04/2025;44651;PHB TEXTIL CL 514;Consumidor Livre;PHB INDUSTRIA TEXTIL LIMITADA;12440143000101;BRUSQUE;SC;SUL;1936;CELESC DIST;1,7;1,36365;0;1,36365;1,323072
202603;18/03/2026;1;899351;PHB Industrial Textil Ltda;01/04/2025;44651;PHB TEXTIL CL 514;Consumidor Livre;PHB INDUSTRIA TEXTIL LIMITADA;12440143000101;BRUSQUE;SC;SUL;1936;CELESC DIST;1,7;1,366645;0;1,366645;1,324512
202603;18/03/2026;2;899351;PHB Industrial Textil Ltda;01/04/2025;44651;PHB TEXTIL CL 514;Consumidor Livre;PHB INDUSTRIA TEXTIL LIMITADA;12440143000101;BRUSQUE;SC;SUL;1936;CELESC DIST;1,7;1,368008;0;1,368008;1,324224
202603;18/03/2026;3;899351;PHB Industrial Textil Ltda;01/04/2025;44651;PHB TEXTIL CL 514;Consumidor Livre;PHB INDUSTRIA TEXTIL LIMITADA;12440143000101;BRUSQUE;SC;SUL;1936;CELESC DIST;1,7;1,365096;0;1,365096;1,319616
202603;18/03/2026;4;899351;PHB Industrial Textil Ltda;01/04/2025;44651;PHB TEXTIL CL 514;Consumidor Livre;PHB INDUSTRIA TEXTIL LIMITADA;12440143000101;BRUSQUE;SC;SUL;1936;CELESC DIST;1,7;1,371544;0;1,371544;1,325376
202603;18/03/2026;5;899351;PHB Industrial Textil Ltda;01/04/2025;44651;PHB TEXTIL CL 514;Consumidor Livre;PHB INDUSTRIA TEXTIL LIMITADA;12440143000101;BRUSQUE;SC;SUL;1936;CELESC DIST;1,7;1,372117;0;1,372117;1,325952
202603;18/03/2026;6;899351;PHB Industrial Textil Ltda;01/04/2025;44651;PHB TEXTIL CL 514;Consumidor Livre;PHB INDUSTRIA TEXTIL LIMITADA;12440143000101;BRUSQUE;SC;SUL;1936;CELESC DIST;1,7;1,374447;0;1,374447;1,32768
202603;18/03/2026;7;899351;PHB Industrial Textil Ltda;01/04/2025;44651;PHB TEXTIL CL 514;Consumidor Livre;PHB INDUSTRIA TEXTIL LIMITADA;12440143000101;BRUSQUE;SC;SUL;1936;CELESC DIST;1,7;1,371091;0;1,371091;1,324512
202603;18/03/2026;8;899351;PHB Industrial Textil Ltda;01/04/2025;44651;PHB TEXTIL CL 514;Consumidor Livre;PHB INDUSTRIA TEXTIL LIMITADA;12440143000101;BRUSQUE;SC;SUL;1936;CELESC DIST;1,7;1,379382;0;1,379382;1,331136
202603;18/03/2026;9;899351;PHB Industrial Textil Ltda;01/04/2025;44651;PHB TEXTIL CL 514;Consumidor Livre;PHB INDUSTRIA TEXTIL LIMITADA;12440143000101;BRUSQUE;SC;SUL;1936;CELESC DIST;1,7;1,358348;0;1,358348;1,313856
202603;18/03/2026;10;899351;PHB Industrial Textil Ltda;01/04/2025;44651;PHB TEXTIL CL 514;Consumidor Livre;PHB INDUSTRIA TEXTIL LIMITADA;12440143000101;BRUSQUE;SC;SUL;1936;CELESC DIST;1,7;1,362914;0;1,362914;1,318752
202603;18/03/2026;11;899351;PHB Industrial Textil Ltda;01/04/2025;44651;PHB TEXTIL CL 514;Consumidor Livre;PHB INDUSTRIA TEXTIL LIMITADA;12440143000101;BRUSQUE;SC;SUL;1936;CELESC DIST;1,7;1,374189;0;1,374189;1,329984
202603;18/03/2026;12;899351;PHB Industrial Textil Ltda;01/04/2025;44651;PHB TEXTIL CL 514;Consumidor Livre;PHB INDUSTRIA TEXTIL LIMITADA;12440143000101;BRUSQUE;SC;SUL;1936;CELESC DIST;1,7;1,371518;0;1,371518;1,32912
202603;18/03/2026;13;899351;PHB Industrial Textil Ltda;01/04/2025;44651;PHB TEXTIL CL 514;Consumidor Livre;PHB INDUSTRIA TEXTIL LIMITADA;12440143000101;BRUSQUE;SC;SUL;1936;CELESC DIST;1,7;1,377021;0;1,377021;1,33056
202603;18/03/2026;14;899351;PHB Industrial Textil Ltda;01/04/2025;44651;PHB TEXTIL CL 514;Consumidor Livre;PHB INDUSTRIA TEXTIL LIMITADA;12440143000101;BRUSQUE;SC;SUL;1936;CELESC DIST;1,7;1,391776;0;1,391776;1,346112
202603;18/03/2026;15;899351;PHB Industrial Textil Ltda;01/04/2025;44651;PHB TEXTIL CL 514;Consumidor Livre;PHB INDUSTRIA TEXTIL LIMITADA;12440143000101;BRUSQUE;SC;SUL;1936;CELESC DIST;1,7;1,388134;0;1,388134;1,344096
202603;18/03/2026;16;899351;PHB Industrial Textil Ltda;01/04/2025;44651;PHB TEXTIL CL 514;Consumidor Livre;PHB INDUSTRIA TEXTIL LIMITADA;12440143000101;BRUSQUE;SC;SUL;1936;CELESC DIST;1,7;1,389608;0;1,389608;1,346688
202603;18/03/2026;17;899351;PHB Industrial Textil Ltda;01/04/2025;44651;PHB TEXTIL CL 514;Consumidor Livre;PHB INDUSTRIA TEXTIL LIMITADA;12440143000101;BRUSQUE;SC;SUL;1936;CELESC DIST;1,7;1,383457;0;1,383457;1,340064
202603;18/03/2026;18;899351;PHB Industrial Textil Ltda;01/04/2025;44651;PHB TEXTIL CL 514;Consumidor Livre;PHB INDUSTRIA TEXTIL LIMITADA;12440143000101;BRUSQUE;SC;SUL;1936;CELESC DIST;1,7;1,38184;0;1,38184;1,340352
202603;18/03/2026;19;899351;PHB Industrial Textil Ltda;01/04/2025;44651;PHB TEXTIL CL 514;Consumidor Livre;PHB INDUSTRIA TEXTIL LIMITADA;12440143000101;BRUSQUE;SC;SUL;1936;CELESC DIST;1,7;1,381741;0;1,381741;1,340928
202603;18/03/2026;20;899351;PHB Industrial Textil Ltda;01/04/2025;44651;PHB TEXTIL CL 514;Consumidor Livre;PHB INDUSTRIA TEXTIL LIMITADA;12440143000101;BRUSQUE;SC;SUL;1936;CELESC DIST;1,7;1,374068;0;1,374068;1,334304
202603;18/03/2026;21;899351;PHB Industrial Textil Ltda;01/04/2025;44651;PHB TEXTIL CL 514;Consumidor Livre;PHB INDUSTRIA TEXTIL LIMITADA;12440143000101;BRUSQUE;SC;SUL;1936;CELESC DIST;1,7;1,379;0;1,379;1,340352
202603;18/03/2026;22;899351;PHB Industrial Textil Ltda;01/04/2025;44651;PHB TEXTIL CL 514;Consumidor Livre;PHB INDUSTRIA TEXTIL LIMITADA;12440143000101;BRUSQUE;SC;SUL;1936;CELESC DIST;1,7;1,370365;0;1,370365;1,333728
202603;18/03/2026;23;899351;PHB Industrial Textil Ltda;01/04/2025;44651;PHB TEXTIL CL 514;Consumidor Livre;PHB INDUSTRIA TEXTIL LIMITADA;12440143000101;BRUSQUE;SC;SUL;1936;CELESC DIST;1,7;1,337615;0;1,337615;1,302912
202603;19/03/2026;0;899351;PHB Industrial Textil Ltda;01/04/2025;44651;PHB TEXTIL CL 514;Consumidor Livre;PHB INDUSTRIA TEXTIL LIMITADA;12440143000101;BRUSQUE;SC;SUL;1936;CELESC DIST;1,7;1,370741;0;1,370741;1,331424
202603;19/03/2026;1;899351;PHB Industrial Textil Ltda;01/04/2025;44651;PHB TEXTIL CL 514;Consumidor Livre;PHB INDUSTRIA TEXTIL LIMITADA;12440143000101;BRUSQUE;SC;SUL;1936;CELESC DIST;1,7;1,377722;0;1,377722;1,335456
202603;19/03/2026;2;899351;PHB Industrial Textil Ltda;01/04/2025;44651;PHB TEXTIL CL 514;Consumidor Livre;PHB INDUSTRIA TEXTIL LIMITADA;12440143000101;BRUSQUE;SC;SUL;1936;CELESC DIST;1,7;1,375098;0;1,375098;1,330848
202603;19/03/2026;3;899351;PHB Industrial Textil Ltda;01/04/2025;44651;PHB TEXTIL CL 514;Consumidor Livre;PHB INDUSTRIA TEXTIL LIMITADA;12440143000101;BRUSQUE;SC;SUL;1936;CELESC DIST;1,7;1,377157;0;1,377157;1,331712
202603;19/03/2026;4;899351;PHB Industrial Textil Ltda;01/04/2025;44651;PHB TEXTIL CL 514;Consumidor Livre;PHB INDUSTRIA TEXTIL LIMITADA;12440143000101;BRUSQUE;SC;SUL;1936;CELESC DIST;1,7;1,383437;0;1,383437;1,336608
202603;19/03/2026;5;899351;PHB Industrial Textil Ltda;01/04/2025;44651;PHB TEXTIL CL 514;Consumidor Livre;PHB INDUSTRIA TEXTIL LIMITADA;12440143000101;BRUSQUE;SC;SUL;1936;CELESC DIST;1,7;1,253981;0;1,253981;1,210464
202603;19/03/2026;6;899351;PHB Industrial Textil Ltda;01/04/2025;44651;PHB TEXTIL CL 514;Consumidor Livre;PHB INDUSTRIA TEXTIL LIMITADA;12440143000101;BRUSQUE;SC;SUL;1936;CELESC DIST;1,7;1,149271;0;1,149271;1,109088
202603;19/03/2026;7;899351;PHB Industrial Textil Ltda;01/04/2025;44651;PHB TEXTIL CL 514;Consumidor Livre;PHB INDUSTRIA TEXTIL LIMITADA;12440143000101;BRUSQUE;SC;SUL;1936;CELESC DIST;1,7;1,164747;0;1,164747;1,124064
202603;19/03/2026;8;899351;PHB Industrial Textil Ltda;01/04/2025;44651;PHB TEXTIL CL 514;Consumidor Livre;PHB INDUSTRIA TEXTIL LIMITADA;12440143000101;BRUSQUE;SC;SUL;1936;CELESC DIST;1,7;1,140625;0;1,140625;1,099872
202603;19/03/2026;9;899351;PHB Industrial Textil Ltda;01/04/2025;44651;PHB TEXTIL CL 514;Consumidor Livre;PHB INDUSTRIA TEXTIL LIMITADA;12440143000101;BRUSQUE;SC;SUL;1936;CELESC DIST;1,7;1,09815;0;1,09815;1,057536
202603;19/03/2026;10;899351;PHB Industrial Textil Ltda;01/04/2025;44651;PHB TEXTIL CL 514;Consumidor Livre;PHB INDUSTRIA TEXTIL LIMITADA;12440143000101;BRUSQUE;SC;SUL;1936;CELESC DIST;1,7;1,199182;0;1,199182;1,15776
202603;19/03/2026;11;899351;PHB Industrial Textil Ltda;01/04/2025;44651;PHB TEXTIL CL 514;Consumidor Livre;PHB INDUSTRIA TEXTIL LIMITADA;12440143000101;BRUSQUE;SC;SUL;1936;CELESC DIST;1,7;1,472369;0;1,472369;1,42704
202603;19/03/2026;12;899351;PHB Industrial Textil Ltda;01/04/2025;44651;PHB TEXTIL CL 514;Consumidor Livre;PHB INDUSTRIA TEXTIL LIMITADA;12440143000101;BRUSQUE;SC;SUL;1936;CELESC DIST;1,7;1,500838;0;1,500838;1,452096
202603;19/03/2026;13;899351;PHB Industrial Textil Ltda;01/04/2025;44651;PHB TEXTIL CL 514;Consumidor Livre;PHB INDUSTRIA TEXTIL LIMITADA;12440143000101;BRUSQUE;SC;SUL;1936;CELESC DIST;1,7;1,50094;0;1,50094;1,449216
202603;19/03/2026;14;899351;PHB Industrial Textil Ltda;01/04/2025;44651;PHB TEXTIL CL 514;Consumidor Livre;PHB INDUSTRIA TEXTIL LIMITADA;12440143000101;BRUSQUE;SC;SUL;1936;CELESC DIST;1,7;1,513156;0;1,513156;1,459008
202603;19/03/2026;15;899351;PHB Industrial Textil Ltda;01/04/2025;44651;PHB TEXTIL CL 514;Consumidor Livre;PHB INDUSTRIA TEXTIL LIMITADA;12440143000101;BRUSQUE;SC;SUL;1936;CELESC DIST;1,7;1,511279;0;1,511279;1,456992
202603;19/03/2026;16;899351;PHB Industrial Textil Ltda;01/04/2025;44651;PHB TEXTIL CL 514;Consumidor Livre;PHB INDUSTRIA TEXTIL LIMITADA;12440143000101;BRUSQUE;SC;SUL;1936;CELESC DIST;1,7;1,51745;0;1,51745;1,46592
202603;19/03/2026;17;899351;PHB Industrial Textil Ltda;01/04/2025;44651;PHB TEXTIL CL 514;Consumidor Livre;PHB INDUSTRIA TEXTIL LIMITADA;12440143000101;BRUSQUE;SC;SUL;1936;CELESC DIST;1,7;1,500129;0;1,500129;1,450656
202603;19/03/2026;18;899351;PHB Industrial Textil Ltda;01/04/2025;44651;PHB TEXTIL CL 514;Consumidor Livre;PHB INDUSTRIA TEXTIL LIMITADA;12440143000101;BRUSQUE;SC;SUL;1936;CELESC DIST;1,7;1,499995;0;1,499995;1,452672
202603;19/03/2026;19;899351;PHB Industrial Textil Ltda;01/04/2025;44651;PHB TEXTIL CL 514;Consumidor Livre;PHB INDUSTRIA TEXTIL LIMITADA;12440143000101;BRUSQUE;SC;SUL;1936;CELESC DIST;1,7;1,497897;0;1,497897;1,454112
202603;19/03/2026;20;899351;PHB Industrial Textil Ltda;01/04/2025;44651;PHB TEXTIL CL 514;Consumidor Livre;PHB INDUSTRIA TEXTIL LIMITADA;12440143000101;BRUSQUE;SC;SUL;1936;CELESC DIST;1,7;1,487907;0;1,487907;1,445472
202603;19/03/2026;21;899351;PHB Industrial Textil Ltda;01/04/2025;44651;PHB TEXTIL CL 514;Consumidor Livre;PHB INDUSTRIA TEXTIL LIMITADA;12440143000101;BRUSQUE;SC;SUL;1936;CELESC DIST;1,7;1,484383;0;1,484383;1,441728
202603;19/03/2026;22;899351;PHB Industrial Textil Ltda;01/04/2025;44651;PHB TEXTIL CL 514;Consumidor Livre;PHB INDUSTRIA TEXTIL LIMITADA;12440143000101;BRUSQUE;SC;SUL;1936;CELESC DIST;1,7;1,484579;0;1,484579;1,443456
202603;19/03/2026;23;899351;PHB Industrial Textil Ltda;01/04/2025;44651;PHB TEXTIL CL 514;Consumidor Livre;PHB INDUSTRIA TEXTIL LIMITADA;12440143000101;BRUSQUE;SC;SUL;1936;CELESC DIST;1,7;1,482486;0;1,482486;1,439712
202603;20/03/2026;0;899351;PHB Industrial Textil Ltda;01/04/2025;44651;PHB TEXTIL CL 514;Consumidor Livre;PHB INDUSTRIA TEXTIL LIMITADA;12440143000101;BRUSQUE;SC;SUL;1936;CELESC DIST;1,7;1,482898;0;1,482898;1,437984
202603;20/03/2026;1;899351;PHB Industrial Textil Ltda;01/04/2025;44651;PHB TEXTIL CL 514;Consumidor Livre;PHB INDUSTRIA TEXTIL LIMITADA;12440143000101;BRUSQUE;SC;SUL;1936;CELESC DIST;1,7;1,486465;0;1,486465;1,440288
202603;20/03/2026;2;899351;PHB Industrial Textil Ltda;01/04/2025;44651;PHB TEXTIL CL 514;Consumidor Livre;PHB INDUSTRIA TEXTIL LIMITADA;12440143000101;BRUSQUE;SC;SUL;1936;CELESC DIST;1,7;1,482497;0;1,482497;1,435104
202603;20/03/2026;3;899351;PHB Industrial Textil Ltda;01/04/2025;44651;PHB TEXTIL CL 514;Consumidor Livre;PHB INDUSTRIA TEXTIL LIMITADA;12440143000101;BRUSQUE;SC;SUL;1936;CELESC DIST;1,7;1,48058;0;1,48058;1,431936
202603;20/03/2026;4;899351;PHB Industrial Textil Ltda;01/04/2025;44651;PHB TEXTIL CL 514;Consumidor Livre;PHB INDUSTRIA TEXTIL LIMITADA;12440143000101;BRUSQUE;SC;SUL;1936;CELESC DIST;1,7;1,490717;0;1,490717;1,440288
202603;20/03/2026;5;899351;PHB Industrial Textil Ltda;01/04/2025;44651;PHB TEXTIL CL 514;Consumidor Livre;PHB INDUSTRIA TEXTIL LIMITADA;12440143000101;BRUSQUE;SC;SUL;1936;CELESC DIST;1,7;1,488315;0;1,488315;1,438272
202603;20/03/2026;6;899351;PHB Industrial Textil Ltda;01/04/2025;44651;PHB TEXTIL CL 514;Consumidor Livre;PHB INDUSTRIA TEXTIL LIMITADA;12440143000101;BRUSQUE;SC;SUL;1936;CELESC DIST;1,7;1,457788;0;1,457788;1,408032
202603;20/03/2026;7;899351;PHB Industrial Textil Ltda;01/04/2025;44651;PHB TEXTIL CL 514;Consumidor Livre;PHB INDUSTRIA TEXTIL LIMITADA;12440143000101;BRUSQUE;SC;SUL;1936;CELESC DIST;1,7;1,544624;0;1,544624;1,4904
202603;20/03/2026;8;899351;PHB Industrial Textil Ltda;01/04/2025;44651;PHB TEXTIL CL 514;Consumidor Livre;PHB INDUSTRIA TEXTIL LIMITADA;12440143000101;BRUSQUE;SC;SUL;1936;CELESC DIST;1,7;1,574465;0;1,574465;1,518336
202603;20/03/2026;9;899351;PHB Industrial Textil Ltda;01/04/2025;44651;PHB TEXTIL CL 514;Consumidor Livre;PHB INDUSTRIA TEXTIL LIMITADA;12440143000101;BRUSQUE;SC;SUL;1936;CELESC DIST;1,7;1,513827;0;1,513827;1,461312
202603;20/03/2026;10;899351;PHB Industrial Textil Ltda;01/04/2025;44651;PHB TEXTIL CL 514;Consumidor Livre;PHB INDUSTRIA TEXTIL LIMITADA;12440143000101;BRUSQUE;SC;SUL;1936;CELESC DIST;1,7;1,521843;0;1,521843;1,469952
202603;20/03/2026;11;899351;PHB Industrial Textil Ltda;01/04/2025;44651;PHB TEXTIL CL 514;Consumidor Livre;PHB INDUSTRIA TEXTIL LIMITADA;12440143000101;BRUSQUE;SC;SUL;1936;CELESC DIST;1,7;1,43869;0;1,43869;1,39248
202603;20/03/2026;12;899351;PHB Industrial Textil Ltda;01/04/2025;44651;PHB TEXTIL CL 514;Consumidor Livre;PHB INDUSTRIA TEXTIL LIMITADA;12440143000101;BRUSQUE;SC;SUL;1936;CELESC DIST;1,7;1,540641;0;1,540641;1,49328
202603;20/03/2026;13;899351;PHB Industrial Textil Ltda;01/04/2025;44651;PHB TEXTIL CL 514;Consumidor Livre;PHB INDUSTRIA TEXTIL LIMITADA;12440143000101;BRUSQUE;SC;SUL;1936;CELESC DIST;1,7;1,545109;0;1,545109;1,49616
202603;20/03/2026;14;899351;PHB Industrial Textil Ltda;01/04/2025;44651;PHB TEXTIL CL 514;Consumidor Livre;PHB INDUSTRIA TEXTIL LIMITADA;12440143000101;BRUSQUE;SC;SUL;1936;CELESC DIST;1,7;1,506551;0;1,506551;1,45584
202603;20/03/2026;15;899351;PHB Industrial Textil Ltda;01/04/2025;44651;PHB TEXTIL CL 514;Consumidor Livre;PHB INDUSTRIA TEXTIL LIMITADA;12440143000101;BRUSQUE;SC;SUL;1936;CELESC DIST;1,7;1,409827;0;1,409827;1,363392
202603;20/03/2026;16;899351;PHB Industrial Textil Ltda;01/04/2025;44651;PHB TEXTIL CL 514;Consumidor Livre;PHB INDUSTRIA TEXTIL LIMITADA;12440143000101;BRUSQUE;SC;SUL;1936;CELESC DIST;1,7;1,548343;0;1,548343;1,498464
202603;20/03/2026;17;899351;PHB Industrial Textil Ltda;01/04/2025;44651;PHB TEXTIL CL 514;Consumidor Livre;PHB INDUSTRIA TEXTIL LIMITADA;12440143000101;BRUSQUE;SC;SUL;1936;CELESC DIST;1,7;1,555052;0;1,555052;1,503936
202603;20/03/2026;18;899351;PHB Industrial Textil Ltda;01/04/2025;44651;PHB TEXTIL CL 514;Consumidor Livre;PHB INDUSTRIA TEXTIL LIMITADA;12440143000101;BRUSQUE;SC;SUL;1936;CELESC DIST;1,7;1,550077;0;1,550077;1,501344
202603;20/03/2026;19;899351;PHB Industrial Textil Ltda;01/04/2025;44651;PHB TEXTIL CL 514;Consumidor Livre;PHB INDUSTRIA TEXTIL LIMITADA;12440143000101;BRUSQUE;SC;SUL;1936;CELESC DIST;1,7;1,542038;0;1,542038;1,495008
202603;20/03/2026;20;899351;PHB Industrial Textil Ltda;01/04/2025;44651;PHB TEXTIL CL 514;Consumidor Livre;PHB INDUSTRIA TEXTIL LIMITADA;12440143000101;BRUSQUE;SC;SUL;1936;CELESC DIST;1,7;1,536432;0;1,536432;1,490976
202603;20/03/2026;21;899351;PHB Industrial Textil Ltda;01/04/2025;44651;PHB TEXTIL CL 514;Consumidor Livre;PHB INDUSTRIA TEXTIL LIMITADA;12440143000101;BRUSQUE;SC;SUL;1936;CELESC DIST;1,7;1,538969;0;1,538969;1,493568
202603;20/03/2026;22;899351;PHB Industrial Textil Ltda;01/04/2025;44651;PHB TEXTIL CL 514;Consumidor Livre;PHB INDUSTRIA TEXTIL LIMITADA;12440143000101;BRUSQUE;SC;SUL;1936;CELESC DIST;1,7;1,534983;0;1,534983;1,4904
202603;20/03/2026;23;899351;PHB Industrial Textil Ltda;01/04/2025;44651;PHB TEXTIL CL 514;Consumidor Livre;PHB INDUSTRIA TEXTIL LIMITADA;12440143000101;BRUSQUE;SC;SUL;1936;CELESC DIST;1,7;1,543623;0;1,543623;1,498464
202603;21/03/2026;0;899351;PHB Industrial Textil Ltda;01/04/2025;44651;PHB TEXTIL CL 514;Consumidor Livre;PHB INDUSTRIA TEXTIL LIMITADA;12440143000101;BRUSQUE;SC;SUL;1936;CELESC DIST;1,7;1,544972;0;1,544972;1,49904
202603;21/03/2026;1;899351;PHB Industrial Textil Ltda;01/04/2025;44651;PHB TEXTIL CL 514;Consumidor Livre;PHB INDUSTRIA TEXTIL LIMITADA;12440143000101;BRUSQUE;SC;SUL;1936;CELESC DIST;1,7;1,546077;0;1,546077;1,498176
202603;21/03/2026;2;899351;PHB Industrial Textil Ltda;01/04/2025;44651;PHB TEXTIL CL 514;Consumidor Livre;PHB INDUSTRIA TEXTIL LIMITADA;12440143000101;BRUSQUE;SC;SUL;1936;CELESC DIST;1,7;1,549869;0;1,549869;1,499904
202603;21/03/2026;3;899351;PHB Industrial Textil Ltda;01/04/2025;44651;PHB TEXTIL CL 514;Consumidor Livre;PHB INDUSTRIA TEXTIL LIMITADA;12440143000101;BRUSQUE;SC;SUL;1936;CELESC DIST;1,7;1,540201;0;1,540201;1,490688
202603;21/03/2026;4;899351;PHB Industrial Textil Ltda;01/04/2025;44651;PHB TEXTIL CL 514;Consumidor Livre;PHB INDUSTRIA TEXTIL LIMITADA;12440143000101;BRUSQUE;SC;SUL;1936;CELESC DIST;1,7;1,544786;0;1,544786;1,494432
202603;21/03/2026;5;899351;PHB Industrial Textil Ltda;01/04/2025;44651;PHB TEXTIL CL 514;Consumidor Livre;PHB INDUSTRIA TEXTIL LIMITADA;12440143000101;BRUSQUE;SC;SUL;1936;CELESC DIST;1,7;1,534451;0;1,534451;1,484064
202603;21/03/2026;6;899351;PHB Industrial Textil Ltda;01/04/2025;44651;PHB TEXTIL CL 514;Consumidor Livre;PHB INDUSTRIA TEXTIL LIMITADA;12440143000101;BRUSQUE;SC;SUL;1936;CELESC DIST;1,7;1,529857;0;1,529857;1,48032
202603;21/03/2026;7;899351;PHB Industrial Textil Ltda;01/04/2025;44651;PHB TEXTIL CL 514;Consumidor Livre;PHB INDUSTRIA TEXTIL LIMITADA;12440143000101;BRUSQUE;SC;SUL;1936;CELESC DIST;1,7;1,52814;0;1,52814;1,482624
202603;21/03/2026;8;899351;PHB Industrial Textil Ltda;01/04/2025;44651;PHB TEXTIL CL 514;Consumidor Livre;PHB INDUSTRIA TEXTIL LIMITADA;12440143000101;BRUSQUE;SC;SUL;1936;CELESC DIST;1,7;1,531791;0;1,531791;1,486368
202603;21/03/2026;9;899351;PHB Industrial Textil Ltda;01/04/2025;44651;PHB TEXTIL CL 514;Consumidor Livre;PHB INDUSTRIA TEXTIL LIMITADA;12440143000101;BRUSQUE;SC;SUL;1936;CELESC DIST;1,7;1,522982;0;1,522982;1,480032
202603;21/03/2026;10;899351;PHB Industrial Textil Ltda;01/04/2025;44651;PHB TEXTIL CL 514;Consumidor Livre;PHB INDUSTRIA TEXTIL LIMITADA;12440143000101;BRUSQUE;SC;SUL;1936;CELESC DIST;1,7;1,521197;0;1,521197;1,486368
202603;21/03/2026;11;899351;PHB Industrial Textil Ltda;01/04/2025;44651;PHB TEXTIL CL 514;Consumidor Livre;PHB INDUSTRIA TEXTIL LIMITADA;12440143000101;BRUSQUE;SC;SUL;1936;CELESC DIST;1,7;1,522298;0;1,522298;1,48896
202603;21/03/2026;12;899351;PHB Industrial Textil Ltda;01/04/2025;44651;PHB TEXTIL CL 514;Consumidor Livre;PHB INDUSTRIA TEXTIL LIMITADA;12440143000101;BRUSQUE;SC;SUL;1936;CELESC DIST;1,7;1,512235;0;1,512235;1,47744
202603;21/03/2026;13;899351;PHB Industrial Textil Ltda;01/04/2025;44651;PHB TEXTIL CL 514;Consumidor Livre;PHB INDUSTRIA TEXTIL LIMITADA;12440143000101;BRUSQUE;SC;SUL;1936;CELESC DIST;1,7;1,492181;0;1,492181;1,451808
202603;21/03/2026;14;899351;PHB Industrial Textil Ltda;01/04/2025;44651;PHB TEXTIL CL 514;Consumidor Livre;PHB INDUSTRIA TEXTIL LIMITADA;12440143000101;BRUSQUE;SC;SUL;1936;CELESC DIST;1,7;1,498844;0;1,498844;1,452672
202603;21/03/2026;15;899351;PHB Industrial Textil Ltda;01/04/2025;44651;PHB TEXTIL CL 514;Consumidor Livre;PHB INDUSTRIA TEXTIL LIMITADA;12440143000101;BRUSQUE;SC;SUL;1936;CELESC DIST;1,7;1,508514;0;1,508514;1,457568
202603;21/03/2026;16;899351;PHB Industrial Textil Ltda;01/04/2025;44651;PHB TEXTIL CL 514;Consumidor Livre;PHB INDUSTRIA TEXTIL LIMITADA;12440143000101;BRUSQUE;SC;SUL;1936;CELESC DIST;1,7;1,506924;0;1,506924;1,456416
202603;21/03/2026;17;899351;PHB Industrial Textil Ltda;01/04/2025;44651;PHB TEXTIL CL 514;Consumidor Livre;PHB INDUSTRIA TEXTIL LIMITADA;12440143000101;BRUSQUE;SC;SUL;1936;CELESC DIST;1,7;1,523959;0;1,523959;1,474272
202603;21/03/2026;18;899351;PHB Industrial Textil Ltda;01/04/2025;44651;PHB TEXTIL CL 514;Consumidor Livre;PHB INDUSTRIA TEXTIL LIMITADA;12440143000101;BRUSQUE;SC;SUL;1936;CELESC DIST;1,7;1,512334;0;1,512334;1,467648
202603;21/03/2026;19;899351;PHB Industrial Textil Ltda;01/04/2025;44651;PHB TEXTIL CL 514;Consumidor Livre;PHB INDUSTRIA TEXTIL LIMITADA;12440143000101;BRUSQUE;SC;SUL;1936;CELESC DIST;1,7;1,510191;0;1,510191;1,468512
202603;21/03/2026;20;899351;PHB Industrial Textil Ltda;01/04/2025;44651;PHB TEXTIL CL 514;Consumidor Livre;PHB INDUSTRIA TEXTIL LIMITADA;12440143000101;BRUSQUE;SC;SUL;1936;CELESC DIST;1,7;1,50929;0;1,50929;1,467072
202603;21/03/2026;21;899351;PHB Industrial Textil Ltda;01/04/2025;44651;PHB TEXTIL CL 514;Consumidor Livre;PHB INDUSTRIA TEXTIL LIMITADA;12440143000101;BRUSQUE;SC;SUL;1936;CELESC DIST;1,7;1,506096;0;1,506096;1,462752
202603;21/03/2026;22;899351;PHB Industrial Textil Ltda;01/04/2025;44651;PHB TEXTIL CL 514;Consumidor Livre;PHB INDUSTRIA TEXTIL LIMITADA;12440143000101;BRUSQUE;SC;SUL;1936;CELESC DIST;1,7;1,502986;0;1,502986;1,46016
202603;21/03/2026;23;899351;PHB Industrial Textil Ltda;01/04/2025;44651;PHB TEXTIL CL 514;Consumidor Livre;PHB INDUSTRIA TEXTIL LIMITADA;12440143000101;BRUSQUE;SC;SUL;1936;CELESC DIST;1,7;1,520735;0;1,520735;1,476
202603;22/03/2026;0;899351;PHB Industrial Textil Ltda;01/04/2025;44651;PHB TEXTIL CL 514;Consumidor Livre;PHB INDUSTRIA TEXTIL LIMITADA;12440143000101;BRUSQUE;SC;SUL;1936;CELESC DIST;1,7;1,512253;0;1,512253;1,465056
202603;22/03/2026;1;899351;PHB Industrial Textil Ltda;01/04/2025;44651;PHB TEXTIL CL 514;Consumidor Livre;PHB INDUSTRIA TEXTIL LIMITADA;12440143000101;BRUSQUE;SC;SUL;1936;CELESC DIST;1,7;1,508543;0;1,508543;1,461024
202603;22/03/2026;2;899351;PHB Industrial Textil Ltda;01/04/2025;44651;PHB TEXTIL CL 514;Consumidor Livre;PHB INDUSTRIA TEXTIL LIMITADA;12440143000101;BRUSQUE;SC;SUL;1936;CELESC DIST;1,7;1,517097;0;1,517097;1,467648
202603;22/03/2026;3;899351;PHB Industrial Textil Ltda;01/04/2025;44651;PHB TEXTIL CL 514;Consumidor Livre;PHB INDUSTRIA TEXTIL LIMITADA;12440143000101;BRUSQUE;SC;SUL;1936;CELESC DIST;1,7;1,522824;0;1,522824;1,471968
202603;22/03/2026;4;899351;PHB Industrial Textil Ltda;01/04/2025;44651;PHB TEXTIL CL 514;Consumidor Livre;PHB INDUSTRIA TEXTIL LIMITADA;12440143000101;BRUSQUE;SC;SUL;1936;CELESC DIST;1,7;1,514231;0;1,514231;1,463616
202603;22/03/2026;5;899351;PHB Industrial Textil Ltda;01/04/2025;44651;PHB TEXTIL CL 514;Consumidor Livre;PHB INDUSTRIA TEXTIL LIMITADA;12440143000101;BRUSQUE;SC;SUL;1936;CELESC DIST;1,7;1,518867;0;1,518867;1,466496
202603;22/03/2026;6;899351;PHB Industrial Textil Ltda;01/04/2025;44651;PHB TEXTIL CL 514;Consumidor Livre;PHB INDUSTRIA TEXTIL LIMITADA;12440143000101;BRUSQUE;SC;SUL;1936;CELESC DIST;1,7;1,520419;0;1,520419;1,471104
202603;22/03/2026;7;899351;PHB Industrial Textil Ltda;01/04/2025;44651;PHB TEXTIL CL 514;Consumidor Livre;PHB INDUSTRIA TEXTIL LIMITADA;12440143000101;BRUSQUE;SC;SUL;1936;CELESC DIST;1,7;1,516866;0;1,516866;1,47312
202603;22/03/2026;8;899351;PHB Industrial Textil Ltda;01/04/2025;44651;PHB TEXTIL CL 514;Consumidor Livre;PHB INDUSTRIA TEXTIL LIMITADA;12440143000101;BRUSQUE;SC;SUL;1936;CELESC DIST;1,7;1,514692;0;1,514692;1,472256
202603;22/03/2026;9;899351;PHB Industrial Textil Ltda;01/04/2025;44651;PHB TEXTIL CL 514;Consumidor Livre;PHB INDUSTRIA TEXTIL LIMITADA;12440143000101;BRUSQUE;SC;SUL;1936;CELESC DIST;1,7;1,500056;0;1,500056;1,465056
202603;22/03/2026;10;899351;PHB Industrial Textil Ltda;01/04/2025;44651;PHB TEXTIL CL 514;Consumidor Livre;PHB INDUSTRIA TEXTIL LIMITADA;12440143000101;BRUSQUE;SC;SUL;1936;CELESC DIST;1,7;1,479166;0;1,479166;1,460736
202603;22/03/2026;11;899351;PHB Industrial Textil Ltda;01/04/2025;44651;PHB TEXTIL CL 514;Consumidor Livre;PHB INDUSTRIA TEXTIL LIMITADA;12440143000101;BRUSQUE;SC;SUL;1936;CELESC DIST;1,7;1,399503;0;1,399503;1,384416
202603;22/03/2026;12;899351;PHB Industrial Textil Ltda;01/04/2025;44651;PHB TEXTIL CL 514;Consumidor Livre;PHB INDUSTRIA TEXTIL LIMITADA;12440143000101;BRUSQUE;SC;SUL;1936;CELESC DIST;1,7;1,478999;0;1,478999;1,45728
202603;22/03/2026;13;899351;PHB Industrial Textil Ltda;01/04/2025;44651;PHB TEXTIL CL 514;Consumidor Livre;PHB INDUSTRIA TEXTIL LIMITADA;12440143000101;BRUSQUE;SC;SUL;1936;CELESC DIST;1,7;1,499849;0;1,499849;1,469664
202603;22/03/2026;14;899351;PHB Industrial Textil Ltda;01/04/2025;44651;PHB TEXTIL CL 514;Consumidor Livre;PHB INDUSTRIA TEXTIL LIMITADA;12440143000101;BRUSQUE;SC;SUL;1936;CELESC DIST;1,7;1,507591;0;1,507591;1,47168
202603;22/03/2026;15;899351;PHB Industrial Textil Ltda;01/04/2025;44651;PHB TEXTIL CL 514;Consumidor Livre;PHB INDUSTRIA TEXTIL LIMITADA;12440143000101;BRUSQUE;SC;SUL;1936;CELESC DIST;1,7;1,517683;0;1,517683;1,47312
202603;22/03/2026;16;899351;PHB Industrial Textil Ltda;01/04/2025;44651;PHB TEXTIL CL 514;Consumidor Livre;PHB INDUSTRIA TEXTIL LIMITADA;12440143000101;BRUSQUE;SC;SUL;1936;CELESC DIST;1,7;1,524125;0;1,524125;1,480032
202603;22/03/2026;17;899351;PHB Industrial Textil Ltda;01/04/2025;44651;PHB TEXTIL CL 514;Consumidor Livre;PHB INDUSTRIA TEXTIL LIMITADA;12440143000101;BRUSQUE;SC;SUL;1936;CELESC DIST;1,7;1,527837;0;1,527837;1,479456
202603;22/03/2026;18;899351;PHB Industrial Textil Ltda;01/04/2025;44651;PHB TEXTIL CL 514;Consumidor Livre;PHB INDUSTRIA TEXTIL LIMITADA;12440143000101;BRUSQUE;SC;SUL;1936;CELESC DIST;1,7;1,529012;0;1,529012;1,481472
202603;22/03/2026;19;899351;PHB Industrial Textil Ltda;01/04/2025;44651;PHB TEXTIL CL 514;Consumidor Livre;PHB INDUSTRIA TEXTIL LIMITADA;12440143000101;BRUSQUE;SC;SUL;1936;CELESC DIST;1,7;1,505472;0;1,505472;1,462176
202603;22/03/2026;20;899351;PHB Industrial Textil Ltda;01/04/2025;44651;PHB TEXTIL CL 514;Consumidor Livre;PHB INDUSTRIA TEXTIL LIMITADA;12440143000101;BRUSQUE;SC;SUL;1936;CELESC DIST;1,7;1,505056;0;1,505056;1,462752
202603;22/03/2026;21;899351;PHB Industrial Textil Ltda;01/04/2025;44651;PHB TEXTIL CL 514;Consumidor Livre;PHB INDUSTRIA TEXTIL LIMITADA;12440143000101;BRUSQUE;SC;SUL;1936;CELESC DIST;1,7;1,527369;0;1,527369;1,484928
202603;22/03/2026;22;899351;PHB Industrial Textil Ltda;01/04/2025;44651;PHB TEXTIL CL 514;Consumidor Livre;PHB INDUSTRIA TEXTIL LIMITADA;12440143000101;BRUSQUE;SC;SUL;1936;CELESC DIST;1,7;1,543239;0;1,543239;1,500768
202603;22/03/2026;23;899351;PHB Industrial Textil Ltda;01/04/2025;44651;PHB TEXTIL CL 514;Consumidor Livre;PHB INDUSTRIA TEXTIL LIMITADA;12440143000101;BRUSQUE;SC;SUL;1936;CELESC DIST;1,7;1,554655;0;1,554655;1,51056
202603;23/03/2026;0;899351;PHB Industrial Textil Ltda;01/04/2025;44651;PHB TEXTIL CL 514;Consumidor Livre;PHB INDUSTRIA TEXTIL LIMITADA;12440143000101;BRUSQUE;SC;SUL;1936;CELESC DIST;1,7;1,551063;0;1,551063;1,5048
202603;23/03/2026;1;899351;PHB Industrial Textil Ltda;01/04/2025;44651;PHB TEXTIL CL 514;Consumidor Livre;PHB INDUSTRIA TEXTIL LIMITADA;12440143000101;BRUSQUE;SC;SUL;1936;CELESC DIST;1,7;1,558422;0;1,558422;1,509984
202603;23/03/2026;2;899351;PHB Industrial Textil Ltda;01/04/2025;44651;PHB TEXTIL CL 514;Consumidor Livre;PHB INDUSTRIA TEXTIL LIMITADA;12440143000101;BRUSQUE;SC;SUL;1936;CELESC DIST;1,7;1,555823;0;1,555823;1,507104
202603;23/03/2026;3;899351;PHB Industrial Textil Ltda;01/04/2025;44651;PHB TEXTIL CL 514;Consumidor Livre;PHB INDUSTRIA TEXTIL LIMITADA;12440143000101;BRUSQUE;SC;SUL;1936;CELESC DIST;1,7;1,549211;0;1,549211;1,500192
202603;23/03/2026;4;899351;PHB Industrial Textil Ltda;01/04/2025;44651;PHB TEXTIL CL 514;Consumidor Livre;PHB INDUSTRIA TEXTIL LIMITADA;12440143000101;BRUSQUE;SC;SUL;1936;CELESC DIST;1,7;1,558503;0;1,558503;1,507968
202603;23/03/2026;5;899351;PHB Industrial Textil Ltda;01/04/2025;44651;PHB TEXTIL CL 514;Consumidor Livre;PHB INDUSTRIA TEXTIL LIMITADA;12440143000101;BRUSQUE;SC;SUL;1936;CELESC DIST;1,7;1,560992;0;1,560992;1,509408
202603;23/03/2026;6;899351;PHB Industrial Textil Ltda;01/04/2025;44651;PHB TEXTIL CL 514;Consumidor Livre;PHB INDUSTRIA TEXTIL LIMITADA;12440143000101;BRUSQUE;SC;SUL;1936;CELESC DIST;1,7;1,562222;0;1,562222;1,511136
202603;23/03/2026;7;899351;PHB Industrial Textil Ltda;01/04/2025;44651;PHB TEXTIL CL 514;Consumidor Livre;PHB INDUSTRIA TEXTIL LIMITADA;12440143000101;BRUSQUE;SC;SUL;1936;CELESC DIST;1,7;1,567128;0;1,567128;1,51776
202603;23/03/2026;8;899351;PHB Industrial Textil Ltda;01/04/2025;44651;PHB TEXTIL CL 514;Consumidor Livre;PHB INDUSTRIA TEXTIL LIMITADA;12440143000101;BRUSQUE;SC;SUL;1936;CELESC DIST;1,7;1,564701;0;1,564701;1,518912
202603;23/03/2026;9;899351;PHB Industrial Textil Ltda;01/04/2025;44651;PHB TEXTIL CL 514;Consumidor Livre;PHB INDUSTRIA TEXTIL LIMITADA;12440143000101;BRUSQUE;SC;SUL;1936;CELESC DIST;1,7;1,554661;0;1,554661;1,507392
202603;23/03/2026;10;899351;PHB Industrial Textil Ltda;01/04/2025;44651;PHB TEXTIL CL 514;Consumidor Livre;PHB INDUSTRIA TEXTIL LIMITADA;12440143000101;BRUSQUE;SC;SUL;1936;CELESC DIST;1,7;1,561;0;1,561;1,516032
202603;23/03/2026;11;899351;PHB Industrial Textil Ltda;01/04/2025;44651;PHB TEXTIL CL 514;Consumidor Livre;PHB INDUSTRIA TEXTIL LIMITADA;12440143000101;BRUSQUE;SC;SUL;1936;CELESC DIST;1,7;1,555359;0;1,555359;1,513152
202603;23/03/2026;12;899351;PHB Industrial Textil Ltda;01/04/2025;44651;PHB TEXTIL CL 514;Consumidor Livre;PHB INDUSTRIA TEXTIL LIMITADA;12440143000101;BRUSQUE;SC;SUL;1936;CELESC DIST;1,7;1,48064;0;1,48064;1,437984
202603;23/03/2026;13;899351;PHB Industrial Textil Ltda;01/04/2025;44651;PHB TEXTIL CL 514;Consumidor Livre;PHB INDUSTRIA TEXTIL LIMITADA;12440143000101;BRUSQUE;SC;SUL;1936;CELESC DIST;1,7;1,556994;0;1,556994;1,507392
202603;23/03/2026;14;899351;PHB Industrial Textil Ltda;01/04/2025;44651;PHB TEXTIL CL 514;Consumidor Livre;PHB INDUSTRIA TEXTIL LIMITADA;12440143000101;BRUSQUE;SC;SUL;1936;CELESC DIST;1,7;1,557666;0;1,557666;1,509408
202603;23/03/2026;15;899351;PHB Industrial Textil Ltda;01/04/2025;44651;PHB TEXTIL CL 514;Consumidor Livre;PHB INDUSTRIA TEXTIL LIMITADA;12440143000101;BRUSQUE;SC;SUL;1936;CELESC DIST;1,7;1,565018;0;1,565018;1,516896
202603;23/03/2026;16;899351;PHB Industrial Textil Ltda;01/04/2025;44651;PHB TEXTIL CL 514;Consumidor Livre;PHB INDUSTRIA TEXTIL LIMITADA;12440143000101;BRUSQUE;SC;SUL;1936;CELESC DIST;1,7;1,565526;0;1,565526;1,518624
202603;23/03/2026;17;899351;PHB Industrial Textil Ltda;01/04/2025;44651;PHB TEXTIL CL 514;Consumidor Livre;PHB INDUSTRIA TEXTIL LIMITADA;12440143000101;BRUSQUE;SC;SUL;1936;CELESC DIST;1,7;1,546958;0;1,546958;1,503648
202603;23/03/2026;18;899351;PHB Industrial Textil Ltda;01/04/2025;44651;PHB TEXTIL CL 514;Consumidor Livre;PHB INDUSTRIA TEXTIL LIMITADA;12440143000101;BRUSQUE;SC;SUL;1936;CELESC DIST;1,7;1,541979;0;1,541979;1,49904
202603;23/03/2026;19;899351;PHB Industrial Textil Ltda;01/04/2025;44651;PHB TEXTIL CL 514;Consumidor Livre;PHB INDUSTRIA TEXTIL LIMITADA;12440143000101;BRUSQUE;SC;SUL;1936;CELESC DIST;1,7;1,553861;0;1,553861;1,511136
202603;23/03/2026;20;899351;PHB Industrial Textil Ltda;01/04/2025;44651;PHB TEXTIL CL 514;Consumidor Livre;PHB INDUSTRIA TEXTIL LIMITADA;12440143000101;BRUSQUE;SC;SUL;1936;CELESC DIST;1,7;1,541533;0;1,541533;1,497312
202603;23/03/2026;21;899351;PHB Industrial Textil Ltda;01/04/2025;44651;PHB TEXTIL CL 514;Consumidor Livre;PHB INDUSTRIA TEXTIL LIMITADA;12440143000101;BRUSQUE;SC;SUL;1936;CELESC DIST;1,7;1,545229;0;1,545229;1,502208
202603;23/03/2026;22;899351;PHB Industrial Textil Ltda;01/04/2025;44651;PHB TEXTIL CL 514;Consumidor Livre;PHB INDUSTRIA TEXTIL LIMITADA;12440143000101;BRUSQUE;SC;SUL;1936;CELESC DIST;1,7;1,546305;0;1,546305;1,503072
202603;23/03/2026;23;899351;PHB Industrial Textil Ltda;01/04/2025;44651;PHB TEXTIL CL 514;Consumidor Livre;PHB INDUSTRIA TEXTIL LIMITADA;12440143000101;BRUSQUE;SC;SUL;1936;CELESC DIST;1,7;1,545653;0;1,545653;1,501344
202603;24/03/2026;0;899351;PHB Industrial Textil Ltda;01/04/2025;44651;PHB TEXTIL CL 514;Consumidor Livre;PHB INDUSTRIA TEXTIL LIMITADA;12440143000101;BRUSQUE;SC;SUL;1936;CELESC DIST;1,7;1,549025;0;1,549025;1,501632
202603;24/03/2026;1;899351;PHB Industrial Textil Ltda;01/04/2025;44651;PHB TEXTIL CL 514;Consumidor Livre;PHB INDUSTRIA TEXTIL LIMITADA;12440143000101;BRUSQUE;SC;SUL;1936;CELESC DIST;1,7;1,556652;0;1,556652;1,50768
202603;24/03/2026;2;899351;PHB Industrial Textil Ltda;01/04/2025;44651;PHB TEXTIL CL 514;Consumidor Livre;PHB INDUSTRIA TEXTIL LIMITADA;12440143000101;BRUSQUE;SC;SUL;1936;CELESC DIST;1,7;1,55472;0;1,55472;1,504512
202603;24/03/2026;3;899351;PHB Industrial Textil Ltda;01/04/2025;44651;PHB TEXTIL CL 514;Consumidor Livre;PHB INDUSTRIA TEXTIL LIMITADA;12440143000101;BRUSQUE;SC;SUL;1936;CELESC DIST;1,7;1,556111;0;1,556111;1,505376
202603;24/03/2026;4;899351;PHB Industrial Textil Ltda;01/04/2025;44651;PHB TEXTIL CL 514;Consumidor Livre;PHB INDUSTRIA TEXTIL LIMITADA;12440143000101;BRUSQUE;SC;SUL;1936;CELESC DIST;1,7;1,476399;0;1,476399;1,429344
202603;24/03/2026;5;899351;PHB Industrial Textil Ltda;01/04/2025;44651;PHB TEXTIL CL 514;Consumidor Livre;PHB INDUSTRIA TEXTIL LIMITADA;12440143000101;BRUSQUE;SC;SUL;1936;CELESC DIST;1,7;1,54198;0;1,54198;1,492128
202603;24/03/2026;6;899351;PHB Industrial Textil Ltda;01/04/2025;44651;PHB TEXTIL CL 514;Consumidor Livre;PHB INDUSTRIA TEXTIL LIMITADA;12440143000101;BRUSQUE;SC;SUL;1936;CELESC DIST;1,7;1,531777;0;1,531777;1,4832
202603;24/03/2026;7;899351;PHB Industrial Textil Ltda;01/04/2025;44651;PHB TEXTIL CL 514;Consumidor Livre;PHB INDUSTRIA TEXTIL LIMITADA;12440143000101;BRUSQUE;SC;SUL;1936;CELESC DIST;1,7;1,53044;0;1,53044;1,480608
202603;24/03/2026;8;899351;PHB Industrial Textil Ltda;01/04/2025;44651;PHB TEXTIL CL 514;Consumidor Livre;PHB INDUSTRIA TEXTIL LIMITADA;12440143000101;BRUSQUE;SC;SUL;1936;CELESC DIST;1,7;1,503374;0;1,503374;1,454112
202603;24/03/2026;9;899351;PHB Industrial Textil Ltda;01/04/2025;44651;PHB TEXTIL CL 514;Consumidor Livre;PHB INDUSTRIA TEXTIL LIMITADA;12440143000101;BRUSQUE;SC;SUL;1936;CELESC DIST;1,7;1,50593;0;1,50593;1,45584
202603;24/03/2026;10;899351;PHB Industrial Textil Ltda;01/04/2025;44651;PHB TEXTIL CL 514;Consumidor Livre;PHB INDUSTRIA TEXTIL LIMITADA;12440143000101;BRUSQUE;SC;SUL;1936;CELESC DIST;1,7;1,533205;0;1,533205;1,482912
202603;24/03/2026;11;899351;PHB Industrial Textil Ltda;01/04/2025;44651;PHB TEXTIL CL 514;Consumidor Livre;PHB INDUSTRIA TEXTIL LIMITADA;12440143000101;BRUSQUE;SC;SUL;1936;CELESC DIST;1,7;1,539357;0;1,539357;1,489248
202603;24/03/2026;12;899351;PHB Industrial Textil Ltda;01/04/2025;44651;PHB TEXTIL CL 514;Consumidor Livre;PHB INDUSTRIA TEXTIL LIMITADA;12440143000101;BRUSQUE;SC;SUL;1936;CELESC DIST;1,7;1,535373;0;1,535373;1,48608
202603;24/03/2026;13;899351;PHB Industrial Textil Ltda;01/04/2025;44651;PHB TEXTIL CL 514;Consumidor Livre;PHB INDUSTRIA TEXTIL LIMITADA;12440143000101;BRUSQUE;SC;SUL;1936;CELESC DIST;1,7;1,560952;0;1,560952;1,506528
202603;24/03/2026;14;899351;PHB Industrial Textil Ltda;01/04/2025;44651;PHB TEXTIL CL 514;Consumidor Livre;PHB INDUSTRIA TEXTIL LIMITADA;12440143000101;BRUSQUE;SC;SUL;1936;CELESC DIST;1,7;1,566103;0;1,566103;1,519776
202603;24/03/2026;15;899351;PHB Industrial Textil Ltda;01/04/2025;44651;PHB TEXTIL CL 514;Consumidor Livre;PHB INDUSTRIA TEXTIL LIMITADA;12440143000101;BRUSQUE;SC;SUL;1936;CELESC DIST;1,7;1,56114;0;1,56114;1,513728
202603;24/03/2026;16;899351;PHB Industrial Textil Ltda;01/04/2025;44651;PHB TEXTIL CL 514;Consumidor Livre;PHB INDUSTRIA TEXTIL LIMITADA;12440143000101;BRUSQUE;SC;SUL;1936;CELESC DIST;1,7;1,568986;0;1,568986;1,520064
202603;24/03/2026;17;899351;PHB Industrial Textil Ltda;01/04/2025;44651;PHB TEXTIL CL 514;Consumidor Livre;PHB INDUSTRIA TEXTIL LIMITADA;12440143000101;BRUSQUE;SC;SUL;1936;CELESC DIST;1,7;1,55849;0;1,55849;1,509984
202603;24/03/2026;18;899351;PHB Industrial Textil Ltda;01/04/2025;44651;PHB TEXTIL CL 514;Consumidor Livre;PHB INDUSTRIA TEXTIL LIMITADA;12440143000101;BRUSQUE;SC;SUL;1936;CELESC DIST;1,7;1,555789;0;1,555789;1,506816
202603;24/03/2026;19;899351;PHB Industrial Textil Ltda;01/04/2025;44651;PHB TEXTIL CL 514;Consumidor Livre;PHB INDUSTRIA TEXTIL LIMITADA;12440143000101;BRUSQUE;SC;SUL;1936;CELESC DIST;1,7;1,55976;0;1,55976;1,51344
202603;24/03/2026;20;899351;PHB Industrial Textil Ltda;01/04/2025;44651;PHB TEXTIL CL 514;Consumidor Livre;PHB INDUSTRIA TEXTIL LIMITADA;12440143000101;BRUSQUE;SC;SUL;1936;CELESC DIST;1,7;1,544363;0;1,544363;1,500768
202603;24/03/2026;21;899351;PHB Industrial Textil Ltda;01/04/2025;44651;PHB TEXTIL CL 514;Consumidor Livre;PHB INDUSTRIA TEXTIL LIMITADA;12440143000101;BRUSQUE;SC;SUL;1936;CELESC DIST;1,7;1,547419;0;1,547419;1,503072
202603;24/03/2026;22;899351;PHB Industrial Textil Ltda;01/04/2025;44651;PHB TEXTIL CL 514;Consumidor Livre;PHB INDUSTRIA TEXTIL LIMITADA;12440143000101;BRUSQUE;SC;SUL;1936;CELESC DIST;1,7;1,544675;0;1,544675;1,500768
202603;24/03/2026;23;899351;PHB Industrial Textil Ltda;01/04/2025;44651;PHB TEXTIL CL 514;Consumidor Livre;PHB INDUSTRIA TEXTIL LIMITADA;12440143000101;BRUSQUE;SC;SUL;1936;CELESC DIST;1,7;1,541766;0;1,541766;1,49616
202603;25/03/2026;0;899351;PHB Industrial Textil Ltda;01/04/2025;44651;PHB TEXTIL CL 514;Consumidor Livre;PHB INDUSTRIA TEXTIL LIMITADA;12440143000101;BRUSQUE;SC;SUL;1936;CELESC DIST;1,7;1,546502;0;1,546502;1,49904
202603;25/03/2026;1;899351;PHB Industrial Textil Ltda;01/04/2025;44651;PHB TEXTIL CL 514;Consumidor Livre;PHB INDUSTRIA TEXTIL LIMITADA;12440143000101;BRUSQUE;SC;SUL;1936;CELESC DIST;1,7;1,557193;0;1,557193;1,508256
202603;25/03/2026;2;899351;PHB Industrial Textil Ltda;01/04/2025;44651;PHB TEXTIL CL 514;Consumidor Livre;PHB INDUSTRIA TEXTIL LIMITADA;12440143000101;BRUSQUE;SC;SUL;1936;CELESC DIST;1,7;1,560436;0;1,560436;1,510848
202603;25/03/2026;3;899351;PHB Industrial Textil Ltda;01/04/2025;44651;PHB TEXTIL CL 514;Consumidor Livre;PHB INDUSTRIA TEXTIL LIMITADA;12440143000101;BRUSQUE;SC;SUL;1936;CELESC DIST;1,7;1,552334;0;1,552334;1,502208
202603;25/03/2026;4;899351;PHB Industrial Textil Ltda;01/04/2025;44651;PHB TEXTIL CL 514;Consumidor Livre;PHB INDUSTRIA TEXTIL LIMITADA;12440143000101;BRUSQUE;SC;SUL;1936;CELESC DIST;1,7;1,552167;0;1,552167;1,503936
202603;25/03/2026;5;899351;PHB Industrial Textil Ltda;01/04/2025;44651;PHB TEXTIL CL 514;Consumidor Livre;PHB INDUSTRIA TEXTIL LIMITADA;12440143000101;BRUSQUE;SC;SUL;1936;CELESC DIST;1,7;1,550316;0;1,550316;1,504224
202603;25/03/2026;6;899351;PHB Industrial Textil Ltda;01/04/2025;44651;PHB TEXTIL CL 514;Consumidor Livre;PHB INDUSTRIA TEXTIL LIMITADA;12440143000101;BRUSQUE;SC;SUL;1936;CELESC DIST;1,7;1,559424;0;1,559424;1,507392
202603;25/03/2026;7;899351;PHB Industrial Textil Ltda;01/04/2025;44651;PHB TEXTIL CL 514;Consumidor Livre;PHB INDUSTRIA TEXTIL LIMITADA;12440143000101;BRUSQUE;SC;SUL;1936;CELESC DIST;1,7;1,560083;0;1,560083;1,50768
202603;25/03/2026;8;899351;PHB Industrial Textil Ltda;01/04/2025;44651;PHB TEXTIL CL 514;Consumidor Livre;PHB INDUSTRIA TEXTIL LIMITADA;12440143000101;BRUSQUE;SC;SUL;1936;CELESC DIST;1,7;1,558605;0;1,558605;1,505376
202603;25/03/2026;9;899351;PHB Industrial Textil Ltda;01/04/2025;44651;PHB TEXTIL CL 514;Consumidor Livre;PHB INDUSTRIA TEXTIL LIMITADA;12440143000101;BRUSQUE;SC;SUL;1936;CELESC DIST;1,7;1,545268;0;1,545268;1,49328
202603;25/03/2026;10;899351;PHB Industrial Textil Ltda;01/04/2025;44651;PHB TEXTIL CL 514;Consumidor Livre;PHB INDUSTRIA TEXTIL LIMITADA;12440143000101;BRUSQUE;SC;SUL;1936;CELESC DIST;1,7;1,533956;0;1,533956;1,485792
202603;25/03/2026;11;899351;PHB Industrial Textil Ltda;01/04/2025;44651;PHB TEXTIL CL 514;Consumidor Livre;PHB INDUSTRIA TEXTIL LIMITADA;12440143000101;BRUSQUE;SC;SUL;1936;CELESC DIST;1,7;1,557686;0;1,557686;1,512
202603;25/03/2026;12;899351;PHB Industrial Textil Ltda;01/04/2025;44651;PHB TEXTIL CL 514;Consumidor Livre;PHB INDUSTRIA TEXTIL LIMITADA;12440143000101;BRUSQUE;SC;SUL;1936;CELESC DIST;1,7;1,557246;0;1,557246;1,513728
202603;25/03/2026;13;899351;PHB Industrial Textil Ltda;01/04/2025;44651;PHB TEXTIL CL 514;Consumidor Livre;PHB INDUSTRIA TEXTIL LIMITADA;12440143000101;BRUSQUE;SC;SUL;1936;CELESC DIST;1,7;1,569032;0;1,569032;1,51632
202603;25/03/2026;14;899351;PHB Industrial Textil Ltda;01/04/2025;44651;PHB TEXTIL CL 514;Consumidor Livre;PHB INDUSTRIA TEXTIL LIMITADA;12440143000101;BRUSQUE;SC;SUL;1936;CELESC DIST;1,7;1,57499;0;1,57499;1,52208
202603;25/03/2026;15;899351;PHB Industrial Textil Ltda;01/04/2025;44651;PHB TEXTIL CL 514;Consumidor Livre;PHB INDUSTRIA TEXTIL LIMITADA;12440143000101;BRUSQUE;SC;SUL;1936;CELESC DIST;1,7;1,572073;0;1,572073;1,520064
202603;25/03/2026;16;899351;PHB Industrial Textil Ltda;01/04/2025;44651;PHB TEXTIL CL 514;Consumidor Livre;PHB INDUSTRIA TEXTIL LIMITADA;12440143000101;BRUSQUE;SC;SUL;1936;CELESC DIST;1,7;1,571816;0;1,571816;1,523808
202603;25/03/2026;17;899351;PHB Industrial Textil Ltda;01/04/2025;44651;PHB TEXTIL CL 514;Consumidor Livre;PHB INDUSTRIA TEXTIL LIMITADA;12440143000101;BRUSQUE;SC;SUL;1936;CELESC DIST;1,7;1,556779;0;1,556779;1,509984
202603;25/03/2026;18;899351;PHB Industrial Textil Ltda;01/04/2025;44651;PHB TEXTIL CL 514;Consumidor Livre;PHB INDUSTRIA TEXTIL LIMITADA;12440143000101;BRUSQUE;SC;SUL;1936;CELESC DIST;1,7;1,538836;0;1,538836;1,491264
202603;25/03/2026;19;899351;PHB Industrial Textil Ltda;01/04/2025;44651;PHB TEXTIL CL 514;Consumidor Livre;PHB INDUSTRIA TEXTIL LIMITADA;12440143000101;BRUSQUE;SC;SUL;1936;CELESC DIST;1,7;1,471497;0;1,471497;1,426752
202603;25/03/2026;20;899351;PHB Industrial Textil Ltda;01/04/2025;44651;PHB TEXTIL CL 514;Consumidor Livre;PHB INDUSTRIA TEXTIL LIMITADA;12440143000101;BRUSQUE;SC;SUL;1936;CELESC DIST;1,7;1,460233;0;1,460233;1,416672
202603;25/03/2026;21;899351;PHB Industrial Textil Ltda;01/04/2025;44651;PHB TEXTIL CL 514;Consumidor Livre;PHB INDUSTRIA TEXTIL LIMITADA;12440143000101;BRUSQUE;SC;SUL;1936;CELESC DIST;1,7;1,537022;0;1,537022;1,49184
202603;25/03/2026;22;899351;PHB Industrial Textil Ltda;01/04/2025;44651;PHB TEXTIL CL 514;Consumidor Livre;PHB INDUSTRIA TEXTIL LIMITADA;12440143000101;BRUSQUE;SC;SUL;1936;CELESC DIST;1,7;1,547094;0;1,547094;1,50048
202603;25/03/2026;23;899351;PHB Industrial Textil Ltda;01/04/2025;44651;PHB TEXTIL CL 514;Consumidor Livre;PHB INDUSTRIA TEXTIL LIMITADA;12440143000101;BRUSQUE;SC;SUL;1936;CELESC DIST;1,7;1,558085;0;1,558085;1,50624
202603;26/03/2026;0;899351;PHB Industrial Textil Ltda;01/04/2025;44651;PHB TEXTIL CL 514;Consumidor Livre;PHB INDUSTRIA TEXTIL LIMITADA;12440143000101;BRUSQUE;SC;SUL;1936;CELESC DIST;1,7;1,559466;0;1,559466;1,51056
202603;26/03/2026;1;899351;PHB Industrial Textil Ltda;01/04/2025;44651;PHB TEXTIL CL 514;Consumidor Livre;PHB INDUSTRIA TEXTIL LIMITADA;12440143000101;BRUSQUE;SC;SUL;1936;CELESC DIST;1,7;1,563153;0;1,563153;1,515168
202603;26/03/2026;2;899351;PHB Industrial Textil Ltda;01/04/2025;44651;PHB TEXTIL CL 514;Consumidor Livre;PHB INDUSTRIA TEXTIL LIMITADA;12440143000101;BRUSQUE;SC;SUL;1936;CELESC DIST;1,7;1,559001;0;1,559001;1,512
202603;26/03/2026;3;899351;PHB Industrial Textil Ltda;01/04/2025;44651;PHB TEXTIL CL 514;Consumidor Livre;PHB INDUSTRIA TEXTIL LIMITADA;12440143000101;BRUSQUE;SC;SUL;1936;CELESC DIST;1,7;1,551104;0;1,551104;1,504512
202603;26/03/2026;4;899351;PHB Industrial Textil Ltda;01/04/2025;44651;PHB TEXTIL CL 514;Consumidor Livre;PHB INDUSTRIA TEXTIL LIMITADA;12440143000101;BRUSQUE;SC;SUL;1936;CELESC DIST;1,7;1,554544;0;1,554544;1,505664
202603;26/03/2026;5;899351;PHB Industrial Textil Ltda;01/04/2025;44651;PHB TEXTIL CL 514;Consumidor Livre;PHB INDUSTRIA TEXTIL LIMITADA;12440143000101;BRUSQUE;SC;SUL;1936;CELESC DIST;1,7;1,471725;0;1,471725;1,42272
202603;26/03/2026;6;899351;PHB Industrial Textil Ltda;01/04/2025;44651;PHB TEXTIL CL 514;Consumidor Livre;PHB INDUSTRIA TEXTIL LIMITADA;12440143000101;BRUSQUE;SC;SUL;1936;CELESC DIST;1,7;1,315396;0;1,315396;1,274112
202603;26/03/2026;7;899351;PHB Industrial Textil Ltda;01/04/2025;44651;PHB TEXTIL CL 514;Consumidor Livre;PHB INDUSTRIA TEXTIL LIMITADA;12440143000101;BRUSQUE;SC;SUL;1936;CELESC DIST;1,7;1,322762;0;1,322762;1,281312
202603;26/03/2026;8;899351;PHB Industrial Textil Ltda;01/04/2025;44651;PHB TEXTIL CL 514;Consumidor Livre;PHB INDUSTRIA TEXTIL LIMITADA;12440143000101;BRUSQUE;SC;SUL;1936;CELESC DIST;1,7;1,29037;0;1,29037;1,248768
202603;26/03/2026;9;899351;PHB Industrial Textil Ltda;01/04/2025;44651;PHB TEXTIL CL 514;Consumidor Livre;PHB INDUSTRIA TEXTIL LIMITADA;12440143000101;BRUSQUE;SC;SUL;1936;CELESC DIST;1,7;1,265328;0;1,265328;1,22544
202603;26/03/2026;10;899351;PHB Industrial Textil Ltda;01/04/2025;44651;PHB TEXTIL CL 514;Consumidor Livre;PHB INDUSTRIA TEXTIL LIMITADA;12440143000101;BRUSQUE;SC;SUL;1936;CELESC DIST;1,7;1,268942;0;1,268942;1,22688
202603;26/03/2026;11;899351;PHB Industrial Textil Ltda;01/04/2025;44651;PHB TEXTIL CL 514;Consumidor Livre;PHB INDUSTRIA TEXTIL LIMITADA;12440143000101;BRUSQUE;SC;SUL;1936;CELESC DIST;1,7;1,273736;0;1,273736;1,23408
202603;26/03/2026;12;899351;PHB Industrial Textil Ltda;01/04/2025;44651;PHB TEXTIL CL 514;Consumidor Livre;PHB INDUSTRIA TEXTIL LIMITADA;12440143000101;BRUSQUE;SC;SUL;1936;CELESC DIST;1,7;1,450435;0;1,450435;1,405152
202603;26/03/2026;13;899351;PHB Industrial Textil Ltda;01/04/2025;44651;PHB TEXTIL CL 514;Consumidor Livre;PHB INDUSTRIA TEXTIL LIMITADA;12440143000101;BRUSQUE;SC;SUL;1936;CELESC DIST;1,7;1,514536;0;1,514536;1,465344
202603;26/03/2026;14;899351;PHB Industrial Textil Ltda;01/04/2025;44651;PHB TEXTIL CL 514;Consumidor Livre;PHB INDUSTRIA TEXTIL LIMITADA;12440143000101;BRUSQUE;SC;SUL;1936;CELESC DIST;1,7;1,543951;0;1,543951;1,495296
202603;26/03/2026;15;899351;PHB Industrial Textil Ltda;01/04/2025;44651;PHB TEXTIL CL 514;Consumidor Livre;PHB INDUSTRIA TEXTIL LIMITADA;12440143000101;BRUSQUE;SC;SUL;1936;CELESC DIST;1,7;1,518397;0;1,518397;1,472544
202603;26/03/2026;16;899351;PHB Industrial Textil Ltda;01/04/2025;44651;PHB TEXTIL CL 514;Consumidor Livre;PHB INDUSTRIA TEXTIL LIMITADA;12440143000101;BRUSQUE;SC;SUL;1936;CELESC DIST;1,7;1,562046;0;1,562046;1,512576
202603;26/03/2026;17;899351;PHB Industrial Textil Ltda;01/04/2025;44651;PHB TEXTIL CL 514;Consumidor Livre;PHB INDUSTRIA TEXTIL LIMITADA;12440143000101;BRUSQUE;SC;SUL;1936;CELESC DIST;1,7;1,494359;0;1,494359;1,44864
202603;26/03/2026;18;899351;PHB Industrial Textil Ltda;01/04/2025;44651;PHB TEXTIL CL 514;Consumidor Livre;PHB INDUSTRIA TEXTIL LIMITADA;12440143000101;BRUSQUE;SC;SUL;1936;CELESC DIST;1,7;1,550431;0;1,550431;1,503648
202603;26/03/2026;19;899351;PHB Industrial Textil Ltda;01/04/2025;44651;PHB TEXTIL CL 514;Consumidor Livre;PHB INDUSTRIA TEXTIL LIMITADA;12440143000101;BRUSQUE;SC;SUL;1936;CELESC DIST;1,7;1,563562;0;1,563562;1,517184
202603;26/03/2026;20;899351;PHB Industrial Textil Ltda;01/04/2025;44651;PHB TEXTIL CL 514;Consumidor Livre;PHB INDUSTRIA TEXTIL LIMITADA;12440143000101;BRUSQUE;SC;SUL;1936;CELESC DIST;1,7;1,550617;0;1,550617;1,50624
202603;26/03/2026;21;899351;PHB Industrial Textil Ltda;01/04/2025;44651;PHB TEXTIL CL 514;Consumidor Livre;PHB INDUSTRIA TEXTIL LIMITADA;12440143000101;BRUSQUE;SC;SUL;1936;CELESC DIST;1,7;1,551875;0;1,551875;1,507392
202603;26/03/2026;22;899351;PHB Industrial Textil Ltda;01/04/2025;44651;PHB TEXTIL CL 514;Consumidor Livre;PHB INDUSTRIA TEXTIL LIMITADA;12440143000101;BRUSQUE;SC;SUL;1936;CELESC DIST;1,7;1,548979;0;1,548979;1,505952
202603;26/03/2026;23;899351;PHB Industrial Textil Ltda;01/04/2025;44651;PHB TEXTIL CL 514;Consumidor Livre;PHB INDUSTRIA TEXTIL LIMITADA;12440143000101;BRUSQUE;SC;SUL;1936;CELESC DIST;1,7;1,552675;0;1,552675;1,507968
202603;27/03/2026;0;899351;PHB Industrial Textil Ltda;01/04/2025;44651;PHB TEXTIL CL 514;Consumidor Livre;PHB INDUSTRIA TEXTIL LIMITADA;12440143000101;BRUSQUE;SC;SUL;1936;CELESC DIST;1,7;1,553424;0;1,553424;1,505376
202603;27/03/2026;1;899351;PHB Industrial Textil Ltda;01/04/2025;44651;PHB TEXTIL CL 514;Consumidor Livre;PHB INDUSTRIA TEXTIL LIMITADA;12440143000101;BRUSQUE;SC;SUL;1936;CELESC DIST;1,7;1,556027;0;1,556027;1,507392
202603;27/03/2026;2;899351;PHB Industrial Textil Ltda;01/04/2025;44651;PHB TEXTIL CL 514;Consumidor Livre;PHB INDUSTRIA TEXTIL LIMITADA;12440143000101;BRUSQUE;SC;SUL;1936;CELESC DIST;1,7;1,553041;0;1,553041;1,505088
202603;27/03/2026;3;899351;PHB Industrial Textil Ltda;01/04/2025;44651;PHB TEXTIL CL 514;Consumidor Livre;PHB INDUSTRIA TEXTIL LIMITADA;12440143000101;BRUSQUE;SC;SUL;1936;CELESC DIST;1,7;1,54981;0;1,54981;1,50192
202603;27/03/2026;4;899351;PHB Industrial Textil Ltda;01/04/2025;44651;PHB TEXTIL CL 514;Consumidor Livre;PHB INDUSTRIA TEXTIL LIMITADA;12440143000101;BRUSQUE;SC;SUL;1936;CELESC DIST;1,7;1,555665;0;1,555665;1,507392
202603;27/03/2026;5;899351;PHB Industrial Textil Ltda;01/04/2025;44651;PHB TEXTIL CL 514;Consumidor Livre;PHB INDUSTRIA TEXTIL LIMITADA;12440143000101;BRUSQUE;SC;SUL;1936;CELESC DIST;1,7;1,54683;0;1,54683;1,495584
202603;27/03/2026;6;899351;PHB Industrial Textil Ltda;01/04/2025;44651;PHB TEXTIL CL 514;Consumidor Livre;PHB INDUSTRIA TEXTIL LIMITADA;12440143000101;BRUSQUE;SC;SUL;1936;CELESC DIST;1,7;1,538493;0;1,538493;1,487808
202603;27/03/2026;7;899351;PHB Industrial Textil Ltda;01/04/2025;44651;PHB TEXTIL CL 514;Consumidor Livre;PHB INDUSTRIA TEXTIL LIMITADA;12440143000101;BRUSQUE;SC;SUL;1936;CELESC DIST;1,7;1,536118;0;1,536118;1,484352
202603;27/03/2026;8;899351;PHB Industrial Textil Ltda;01/04/2025;44651;PHB TEXTIL CL 514;Consumidor Livre;PHB INDUSTRIA TEXTIL LIMITADA;12440143000101;BRUSQUE;SC;SUL;1936;CELESC DIST;1,7;1,539079;0;1,539079;1,488096
202603;27/03/2026;9;899351;PHB Industrial Textil Ltda;01/04/2025;44651;PHB TEXTIL CL 514;Consumidor Livre;PHB INDUSTRIA TEXTIL LIMITADA;12440143000101;BRUSQUE;SC;SUL;1936;CELESC DIST;1,7;1,537617;0;1,537617;1,488096
202603;27/03/2026;10;899351;PHB Industrial Textil Ltda;01/04/2025;44651;PHB TEXTIL CL 514;Consumidor Livre;PHB INDUSTRIA TEXTIL LIMITADA;12440143000101;BRUSQUE;SC;SUL;1936;CELESC DIST;1,7;1,525846;0;1,525846;1,48176
202603;27/03/2026;11;899351;PHB Industrial Textil Ltda;01/04/2025;44651;PHB TEXTIL CL 514;Consumidor Livre;PHB INDUSTRIA TEXTIL LIMITADA;12440143000101;BRUSQUE;SC;SUL;1936;CELESC DIST;1,7;1,486313;0;1,486313;1,444896
202603;27/03/2026;12;899351;PHB Industrial Textil Ltda;01/04/2025;44651;PHB TEXTIL CL 514;Consumidor Livre;PHB INDUSTRIA TEXTIL LIMITADA;12440143000101;BRUSQUE;SC;SUL;1936;CELESC DIST;1,7;1,540788;0;1,540788;1,49472
202603;27/03/2026;13;899351;PHB Industrial Textil Ltda;01/04/2025;44651;PHB TEXTIL CL 514;Consumidor Livre;PHB INDUSTRIA TEXTIL LIMITADA;12440143000101;BRUSQUE;SC;SUL;1936;CELESC DIST;1,7;1,555148;0;1,555148;1,50912
202603;27/03/2026;14;899351;PHB Industrial Textil Ltda;01/04/2025;44651;PHB TEXTIL CL 514;Consumidor Livre;PHB INDUSTRIA TEXTIL LIMITADA;12440143000101;BRUSQUE;SC;SUL;1936;CELESC DIST;1,7;1,56114;0;1,56114;1,515168
202603;27/03/2026;15;899351;PHB Industrial Textil Ltda;01/04/2025;44651;PHB TEXTIL CL 514;Consumidor Livre;PHB INDUSTRIA TEXTIL LIMITADA;12440143000101;BRUSQUE;SC;SUL;1936;CELESC DIST;1,7;1,568612;0;1,568612;1,519488
202603;27/03/2026;16;899351;PHB Industrial Textil Ltda;01/04/2025;44651;PHB TEXTIL CL 514;Consumidor Livre;PHB INDUSTRIA TEXTIL LIMITADA;12440143000101;BRUSQUE;SC;SUL;1936;CELESC DIST;1,7;1,558911;0;1,558911;1,51344
202603;27/03/2026;17;899351;PHB Industrial Textil Ltda;01/04/2025;44651;PHB TEXTIL CL 514;Consumidor Livre;PHB INDUSTRIA TEXTIL LIMITADA;12440143000101;BRUSQUE;SC;SUL;1936;CELESC DIST;1,7;1,575225;0;1,575225;1,527552
202603;27/03/2026;18;899351;PHB Industrial Textil Ltda;01/04/2025;44651;PHB TEXTIL CL 514;Consumidor Livre;PHB INDUSTRIA TEXTIL LIMITADA;12440143000101;BRUSQUE;SC;SUL;1936;CELESC DIST;1,7;1,572397;0;1,572397;1,526112
202603;27/03/2026;19;899351;PHB Industrial Textil Ltda;01/04/2025;44651;PHB TEXTIL CL 514;Consumidor Livre;PHB INDUSTRIA TEXTIL LIMITADA;12440143000101;BRUSQUE;SC;SUL;1936;CELESC DIST;1,7;1,570969;0;1,570969;1,526688
202603;27/03/2026;20;899351;PHB Industrial Textil Ltda;01/04/2025;44651;PHB TEXTIL CL 514;Consumidor Livre;PHB INDUSTRIA TEXTIL LIMITADA;12440143000101;BRUSQUE;SC;SUL;1936;CELESC DIST;1,7;1,573952;0;1,573952;1,52784
202603;27/03/2026;21;899351;PHB Industrial Textil Ltda;01/04/2025;44651;PHB TEXTIL CL 514;Consumidor Livre;PHB INDUSTRIA TEXTIL LIMITADA;12440143000101;BRUSQUE;SC;SUL;1936;CELESC DIST;1,7;1,565455;0;1,565455;1,520064
202603;27/03/2026;22;899351;PHB Industrial Textil Ltda;01/04/2025;44651;PHB TEXTIL CL 514;Consumidor Livre;PHB INDUSTRIA TEXTIL LIMITADA;12440143000101;BRUSQUE;SC;SUL;1936;CELESC DIST;1,7;1,55124;0;1,55124;1,507968
202603;27/03/2026;23;899351;PHB Industrial Textil Ltda;01/04/2025;44651;PHB TEXTIL CL 514;Consumidor Livre;PHB INDUSTRIA TEXTIL LIMITADA;12440143000101;BRUSQUE;SC;SUL;1936;CELESC DIST;1,7;1,564556;0;1,564556;1,51776
202603;28/03/2026;0;899351;PHB Industrial Textil Ltda;01/04/2025;44651;PHB TEXTIL CL 514;Consumidor Livre;PHB INDUSTRIA TEXTIL LIMITADA;12440143000101;BRUSQUE;SC;SUL;1936;CELESC DIST;1,7;1,568798;0;1,568798;1,52064
202603;28/03/2026;1;899351;PHB Industrial Textil Ltda;01/04/2025;44651;PHB TEXTIL CL 514;Consumidor Livre;PHB INDUSTRIA TEXTIL LIMITADA;12440143000101;BRUSQUE;SC;SUL;1936;CELESC DIST;1,7;1,570077;0;1,570077;1,520928
202603;28/03/2026;2;899351;PHB Industrial Textil Ltda;01/04/2025;44651;PHB TEXTIL CL 514;Consumidor Livre;PHB INDUSTRIA TEXTIL LIMITADA;12440143000101;BRUSQUE;SC;SUL;1936;CELESC DIST;1,7;1,579033;0;1,579033;1,526976
202603;28/03/2026;3;899351;PHB Industrial Textil Ltda;01/04/2025;44651;PHB TEXTIL CL 514;Consumidor Livre;PHB INDUSTRIA TEXTIL LIMITADA;12440143000101;BRUSQUE;SC;SUL;1936;CELESC DIST;1,7;1,582704;0;1,582704;1,525248
202603;28/03/2026;4;899351;PHB Industrial Textil Ltda;01/04/2025;44651;PHB TEXTIL CL 514;Consumidor Livre;PHB INDUSTRIA TEXTIL LIMITADA;12440143000101;BRUSQUE;SC;SUL;1936;CELESC DIST;1,7;1,586634;0;1,586634;1,52784
202603;28/03/2026;5;899351;PHB Industrial Textil Ltda;01/04/2025;44651;PHB TEXTIL CL 514;Consumidor Livre;PHB INDUSTRIA TEXTIL LIMITADA;12440143000101;BRUSQUE;SC;SUL;1936;CELESC DIST;1,7;1,576254;0;1,576254;1,519488
202603;28/03/2026;6;899351;PHB Industrial Textil Ltda;01/04/2025;44651;PHB TEXTIL CL 514;Consumidor Livre;PHB INDUSTRIA TEXTIL LIMITADA;12440143000101;BRUSQUE;SC;SUL;1936;CELESC DIST;1,7;1,574789;0;1,574789;1,514304
202603;28/03/2026;7;899351;PHB Industrial Textil Ltda;01/04/2025;44651;PHB TEXTIL CL 514;Consumidor Livre;PHB INDUSTRIA TEXTIL LIMITADA;12440143000101;BRUSQUE;SC;SUL;1936;CELESC DIST;1,7;1,567451;0;1,567451;1,508544
202603;28/03/2026;8;899351;PHB Industrial Textil Ltda;01/04/2025;44651;PHB TEXTIL CL 514;Consumidor Livre;PHB INDUSTRIA TEXTIL LIMITADA;12440143000101;BRUSQUE;SC;SUL;1936;CELESC DIST;1,7;1,562017;0;1,562017;1,509408
202603;28/03/2026;9;899351;PHB Industrial Textil Ltda;01/04/2025;44651;PHB TEXTIL CL 514;Consumidor Livre;PHB INDUSTRIA TEXTIL LIMITADA;12440143000101;BRUSQUE;SC;SUL;1936;CELESC DIST;1,7;1,577104;0;1,577104;1,525536
202603;28/03/2026;10;899351;PHB Industrial Textil Ltda;01/04/2025;44651;PHB TEXTIL CL 514;Consumidor Livre;PHB INDUSTRIA TEXTIL LIMITADA;12440143000101;BRUSQUE;SC;SUL;1936;CELESC DIST;1,7;1,551521;0;1,551521;1,51488
202603;28/03/2026;11;899351;PHB Industrial Textil Ltda;01/04/2025;44651;PHB TEXTIL CL 514;Consumidor Livre;PHB INDUSTRIA TEXTIL LIMITADA;12440143000101;BRUSQUE;SC;SUL;1936;CELESC DIST;1,7;1,550093;0;1,550093;1,520352
202603;28/03/2026;12;899351;PHB Industrial Textil Ltda;01/04/2025;44651;PHB TEXTIL CL 514;Consumidor Livre;PHB INDUSTRIA TEXTIL LIMITADA;12440143000101;BRUSQUE;SC;SUL;1936;CELESC DIST;1,7;1,543786;0;1,543786;1,513152
202603;28/03/2026;13;899351;PHB Industrial Textil Ltda;01/04/2025;44651;PHB TEXTIL CL 514;Consumidor Livre;PHB INDUSTRIA TEXTIL LIMITADA;12440143000101;BRUSQUE;SC;SUL;1936;CELESC DIST;1,7;1,501229;0;1,501229;1,46304
202603;28/03/2026;14;899351;PHB Industrial Textil Ltda;01/04/2025;44651;PHB TEXTIL CL 514;Consumidor Livre;PHB INDUSTRIA TEXTIL LIMITADA;12440143000101;BRUSQUE;SC;SUL;1936;CELESC DIST;1,7;1,517059;0;1,517059;1,466784
202603;28/03/2026;15;899351;PHB Industrial Textil Ltda;01/04/2025;44651;PHB TEXTIL CL 514;Consumidor Livre;PHB INDUSTRIA TEXTIL LIMITADA;12440143000101;BRUSQUE;SC;SUL;1936;CELESC DIST;1,7;1,523374;0;1,523374;1,4688
202603;28/03/2026;16;899351;PHB Industrial Textil Ltda;01/04/2025;44651;PHB TEXTIL CL 514;Consumidor Livre;PHB INDUSTRIA TEXTIL LIMITADA;12440143000101;BRUSQUE;SC;SUL;1936;CELESC DIST;1,7;1,480501;0;1,480501;1,430496
202603;28/03/2026;17;899351;PHB Industrial Textil Ltda;01/04/2025;44651;PHB TEXTIL CL 514;Consumidor Livre;PHB INDUSTRIA TEXTIL LIMITADA;12440143000101;BRUSQUE;SC;SUL;1936;CELESC DIST;1,7;1,436289;0;1,436289;1,389312
202603;28/03/2026;18;899351;PHB Industrial Textil Ltda;01/04/2025;44651;PHB TEXTIL CL 514;Consumidor Livre;PHB INDUSTRIA TEXTIL LIMITADA;12440143000101;BRUSQUE;SC;SUL;1936;CELESC DIST;1,7;1,512182;0;1,512182;1,463616
202603;28/03/2026;19;899351;PHB Industrial Textil Ltda;01/04/2025;44651;PHB TEXTIL CL 514;Consumidor Livre;PHB INDUSTRIA TEXTIL LIMITADA;12440143000101;BRUSQUE;SC;SUL;1936;CELESC DIST;1,7;1,517437;0;1,517437;1,470528
202603;28/03/2026;20;899351;PHB Industrial Textil Ltda;01/04/2025;44651;PHB TEXTIL CL 514;Consumidor Livre;PHB INDUSTRIA TEXTIL LIMITADA;12440143000101;BRUSQUE;SC;SUL;1936;CELESC DIST;1,7;1,522741;0;1,522741;1,475136
202603;28/03/2026;21;899351;PHB Industrial Textil Ltda;01/04/2025;44651;PHB TEXTIL CL 514;Consumidor Livre;PHB INDUSTRIA TEXTIL LIMITADA;12440143000101;BRUSQUE;SC;SUL;1936;CELESC DIST;1,7;1,510302;0;1,510302;1,462752
202603;28/03/2026;22;899351;PHB Industrial Textil Ltda;01/04/2025;44651;PHB TEXTIL CL 514;Consumidor Livre;PHB INDUSTRIA TEXTIL LIMITADA;12440143000101;BRUSQUE;SC;SUL;1936;CELESC DIST;1,7;1,507164;0;1,507164;1,460736
202603;28/03/2026;23;899351;PHB Industrial Textil Ltda;01/04/2025;44651;PHB TEXTIL CL 514;Consumidor Livre;PHB INDUSTRIA TEXTIL LIMITADA;12440143000101;BRUSQUE;SC;SUL;1936;CELESC DIST;1,7;1,512434;0;1,512434;1,465344
202603;29/03/2026;0;899351;PHB Industrial Textil Ltda;01/04/2025;44651;PHB TEXTIL CL 514;Consumidor Livre;PHB INDUSTRIA TEXTIL LIMITADA;12440143000101;BRUSQUE;SC;SUL;1936;CELESC DIST;1,7;1,506253;0;1,506253;1,45872
202603;29/03/2026;1;899351;PHB Industrial Textil Ltda;01/04/2025;44651;PHB TEXTIL CL 514;Consumidor Livre;PHB INDUSTRIA TEXTIL LIMITADA;12440143000101;BRUSQUE;SC;SUL;1936;CELESC DIST;1,7;1,51746;0;1,51746;1,468512
202603;29/03/2026;2;899351;PHB Industrial Textil Ltda;01/04/2025;44651;PHB TEXTIL CL 514;Consumidor Livre;PHB INDUSTRIA TEXTIL LIMITADA;12440143000101;BRUSQUE;SC;SUL;1936;CELESC DIST;1,7;1,51433;0;1,51433;1,464192
202603;29/03/2026;3;899351;PHB Industrial Textil Ltda;01/04/2025;44651;PHB TEXTIL CL 514;Consumidor Livre;PHB INDUSTRIA TEXTIL LIMITADA;12440143000101;BRUSQUE;SC;SUL;1936;CELESC DIST;1,7;1,51931;0;1,51931;1,46736
202603;29/03/2026;4;899351;PHB Industrial Textil Ltda;01/04/2025;44651;PHB TEXTIL CL 514;Consumidor Livre;PHB INDUSTRIA TEXTIL LIMITADA;12440143000101;BRUSQUE;SC;SUL;1936;CELESC DIST;1,7;1,516706;0;1,516706;1,464192
202603;29/03/2026;5;899351;PHB Industrial Textil Ltda;01/04/2025;44651;PHB TEXTIL CL 514;Consumidor Livre;PHB INDUSTRIA TEXTIL LIMITADA;12440143000101;BRUSQUE;SC;SUL;1936;CELESC DIST;1,7;1,506811;0;1,506811;1,458432
202603;29/03/2026;6;899351;PHB Industrial Textil Ltda;01/04/2025;44651;PHB TEXTIL CL 514;Consumidor Livre;PHB INDUSTRIA TEXTIL LIMITADA;12440143000101;BRUSQUE;SC;SUL;1936;CELESC DIST;1,7;1,506069;0;1,506069;1,466208
202603;29/03/2026;7;899351;PHB Industrial Textil Ltda;01/04/2025;44651;PHB TEXTIL CL 514;Consumidor Livre;PHB INDUSTRIA TEXTIL LIMITADA;12440143000101;BRUSQUE;SC;SUL;1936;CELESC DIST;1,7;1,502534;0;1,502534;1,462176
202603;29/03/2026;8;899351;PHB Industrial Textil Ltda;01/04/2025;44651;PHB TEXTIL CL 514;Consumidor Livre;PHB INDUSTRIA TEXTIL LIMITADA;12440143000101;BRUSQUE;SC;SUL;1936;CELESC DIST;1,7;1,499048;0;1,499048;1,456416
202603;29/03/2026;9;899351;PHB Industrial Textil Ltda;01/04/2025;44651;PHB TEXTIL CL 514;Consumidor Livre;PHB INDUSTRIA TEXTIL LIMITADA;12440143000101;BRUSQUE;SC;SUL;1936;CELESC DIST;1,7;1,502266;0;1,502266;1,467648
202603;29/03/2026;10;899351;PHB Industrial Textil Ltda;01/04/2025;44651;PHB TEXTIL CL 514;Consumidor Livre;PHB INDUSTRIA TEXTIL LIMITADA;12440143000101;BRUSQUE;SC;SUL;1936;CELESC DIST;1,7;1,478673;0;1,478673;1,467648
202603;29/03/2026;11;899351;PHB Industrial Textil Ltda;01/04/2025;44651;PHB TEXTIL CL 514;Consumidor Livre;PHB INDUSTRIA TEXTIL LIMITADA;12440143000101;BRUSQUE;SC;SUL;1936;CELESC DIST;1,7;1,465211;0;1,465211;1,461024
202603;29/03/2026;12;899351;PHB Industrial Textil Ltda;01/04/2025;44651;PHB TEXTIL CL 514;Consumidor Livre;PHB INDUSTRIA TEXTIL LIMITADA;12440143000101;BRUSQUE;SC;SUL;1936;CELESC DIST;1,7;1,475538;0;1,475538;1,4616
202603;29/03/2026;13;899351;PHB Industrial Textil Ltda;01/04/2025;44651;PHB TEXTIL CL 514;Consumidor Livre;PHB INDUSTRIA TEXTIL LIMITADA;12440143000101;BRUSQUE;SC;SUL;1936;CELESC DIST;1,7;1,486706;0;1,486706;1,46304
202603;29/03/2026;14;899351;PHB Industrial Textil Ltda;01/04/2025;44651;PHB TEXTIL CL 514;Consumidor Livre;PHB INDUSTRIA TEXTIL LIMITADA;12440143000101;BRUSQUE;SC;SUL;1936;CELESC DIST;1,7;1,49409;0;1,49409;1,459008
202603;29/03/2026;15;899351;PHB Industrial Textil Ltda;01/04/2025;44651;PHB TEXTIL CL 514;Consumidor Livre;PHB INDUSTRIA TEXTIL LIMITADA;12440143000101;BRUSQUE;SC;SUL;1936;CELESC DIST;1,7;1,508322;0;1,508322;1,46016
202603;29/03/2026;16;899351;PHB Industrial Textil Ltda;01/04/2025;44651;PHB TEXTIL CL 514;Consumidor Livre;PHB INDUSTRIA TEXTIL LIMITADA;12440143000101;BRUSQUE;SC;SUL;1936;CELESC DIST;1,7;1,51914;0;1,51914;1,464768
202603;29/03/2026;17;899351;PHB Industrial Textil Ltda;01/04/2025;44651;PHB TEXTIL CL 514;Consumidor Livre;PHB INDUSTRIA TEXTIL LIMITADA;12440143000101;BRUSQUE;SC;SUL;1936;CELESC DIST;1,7;1,518852;0;1,518852;1,462752
202603;29/03/2026;18;899351;PHB Industrial Textil Ltda;01/04/2025;44651;PHB TEXTIL CL 514;Consumidor Livre;PHB INDUSTRIA TEXTIL LIMITADA;12440143000101;BRUSQUE;SC;SUL;1936;CELESC DIST;1,7;1,51443;0;1,51443;1,463904
202603;29/03/2026;19;899351;PHB Industrial Textil Ltda;01/04/2025;44651;PHB TEXTIL CL 514;Consumidor Livre;PHB INDUSTRIA TEXTIL LIMITADA;12440143000101;BRUSQUE;SC;SUL;1936;CELESC DIST;1,7;1,510483;0;1,510483;1,4616
202603;29/03/2026;20;899351;PHB Industrial Textil Ltda;01/04/2025;44651;PHB TEXTIL CL 514;Consumidor Livre;PHB INDUSTRIA TEXTIL LIMITADA;12440143000101;BRUSQUE;SC;SUL;1936;CELESC DIST;1,7;1,516455;0;1,516455;1,468224
202603;29/03/2026;21;899351;PHB Industrial Textil Ltda;01/04/2025;44651;PHB TEXTIL CL 514;Consumidor Livre;PHB INDUSTRIA TEXTIL LIMITADA;12440143000101;BRUSQUE;SC;SUL;1936;CELESC DIST;1,7;1,521575;0;1,521575;1,47312
202603;29/03/2026;22;899351;PHB Industrial Textil Ltda;01/04/2025;44651;PHB TEXTIL CL 514;Consumidor Livre;PHB INDUSTRIA TEXTIL LIMITADA;12440143000101;BRUSQUE;SC;SUL;1936;CELESC DIST;1,7;1,574063;0;1,574063;1,523232
202603;29/03/2026;23;899351;PHB Industrial Textil Ltda;01/04/2025;44651;PHB TEXTIL CL 514;Consumidor Livre;PHB INDUSTRIA TEXTIL LIMITADA;12440143000101;BRUSQUE;SC;SUL;1936;CELESC DIST;1,7;1,58929;0;1,58929;1,535904
202603;30/03/2026;0;899351;PHB Industrial Textil Ltda;01/04/2025;44651;PHB TEXTIL CL 514;Consumidor Livre;PHB INDUSTRIA TEXTIL LIMITADA;12440143000101;BRUSQUE;SC;SUL;1936;CELESC DIST;1,7;1,579242;0;1,579242;1,527552
202603;30/03/2026;1;899351;PHB Industrial Textil Ltda;01/04/2025;44651;PHB TEXTIL CL 514;Consumidor Livre;PHB INDUSTRIA TEXTIL LIMITADA;12440143000101;BRUSQUE;SC;SUL;1936;CELESC DIST;1,7;1,576337;0;1,576337;1,523232
202603;30/03/2026;2;899351;PHB Industrial Textil Ltda;01/04/2025;44651;PHB TEXTIL CL 514;Consumidor Livre;PHB INDUSTRIA TEXTIL LIMITADA;12440143000101;BRUSQUE;SC;SUL;1936;CELESC DIST;1,7;1,579156;0;1,579156;1,524096
202603;30/03/2026;3;899351;PHB Industrial Textil Ltda;01/04/2025;44651;PHB TEXTIL CL 514;Consumidor Livre;PHB INDUSTRIA TEXTIL LIMITADA;12440143000101;BRUSQUE;SC;SUL;1936;CELESC DIST;1,7;1,573238;0;1,573238;1,51776
202603;30/03/2026;4;899351;PHB Industrial Textil Ltda;01/04/2025;44651;PHB TEXTIL CL 514;Consumidor Livre;PHB INDUSTRIA TEXTIL LIMITADA;12440143000101;BRUSQUE;SC;SUL;1936;CELESC DIST;1,7;1,581883;0;1,581883;1,530144
202603;30/03/2026;5;899351;PHB Industrial Textil Ltda;01/04/2025;44651;PHB TEXTIL CL 514;Consumidor Livre;PHB INDUSTRIA TEXTIL LIMITADA;12440143000101;BRUSQUE;SC;SUL;1936;CELESC DIST;1,7;1,566911;0;1,566911;1,512288
202603;30/03/2026;6;899351;PHB Industrial Textil Ltda;01/04/2025;44651;PHB TEXTIL CL 514;Consumidor Livre;PHB INDUSTRIA TEXTIL LIMITADA;12440143000101;BRUSQUE;SC;SUL;1936;CELESC DIST;1,7;1,557161;0;1,557161;1,50336
202603;30/03/2026;7;899351;PHB Industrial Textil Ltda;01/04/2025;44651;PHB TEXTIL CL 514;Consumidor Livre;PHB INDUSTRIA TEXTIL LIMITADA;12440143000101;BRUSQUE;SC;SUL;1936;CELESC DIST;1,7;1,553514;0;1,553514;1,502496
202603;30/03/2026;8;899351;PHB Industrial Textil Ltda;01/04/2025;44651;PHB TEXTIL CL 514;Consumidor Livre;PHB INDUSTRIA TEXTIL LIMITADA;12440143000101;BRUSQUE;SC;SUL;1936;CELESC DIST;1,7;1,539148;0;1,539148;1,489248
202603;30/03/2026;9;899351;PHB Industrial Textil Ltda;01/04/2025;44651;PHB TEXTIL CL 514;Consumidor Livre;PHB INDUSTRIA TEXTIL LIMITADA;12440143000101;BRUSQUE;SC;SUL;1936;CELESC DIST;1,7;1,535582;0;1,535582;1,48752
202603;30/03/2026;10;899351;PHB Industrial Textil Ltda;01/04/2025;44651;PHB TEXTIL CL 514;Consumidor Livre;PHB INDUSTRIA TEXTIL LIMITADA;12440143000101;BRUSQUE;SC;SUL;1936;CELESC DIST;1,7;1,530443;0;1,530443;1,489824
202603;30/03/2026;11;899351;PHB Industrial Textil Ltda;01/04/2025;44651;PHB TEXTIL CL 514;Consumidor Livre;PHB INDUSTRIA TEXTIL LIMITADA;12440143000101;BRUSQUE;SC;SUL;1936;CELESC DIST;1,7;1,53019;0;1,53019;1,492416
202603;30/03/2026;12;899351;PHB Industrial Textil Ltda;01/04/2025;44651;PHB TEXTIL CL 514;Consumidor Livre;PHB INDUSTRIA TEXTIL LIMITADA;12440143000101;BRUSQUE;SC;SUL;1936;CELESC DIST;1,7;1,533225;0;1,533225;1,49328
202603;30/03/2026;13;899351;PHB Industrial Textil Ltda;01/04/2025;44651;PHB TEXTIL CL 514;Consumidor Livre;PHB INDUSTRIA TEXTIL LIMITADA;12440143000101;BRUSQUE;SC;SUL;1936;CELESC DIST;1,7;1,537865;0;1,537865;1,492704
202603;30/03/2026;14;899351;PHB Industrial Textil Ltda;01/04/2025;44651;PHB TEXTIL CL 514;Consumidor Livre;PHB INDUSTRIA TEXTIL LIMITADA;12440143000101;BRUSQUE;SC;SUL;1936;CELESC DIST;1,7;1,533303;0;1,533303;1,486368
202603;30/03/2026;15;899351;PHB Industrial Textil Ltda;01/04/2025;44651;PHB TEXTIL CL 514;Consumidor Livre;PHB INDUSTRIA TEXTIL LIMITADA;12440143000101;BRUSQUE;SC;SUL;1936;CELESC DIST;1,7;1,546152;0;1,546152;1,49616
202603;30/03/2026;16;899351;PHB Industrial Textil Ltda;01/04/2025;44651;PHB TEXTIL CL 514;Consumidor Livre;PHB INDUSTRIA TEXTIL LIMITADA;12440143000101;BRUSQUE;SC;SUL;1936;CELESC DIST;1,7;1,565856;0;1,565856;1,51632
202603;30/03/2026;17;899351;PHB Industrial Textil Ltda;01/04/2025;44651;PHB TEXTIL CL 514;Consumidor Livre;PHB INDUSTRIA TEXTIL LIMITADA;12440143000101;BRUSQUE;SC;SUL;1936;CELESC DIST;1,7;1,566339;0;1,566339;1,516032
202603;30/03/2026;18;899351;PHB Industrial Textil Ltda;01/04/2025;44651;PHB TEXTIL CL 514;Consumidor Livre;PHB INDUSTRIA TEXTIL LIMITADA;12440143000101;BRUSQUE;SC;SUL;1936;CELESC DIST;1,7;1,587748;0;1,587748;1,537056
202603;30/03/2026;19;899351;PHB Industrial Textil Ltda;01/04/2025;44651;PHB TEXTIL CL 514;Consumidor Livre;PHB INDUSTRIA TEXTIL LIMITADA;12440143000101;BRUSQUE;SC;SUL;1936;CELESC DIST;1,7;1,590376;0;1,590376;1,536768
202603;30/03/2026;20;899351;PHB Industrial Textil Ltda;01/04/2025;44651;PHB TEXTIL CL 514;Consumidor Livre;PHB INDUSTRIA TEXTIL LIMITADA;12440143000101;BRUSQUE;SC;SUL;1936;CELESC DIST;1,7;1,587681;0;1,587681;1,534464
202603;30/03/2026;21;899351;PHB Industrial Textil Ltda;01/04/2025;44651;PHB TEXTIL CL 514;Consumidor Livre;PHB INDUSTRIA TEXTIL LIMITADA;12440143000101;BRUSQUE;SC;SUL;1936;CELESC DIST;1,7;1,598628;0;1,598628;1,546272
202603;30/03/2026;22;899351;PHB Industrial Textil Ltda;01/04/2025;44651;PHB TEXTIL CL 514;Consumidor Livre;PHB INDUSTRIA TEXTIL LIMITADA;12440143000101;BRUSQUE;SC;SUL;1936;CELESC DIST;1,7;1,583393;0;1,583393;1,536768
202603;30/03/2026;23;899351;PHB Industrial Textil Ltda;01/04/2025;44651;PHB TEXTIL CL 514;Consumidor Livre;PHB INDUSTRIA TEXTIL LIMITADA;12440143000101;BRUSQUE;SC;SUL;1936;CELESC DIST;1,7;1,571009;0;1,571009;1,523232
202603;31/03/2026;0;899351;PHB Industrial Textil Ltda;01/04/2025;44651;PHB TEXTIL CL 514;Consumidor Livre;PHB INDUSTRIA TEXTIL LIMITADA;12440143000101;BRUSQUE;SC;SUL;1936;CELESC DIST;1,7;1,575642;0;1,575642;1,525248
202603;31/03/2026;1;899351;PHB Industrial Textil Ltda;01/04/2025;44651;PHB TEXTIL CL 514;Consumidor Livre;PHB INDUSTRIA TEXTIL LIMITADA;12440143000101;BRUSQUE;SC;SUL;1936;CELESC DIST;1,7;1,581497;0;1,581497;1,528416
202603;31/03/2026;2;899351;PHB Industrial Textil Ltda;01/04/2025;44651;PHB TEXTIL CL 514;Consumidor Livre;PHB INDUSTRIA TEXTIL LIMITADA;12440143000101;BRUSQUE;SC;SUL;1936;CELESC DIST;1,7;1,581006;0;1,581006;1,527264
202603;31/03/2026;3;899351;PHB Industrial Textil Ltda;01/04/2025;44651;PHB TEXTIL CL 514;Consumidor Livre;PHB INDUSTRIA TEXTIL LIMITADA;12440143000101;BRUSQUE;SC;SUL;1936;CELESC DIST;1,7;1,577646;0;1,577646;1,52352
202603;31/03/2026;4;899351;PHB Industrial Textil Ltda;01/04/2025;44651;PHB TEXTIL CL 514;Consumidor Livre;PHB INDUSTRIA TEXTIL LIMITADA;12440143000101;BRUSQUE;SC;SUL;1936;CELESC DIST;1,7;1,582504;0;1,582504;1,527264
202603;31/03/2026;5;899351;PHB Industrial Textil Ltda;01/04/2025;44651;PHB TEXTIL CL 514;Consumidor Livre;PHB INDUSTRIA TEXTIL LIMITADA;12440143000101;BRUSQUE;SC;SUL;1936;CELESC DIST;1,7;1,57648;0;1,57648;1,521792
202603;31/03/2026;6;899351;PHB Industrial Textil Ltda;01/04/2025;44651;PHB TEXTIL CL 514;Consumidor Livre;PHB INDUSTRIA TEXTIL LIMITADA;12440143000101;BRUSQUE;SC;SUL;1936;CELESC DIST;1,7;1,576346;0;1,576346;1,522944
202603;31/03/2026;7;899351;PHB Industrial Textil Ltda;01/04/2025;44651;PHB TEXTIL CL 514;Consumidor Livre;PHB INDUSTRIA TEXTIL LIMITADA;12440143000101;BRUSQUE;SC;SUL;1936;CELESC DIST;1,7;1,573084;0;1,573084;1,521504
202603;31/03/2026;8;899351;PHB Industrial Textil Ltda;01/04/2025;44651;PHB TEXTIL CL 514;Consumidor Livre;PHB INDUSTRIA TEXTIL LIMITADA;12440143000101;BRUSQUE;SC;SUL;1936;CELESC DIST;1,7;1,574684;0;1,574684;1,5264
202603;31/03/2026;9;899351;PHB Industrial Textil Ltda;01/04/2025;44651;PHB TEXTIL CL 514;Consumidor Livre;PHB INDUSTRIA TEXTIL LIMITADA;12440143000101;BRUSQUE;SC;SUL;1936;CELESC DIST;1,7;1,58165;0;1,58165;1,529856
202603;31/03/2026;10;899351;PHB Industrial Textil Ltda;01/04/2025;44651;PHB TEXTIL CL 514;Consumidor Livre;PHB INDUSTRIA TEXTIL LIMITADA;12440143000101;BRUSQUE;SC;SUL;1936;CELESC DIST;1,7;1,563512;0;1,563512;1,517472
202603;31/03/2026;11;899351;PHB Industrial Textil Ltda;01/04/2025;44651;PHB TEXTIL CL 514;Consumidor Livre;PHB INDUSTRIA TEXTIL LIMITADA;12440143000101;BRUSQUE;SC;SUL;1936;CELESC DIST;1,7;1,569251;0;1,569251;1,525248
202603;31/03/2026;12;899351;PHB Industrial Textil Ltda;01/04/2025;44651;PHB TEXTIL CL 514;Consumidor Livre;PHB INDUSTRIA TEXTIL LIMITADA;12440143000101;BRUSQUE;SC;SUL;1936;CELESC DIST;1,7;1,566554;0;1,566554;1,521216
202603;31/03/2026;13;899351;PHB Industrial Textil Ltda;01/04/2025;44651;PHB TEXTIL CL 514;Consumidor Livre;PHB INDUSTRIA TEXTIL LIMITADA;12440143000101;BRUSQUE;SC;SUL;1936;CELESC DIST;1,7;1,574631;0;1,574631;1,52352
202603;31/03/2026;14;899351;PHB Industrial Textil Ltda;01/04/2025;44651;PHB TEXTIL CL 514;Consumidor Livre;PHB INDUSTRIA TEXTIL LIMITADA;12440143000101;BRUSQUE;SC;SUL;1936;CELESC DIST;1,7;1,571648;0;1,571648;1,515744
202603;31/03/2026;15;899351;PHB Industrial Textil Ltda;01/04/2025;44651;PHB TEXTIL CL 514;Consumidor Livre;PHB INDUSTRIA TEXTIL LIMITADA;12440143000101;BRUSQUE;SC;SUL;1936;CELESC DIST;1,7;1,543702;0;1,543702;1,488672
202603;31/03/2026;16;899351;PHB Industrial Textil Ltda;01/04/2025;44651;PHB TEXTIL CL 514;Consumidor Livre;PHB INDUSTRIA TEXTIL LIMITADA;12440143000101;BRUSQUE;SC;SUL;1936;CELESC DIST;1,7;1,561808;0;1,561808;1,50768
202603;31/03/2026;17;899351;PHB Industrial Textil Ltda;01/04/2025;44651;PHB TEXTIL CL 514;Consumidor Livre;PHB INDUSTRIA TEXTIL LIMITADA;12440143000101;BRUSQUE;SC;SUL;1936;CELESC DIST;1,7;1,561762;0;1,561762;1,513152
202603;31/03/2026;18;899351;PHB Industrial Textil Ltda;01/04/2025;44651;PHB TEXTIL CL 514;Consumidor Livre;PHB INDUSTRIA TEXTIL LIMITADA;12440143000101;BRUSQUE;SC;SUL;1936;CELESC DIST;1,7;1,567482;0;1,567482;1,514592
202603;31/03/2026;19;899351;PHB Industrial Textil Ltda;01/04/2025;44651;PHB TEXTIL CL 514;Consumidor Livre;PHB INDUSTRIA TEXTIL LIMITADA;12440143000101;BRUSQUE;SC;SUL;1936;CELESC DIST;1,7;1,575955;0;1,575955;1,51776
202603;31/03/2026;20;899351;PHB Industrial Textil Ltda;01/04/2025;44651;PHB TEXTIL CL 514;Consumidor Livre;PHB INDUSTRIA TEXTIL LIMITADA;12440143000101;BRUSQUE;SC;SUL;1936;CELESC DIST;1,7;1,573193;0;1,573193;1,51056
202603;31/03/2026;21;899351;PHB Industrial Textil Ltda;01/04/2025;44651;PHB TEXTIL CL 514;Consumidor Livre;PHB INDUSTRIA TEXTIL LIMITADA;12440143000101;BRUSQUE;SC;SUL;1936;CELESC DIST;1,7;1,57366;0;1,57366;1,514304
202603;31/03/2026;22;899351;PHB Industrial Textil Ltda;01/04/2025;44651;PHB TEXTIL CL 514;Consumidor Livre;PHB INDUSTRIA TEXTIL LIMITADA;12440143000101;BRUSQUE;SC;SUL;1936;CELESC DIST;1,7;1,563066;0;1,563066;1,513728
202603;31/03/2026;23;899351;PHB Industrial Textil Ltda;01/04/2025;44651;PHB TEXTIL CL 514;Consumidor Livre;PHB INDUSTRIA TEXTIL LIMITADA;12440143000101;BRUSQUE;SC;SUL;1936;CELESC DIST;1,7;1,55399;0;1,55399;1,505952
