MES_REFERENCIA;DATA;PERIODO_COMERCIALIZACAO;CODIGO_CARGA;NOME_CARGA;DATA_MIGRACAO;CODIGO_PERFIL_AGENTE;SIGLA_PERFIL_AGENTE;CLASSE_PERFIL_AGENTE;NOME_EMPRESARIAL;CNPJ_CARGA;CIDADE_CARGA;ESTADO_CARGA;SUBMERCADO;CODIGO_PERFIL_AGENTE_DISTRIBUIDORA;SIGLA_PERFIL_AGENTE_DISTRIBUIDORA;CAPACIDADE_CARGA;CONSUMO_CARGA_ACL;CONSUMO_CARGA_AJUSTADO_ACL;CONSUMO_CARGA_AJUSTADO;CONSUMO_CARGA_PONTO_CONEXAO
202603;01/03/2026;0;903134;MIN RIO DO OURO -  BOTUVERA - SC;01/07/2024;63590;MIN RIO DO OURO;Consumidor Especial;MINERACAO RIO DO OURO LTDA;78266566000157;BOTUVERÁ;SC;SUL;1936;CELESC DIST;2,52;0,065476;0;0,065476;0,06336
202603;01/03/2026;1;903134;MIN RIO DO OURO -  BOTUVERA - SC;01/07/2024;63590;MIN RIO DO OURO;Consumidor Especial;MINERACAO RIO DO OURO LTDA;78266566000157;BOTUVERÁ;SC;SUL;1936;CELESC DIST;2,52;0,065523;0;0,065523;0,06336
202603;01/03/2026;2;903134;MIN RIO DO OURO -  BOTUVERA - SC;01/07/2024;63590;MIN RIO DO OURO;Consumidor Especial;MINERACAO RIO DO OURO LTDA;78266566000157;BOTUVERÁ;SC;SUL;1936;CELESC DIST;2,52;0,065648;0;0,065648;0,06336
202603;01/03/2026;3;903134;MIN RIO DO OURO -  BOTUVERA - SC;01/07/2024;63590;MIN RIO DO OURO;Consumidor Especial;MINERACAO RIO DO OURO LTDA;78266566000157;BOTUVERÁ;SC;SUL;1936;CELESC DIST;2,52;0,067152;0;0,067152;0,0648
202603;01/03/2026;4;903134;MIN RIO DO OURO -  BOTUVERA - SC;01/07/2024;63590;MIN RIO DO OURO;Consumidor Especial;MINERACAO RIO DO OURO LTDA;78266566000157;BOTUVERÁ;SC;SUL;1936;CELESC DIST;2,52;0,165746;0;0,165746;0,15984
202603;01/03/2026;5;903134;MIN RIO DO OURO -  BOTUVERA - SC;01/07/2024;63590;MIN RIO DO OURO;Consumidor Especial;MINERACAO RIO DO OURO LTDA;78266566000157;BOTUVERÁ;SC;SUL;1936;CELESC DIST;2,52;0,216575;0;0,216575;0,2088
202603;01/03/2026;6;903134;MIN RIO DO OURO -  BOTUVERA - SC;01/07/2024;63590;MIN RIO DO OURO;Consumidor Especial;MINERACAO RIO DO OURO LTDA;78266566000157;BOTUVERÁ;SC;SUL;1936;CELESC DIST;2,52;0,217319;0;0,217319;0,21024
202603;01/03/2026;7;903134;MIN RIO DO OURO -  BOTUVERA - SC;01/07/2024;63590;MIN RIO DO OURO;Consumidor Especial;MINERACAO RIO DO OURO LTDA;78266566000157;BOTUVERÁ;SC;SUL;1936;CELESC DIST;2,52;0,226915;0;0,226915;0,22032
202603;01/03/2026;8;903134;MIN RIO DO OURO -  BOTUVERA - SC;01/07/2024;63590;MIN RIO DO OURO;Consumidor Especial;MINERACAO RIO DO OURO LTDA;78266566000157;BOTUVERÁ;SC;SUL;1936;CELESC DIST;2,52;0,246027;0;0,246027;0,23904
202603;01/03/2026;9;903134;MIN RIO DO OURO -  BOTUVERA - SC;01/07/2024;63590;MIN RIO DO OURO;Consumidor Especial;MINERACAO RIO DO OURO LTDA;78266566000157;BOTUVERÁ;SC;SUL;1936;CELESC DIST;2,52;0,242403;0;0,242403;0,23616
202603;01/03/2026;10;903134;MIN RIO DO OURO -  BOTUVERA - SC;01/07/2024;63590;MIN RIO DO OURO;Consumidor Especial;MINERACAO RIO DO OURO LTDA;78266566000157;BOTUVERÁ;SC;SUL;1936;CELESC DIST;2,52;0,223736;0;0,223736;0,22032
202603;01/03/2026;11;903134;MIN RIO DO OURO -  BOTUVERA - SC;01/07/2024;63590;MIN RIO DO OURO;Consumidor Especial;MINERACAO RIO DO OURO LTDA;78266566000157;BOTUVERÁ;SC;SUL;1936;CELESC DIST;2,52;0,059715;0;0,059715;0,05904
202603;01/03/2026;12;903134;MIN RIO DO OURO -  BOTUVERA - SC;01/07/2024;63590;MIN RIO DO OURO;Consumidor Especial;MINERACAO RIO DO OURO LTDA;78266566000157;BOTUVERÁ;SC;SUL;1936;CELESC DIST;2,52;0,059643;0;0,059643;0,05904
202603;01/03/2026;13;903134;MIN RIO DO OURO -  BOTUVERA - SC;01/07/2024;63590;MIN RIO DO OURO;Consumidor Especial;MINERACAO RIO DO OURO LTDA;78266566000157;BOTUVERÁ;SC;SUL;1936;CELESC DIST;2,52;0,060059;0;0,060059;0,05904
202603;01/03/2026;14;903134;MIN RIO DO OURO -  BOTUVERA - SC;01/07/2024;63590;MIN RIO DO OURO;Consumidor Especial;MINERACAO RIO DO OURO LTDA;78266566000157;BOTUVERÁ;SC;SUL;1936;CELESC DIST;2,52;0,060385;0;0,060385;0,05904
202603;01/03/2026;15;903134;MIN RIO DO OURO -  BOTUVERA - SC;01/07/2024;63590;MIN RIO DO OURO;Consumidor Especial;MINERACAO RIO DO OURO LTDA;78266566000157;BOTUVERÁ;SC;SUL;1936;CELESC DIST;2,52;0,060949;0;0,060949;0,05904
202603;01/03/2026;16;903134;MIN RIO DO OURO -  BOTUVERA - SC;01/07/2024;63590;MIN RIO DO OURO;Consumidor Especial;MINERACAO RIO DO OURO LTDA;78266566000157;BOTUVERÁ;SC;SUL;1936;CELESC DIST;2,52;0,064175;0;0,064175;0,06192
202603;01/03/2026;17;903134;MIN RIO DO OURO -  BOTUVERA - SC;01/07/2024;63590;MIN RIO DO OURO;Consumidor Especial;MINERACAO RIO DO OURO LTDA;78266566000157;BOTUVERÁ;SC;SUL;1936;CELESC DIST;2,52;0,258465;0;0,258465;0,24912
202603;01/03/2026;18;903134;MIN RIO DO OURO -  BOTUVERA - SC;01/07/2024;63590;MIN RIO DO OURO;Consumidor Especial;MINERACAO RIO DO OURO LTDA;78266566000157;BOTUVERÁ;SC;SUL;1936;CELESC DIST;2,52;0,277032;0;0,277032;0,26784
202603;01/03/2026;19;903134;MIN RIO DO OURO -  BOTUVERA - SC;01/07/2024;63590;MIN RIO DO OURO;Consumidor Especial;MINERACAO RIO DO OURO LTDA;78266566000157;BOTUVERÁ;SC;SUL;1936;CELESC DIST;2,52;0,295684;0;0,295684;0,28656
202603;01/03/2026;20;903134;MIN RIO DO OURO -  BOTUVERA - SC;01/07/2024;63590;MIN RIO DO OURO;Consumidor Especial;MINERACAO RIO DO OURO LTDA;78266566000157;BOTUVERÁ;SC;SUL;1936;CELESC DIST;2,52;0,297034;0;0,297034;0,288
202603;01/03/2026;21;903134;MIN RIO DO OURO -  BOTUVERA - SC;01/07/2024;63590;MIN RIO DO OURO;Consumidor Especial;MINERACAO RIO DO OURO LTDA;78266566000157;BOTUVERÁ;SC;SUL;1936;CELESC DIST;2,52;0,328211;0;0,328211;0,31824
202603;01/03/2026;22;903134;MIN RIO DO OURO -  BOTUVERA - SC;01/07/2024;63590;MIN RIO DO OURO;Consumidor Especial;MINERACAO RIO DO OURO LTDA;78266566000157;BOTUVERÁ;SC;SUL;1936;CELESC DIST;2,52;1,443116;0;1,443116;1,3968
202603;01/03/2026;23;903134;MIN RIO DO OURO -  BOTUVERA - SC;01/07/2024;63590;MIN RIO DO OURO;Consumidor Especial;MINERACAO RIO DO OURO LTDA;78266566000157;BOTUVERÁ;SC;SUL;1936;CELESC DIST;2,52;1,813867;0;1,813867;1,75392
202603;02/03/2026;0;903134;MIN RIO DO OURO -  BOTUVERA - SC;01/07/2024;63590;MIN RIO DO OURO;Consumidor Especial;MINERACAO RIO DO OURO LTDA;78266566000157;BOTUVERÁ;SC;SUL;1936;CELESC DIST;2,52;1,540525;0;1,540525;1,48896
202603;02/03/2026;1;903134;MIN RIO DO OURO -  BOTUVERA - SC;01/07/2024;63590;MIN RIO DO OURO;Consumidor Especial;MINERACAO RIO DO OURO LTDA;78266566000157;BOTUVERÁ;SC;SUL;1936;CELESC DIST;2,52;1,670786;0;1,670786;1,6128
202603;02/03/2026;2;903134;MIN RIO DO OURO -  BOTUVERA - SC;01/07/2024;63590;MIN RIO DO OURO;Consumidor Especial;MINERACAO RIO DO OURO LTDA;78266566000157;BOTUVERÁ;SC;SUL;1936;CELESC DIST;2,52;1,646198;0;1,646198;1,58832
202603;02/03/2026;3;903134;MIN RIO DO OURO -  BOTUVERA - SC;01/07/2024;63590;MIN RIO DO OURO;Consumidor Especial;MINERACAO RIO DO OURO LTDA;78266566000157;BOTUVERÁ;SC;SUL;1936;CELESC DIST;2,52;1,664125;0;1,664125;1,60416
202603;02/03/2026;4;903134;MIN RIO DO OURO -  BOTUVERA - SC;01/07/2024;63590;MIN RIO DO OURO;Consumidor Especial;MINERACAO RIO DO OURO LTDA;78266566000157;BOTUVERÁ;SC;SUL;1936;CELESC DIST;2,52;1,678269;0;1,678269;1,61712
202603;02/03/2026;5;903134;MIN RIO DO OURO -  BOTUVERA - SC;01/07/2024;63590;MIN RIO DO OURO;Consumidor Especial;MINERACAO RIO DO OURO LTDA;78266566000157;BOTUVERÁ;SC;SUL;1936;CELESC DIST;2,52;2,212358;0;2,212358;2,13264
202603;02/03/2026;6;903134;MIN RIO DO OURO -  BOTUVERA - SC;01/07/2024;63590;MIN RIO DO OURO;Consumidor Especial;MINERACAO RIO DO OURO LTDA;78266566000157;BOTUVERÁ;SC;SUL;1936;CELESC DIST;2,52;2,044539;0;2,044539;1,97568
202603;02/03/2026;7;903134;MIN RIO DO OURO -  BOTUVERA - SC;01/07/2024;63590;MIN RIO DO OURO;Consumidor Especial;MINERACAO RIO DO OURO LTDA;78266566000157;BOTUVERÁ;SC;SUL;1936;CELESC DIST;2,52;2,024918;0;2,024918;1,95984
202603;02/03/2026;8;903134;MIN RIO DO OURO -  BOTUVERA - SC;01/07/2024;63590;MIN RIO DO OURO;Consumidor Especial;MINERACAO RIO DO OURO LTDA;78266566000157;BOTUVERÁ;SC;SUL;1936;CELESC DIST;2,52;2,274968;0;2,274968;2,20464
202603;02/03/2026;9;903134;MIN RIO DO OURO -  BOTUVERA - SC;01/07/2024;63590;MIN RIO DO OURO;Consumidor Especial;MINERACAO RIO DO OURO LTDA;78266566000157;BOTUVERÁ;SC;SUL;1936;CELESC DIST;2,52;2,501811;0;2,501811;2,42784
202603;02/03/2026;10;903134;MIN RIO DO OURO -  BOTUVERA - SC;01/07/2024;63590;MIN RIO DO OURO;Consumidor Especial;MINERACAO RIO DO OURO LTDA;78266566000157;BOTUVERÁ;SC;SUL;1936;CELESC DIST;2,52;2,457844;0;2,457844;2,39472
202603;02/03/2026;11;903134;MIN RIO DO OURO -  BOTUVERA - SC;01/07/2024;63590;MIN RIO DO OURO;Consumidor Especial;MINERACAO RIO DO OURO LTDA;78266566000157;BOTUVERÁ;SC;SUL;1936;CELESC DIST;2,52;2,385922;0;2,385922;2,3328
202603;02/03/2026;12;903134;MIN RIO DO OURO -  BOTUVERA - SC;01/07/2024;63590;MIN RIO DO OURO;Consumidor Especial;MINERACAO RIO DO OURO LTDA;78266566000157;BOTUVERÁ;SC;SUL;1936;CELESC DIST;2,52;2,090003;0;2,090003;2,04336
202603;02/03/2026;13;903134;MIN RIO DO OURO -  BOTUVERA - SC;01/07/2024;63590;MIN RIO DO OURO;Consumidor Especial;MINERACAO RIO DO OURO LTDA;78266566000157;BOTUVERÁ;SC;SUL;1936;CELESC DIST;2,52;1,716065;0;1,716065;1,66896
202603;02/03/2026;14;903134;MIN RIO DO OURO -  BOTUVERA - SC;01/07/2024;63590;MIN RIO DO OURO;Consumidor Especial;MINERACAO RIO DO OURO LTDA;78266566000157;BOTUVERÁ;SC;SUL;1936;CELESC DIST;2,52;1,525021;0;1,525021;1,476
202603;02/03/2026;15;903134;MIN RIO DO OURO -  BOTUVERA - SC;01/07/2024;63590;MIN RIO DO OURO;Consumidor Especial;MINERACAO RIO DO OURO LTDA;78266566000157;BOTUVERÁ;SC;SUL;1936;CELESC DIST;2,52;1,729544;0;1,729544;1,66896
202603;02/03/2026;16;903134;MIN RIO DO OURO -  BOTUVERA - SC;01/07/2024;63590;MIN RIO DO OURO;Consumidor Especial;MINERACAO RIO DO OURO LTDA;78266566000157;BOTUVERÁ;SC;SUL;1936;CELESC DIST;2,52;1,662045;0;1,662045;1,6056
202603;02/03/2026;17;903134;MIN RIO DO OURO -  BOTUVERA - SC;01/07/2024;63590;MIN RIO DO OURO;Consumidor Especial;MINERACAO RIO DO OURO LTDA;78266566000157;BOTUVERÁ;SC;SUL;1936;CELESC DIST;2,52;1,394418;0;1,394418;1,35072
202603;02/03/2026;18;903134;MIN RIO DO OURO -  BOTUVERA - SC;01/07/2024;63590;MIN RIO DO OURO;Consumidor Especial;MINERACAO RIO DO OURO LTDA;78266566000157;BOTUVERÁ;SC;SUL;1936;CELESC DIST;2,52;0,243164;0;0,243164;0,23616
202603;02/03/2026;19;903134;MIN RIO DO OURO -  BOTUVERA - SC;01/07/2024;63590;MIN RIO DO OURO;Consumidor Especial;MINERACAO RIO DO OURO LTDA;78266566000157;BOTUVERÁ;SC;SUL;1936;CELESC DIST;2,52;0,216258;0;0,216258;0,21024
202603;02/03/2026;20;903134;MIN RIO DO OURO -  BOTUVERA - SC;01/07/2024;63590;MIN RIO DO OURO;Consumidor Especial;MINERACAO RIO DO OURO LTDA;78266566000157;BOTUVERÁ;SC;SUL;1936;CELESC DIST;2,52;0,214566;0;0,214566;0,2088
202603;02/03/2026;21;903134;MIN RIO DO OURO -  BOTUVERA - SC;01/07/2024;63590;MIN RIO DO OURO;Consumidor Especial;MINERACAO RIO DO OURO LTDA;78266566000157;BOTUVERÁ;SC;SUL;1936;CELESC DIST;2,52;0,253219;0;0,253219;0,24624
202603;02/03/2026;22;903134;MIN RIO DO OURO -  BOTUVERA - SC;01/07/2024;63590;MIN RIO DO OURO;Consumidor Especial;MINERACAO RIO DO OURO LTDA;78266566000157;BOTUVERÁ;SC;SUL;1936;CELESC DIST;2,52;2,122178;0;2,122178;2,06496
202603;02/03/2026;23;903134;MIN RIO DO OURO -  BOTUVERA - SC;01/07/2024;63590;MIN RIO DO OURO;Consumidor Especial;MINERACAO RIO DO OURO LTDA;78266566000157;BOTUVERÁ;SC;SUL;1936;CELESC DIST;2,52;2,248371;0;2,248371;2,18304
202603;03/03/2026;0;903134;MIN RIO DO OURO -  BOTUVERA - SC;01/07/2024;63590;MIN RIO DO OURO;Consumidor Especial;MINERACAO RIO DO OURO LTDA;78266566000157;BOTUVERÁ;SC;SUL;1936;CELESC DIST;2,52;2,182947;0;2,182947;2,11536
202603;03/03/2026;1;903134;MIN RIO DO OURO -  BOTUVERA - SC;01/07/2024;63590;MIN RIO DO OURO;Consumidor Especial;MINERACAO RIO DO OURO LTDA;78266566000157;BOTUVERÁ;SC;SUL;1936;CELESC DIST;2,52;2,020232;0;2,020232;1,95408
202603;03/03/2026;2;903134;MIN RIO DO OURO -  BOTUVERA - SC;01/07/2024;63590;MIN RIO DO OURO;Consumidor Especial;MINERACAO RIO DO OURO LTDA;78266566000157;BOTUVERÁ;SC;SUL;1936;CELESC DIST;2,52;1,978722;0;1,978722;1,91232
202603;03/03/2026;3;903134;MIN RIO DO OURO -  BOTUVERA - SC;01/07/2024;63590;MIN RIO DO OURO;Consumidor Especial;MINERACAO RIO DO OURO LTDA;78266566000157;BOTUVERÁ;SC;SUL;1936;CELESC DIST;2,52;2,226259;0;2,226259;2,14992
202603;03/03/2026;4;903134;MIN RIO DO OURO -  BOTUVERA - SC;01/07/2024;63590;MIN RIO DO OURO;Consumidor Especial;MINERACAO RIO DO OURO LTDA;78266566000157;BOTUVERÁ;SC;SUL;1936;CELESC DIST;2,52;2,147144;0;2,147144;2,07216
202603;03/03/2026;5;903134;MIN RIO DO OURO -  BOTUVERA - SC;01/07/2024;63590;MIN RIO DO OURO;Consumidor Especial;MINERACAO RIO DO OURO LTDA;78266566000157;BOTUVERÁ;SC;SUL;1936;CELESC DIST;2,52;2,101503;0;2,101503;2,02896
202603;03/03/2026;6;903134;MIN RIO DO OURO -  BOTUVERA - SC;01/07/2024;63590;MIN RIO DO OURO;Consumidor Especial;MINERACAO RIO DO OURO LTDA;78266566000157;BOTUVERÁ;SC;SUL;1936;CELESC DIST;2,52;1,271164;0;1,271164;1,22976
202603;03/03/2026;7;903134;MIN RIO DO OURO -  BOTUVERA - SC;01/07/2024;63590;MIN RIO DO OURO;Consumidor Especial;MINERACAO RIO DO OURO LTDA;78266566000157;BOTUVERÁ;SC;SUL;1936;CELESC DIST;2,52;0,999087;0;0,999087;0,96768
202603;03/03/2026;8;903134;MIN RIO DO OURO -  BOTUVERA - SC;01/07/2024;63590;MIN RIO DO OURO;Consumidor Especial;MINERACAO RIO DO OURO LTDA;78266566000157;BOTUVERÁ;SC;SUL;1936;CELESC DIST;2,52;1,002061;0;1,002061;0,972
202603;03/03/2026;9;903134;MIN RIO DO OURO -  BOTUVERA - SC;01/07/2024;63590;MIN RIO DO OURO;Consumidor Especial;MINERACAO RIO DO OURO LTDA;78266566000157;BOTUVERÁ;SC;SUL;1936;CELESC DIST;2,52;1,072569;0;1,072569;1,04112
202603;03/03/2026;10;903134;MIN RIO DO OURO -  BOTUVERA - SC;01/07/2024;63590;MIN RIO DO OURO;Consumidor Especial;MINERACAO RIO DO OURO LTDA;78266566000157;BOTUVERÁ;SC;SUL;1936;CELESC DIST;2,52;1,150117;0;1,150117;1,12032
202603;03/03/2026;11;903134;MIN RIO DO OURO -  BOTUVERA - SC;01/07/2024;63590;MIN RIO DO OURO;Consumidor Especial;MINERACAO RIO DO OURO LTDA;78266566000157;BOTUVERÁ;SC;SUL;1936;CELESC DIST;2,52;1,359633;0;1,359633;1,3248
202603;03/03/2026;12;903134;MIN RIO DO OURO -  BOTUVERA - SC;01/07/2024;63590;MIN RIO DO OURO;Consumidor Especial;MINERACAO RIO DO OURO LTDA;78266566000157;BOTUVERÁ;SC;SUL;1936;CELESC DIST;2,52;1,328194;0;1,328194;1,296
202603;03/03/2026;13;903134;MIN RIO DO OURO -  BOTUVERA - SC;01/07/2024;63590;MIN RIO DO OURO;Consumidor Especial;MINERACAO RIO DO OURO LTDA;78266566000157;BOTUVERÁ;SC;SUL;1936;CELESC DIST;2,52;1,476233;0;1,476233;1,43568
202603;03/03/2026;14;903134;MIN RIO DO OURO -  BOTUVERA - SC;01/07/2024;63590;MIN RIO DO OURO;Consumidor Especial;MINERACAO RIO DO OURO LTDA;78266566000157;BOTUVERÁ;SC;SUL;1936;CELESC DIST;2,52;1,433805;0;1,433805;1,39104
202603;03/03/2026;15;903134;MIN RIO DO OURO -  BOTUVERA - SC;01/07/2024;63590;MIN RIO DO OURO;Consumidor Especial;MINERACAO RIO DO OURO LTDA;78266566000157;BOTUVERÁ;SC;SUL;1936;CELESC DIST;2,52;1,275101;0;1,275101;1,23408
202603;03/03/2026;16;903134;MIN RIO DO OURO -  BOTUVERA - SC;01/07/2024;63590;MIN RIO DO OURO;Consumidor Especial;MINERACAO RIO DO OURO LTDA;78266566000157;BOTUVERÁ;SC;SUL;1936;CELESC DIST;2,52;1,311185;0;1,311185;1,27008
202603;03/03/2026;17;903134;MIN RIO DO OURO -  BOTUVERA - SC;01/07/2024;63590;MIN RIO DO OURO;Consumidor Especial;MINERACAO RIO DO OURO LTDA;78266566000157;BOTUVERÁ;SC;SUL;1936;CELESC DIST;2,52;1,53466;0;1,53466;1,48752
202603;03/03/2026;18;903134;MIN RIO DO OURO -  BOTUVERA - SC;01/07/2024;63590;MIN RIO DO OURO;Consumidor Especial;MINERACAO RIO DO OURO LTDA;78266566000157;BOTUVERÁ;SC;SUL;1936;CELESC DIST;2,52;0,26825;0;0,26825;0,26064
202603;03/03/2026;19;903134;MIN RIO DO OURO -  BOTUVERA - SC;01/07/2024;63590;MIN RIO DO OURO;Consumidor Especial;MINERACAO RIO DO OURO LTDA;78266566000157;BOTUVERÁ;SC;SUL;1936;CELESC DIST;2,52;0,225018;0;0,225018;0,21888
202603;03/03/2026;20;903134;MIN RIO DO OURO -  BOTUVERA - SC;01/07/2024;63590;MIN RIO DO OURO;Consumidor Especial;MINERACAO RIO DO OURO LTDA;78266566000157;BOTUVERÁ;SC;SUL;1936;CELESC DIST;2,52;0,213078;0;0,213078;0,20736
202603;03/03/2026;21;903134;MIN RIO DO OURO -  BOTUVERA - SC;01/07/2024;63590;MIN RIO DO OURO;Consumidor Especial;MINERACAO RIO DO OURO LTDA;78266566000157;BOTUVERÁ;SC;SUL;1936;CELESC DIST;2,52;0,208827;0;0,208827;0,20304
202603;03/03/2026;22;903134;MIN RIO DO OURO -  BOTUVERA - SC;01/07/2024;63590;MIN RIO DO OURO;Consumidor Especial;MINERACAO RIO DO OURO LTDA;78266566000157;BOTUVERÁ;SC;SUL;1936;CELESC DIST;2,52;1,382144;0;1,382144;1,34352
202603;03/03/2026;23;903134;MIN RIO DO OURO -  BOTUVERA - SC;01/07/2024;63590;MIN RIO DO OURO;Consumidor Especial;MINERACAO RIO DO OURO LTDA;78266566000157;BOTUVERÁ;SC;SUL;1936;CELESC DIST;2,52;1,47258;0;1,47258;1,42992
202603;04/03/2026;0;903134;MIN RIO DO OURO -  BOTUVERA - SC;01/07/2024;63590;MIN RIO DO OURO;Consumidor Especial;MINERACAO RIO DO OURO LTDA;78266566000157;BOTUVERÁ;SC;SUL;1936;CELESC DIST;2,52;1,668038;0;1,668038;1,61856
202603;04/03/2026;1;903134;MIN RIO DO OURO -  BOTUVERA - SC;01/07/2024;63590;MIN RIO DO OURO;Consumidor Especial;MINERACAO RIO DO OURO LTDA;78266566000157;BOTUVERÁ;SC;SUL;1936;CELESC DIST;2,52;1,523527;0;1,523527;1,476
202603;04/03/2026;2;903134;MIN RIO DO OURO -  BOTUVERA - SC;01/07/2024;63590;MIN RIO DO OURO;Consumidor Especial;MINERACAO RIO DO OURO LTDA;78266566000157;BOTUVERÁ;SC;SUL;1936;CELESC DIST;2,52;1,968114;0;1,968114;1,90368
202603;04/03/2026;3;903134;MIN RIO DO OURO -  BOTUVERA - SC;01/07/2024;63590;MIN RIO DO OURO;Consumidor Especial;MINERACAO RIO DO OURO LTDA;78266566000157;BOTUVERÁ;SC;SUL;1936;CELESC DIST;2,52;2,286409;0;2,286409;2,20896
202603;04/03/2026;4;903134;MIN RIO DO OURO -  BOTUVERA - SC;01/07/2024;63590;MIN RIO DO OURO;Consumidor Especial;MINERACAO RIO DO OURO LTDA;78266566000157;BOTUVERÁ;SC;SUL;1936;CELESC DIST;2,52;1,608797;0;1,608797;1,55376
202603;04/03/2026;5;903134;MIN RIO DO OURO -  BOTUVERA - SC;01/07/2024;63590;MIN RIO DO OURO;Consumidor Especial;MINERACAO RIO DO OURO LTDA;78266566000157;BOTUVERÁ;SC;SUL;1936;CELESC DIST;2,52;1,437253;0;1,437253;1,38816
202603;04/03/2026;6;903134;MIN RIO DO OURO -  BOTUVERA - SC;01/07/2024;63590;MIN RIO DO OURO;Consumidor Especial;MINERACAO RIO DO OURO LTDA;78266566000157;BOTUVERÁ;SC;SUL;1936;CELESC DIST;2,52;1,299624;0;1,299624;1,25712
202603;04/03/2026;7;903134;MIN RIO DO OURO -  BOTUVERA - SC;01/07/2024;63590;MIN RIO DO OURO;Consumidor Especial;MINERACAO RIO DO OURO LTDA;78266566000157;BOTUVERÁ;SC;SUL;1936;CELESC DIST;2,52;1,472237;0;1,472237;1,42704
202603;04/03/2026;8;903134;MIN RIO DO OURO -  BOTUVERA - SC;01/07/2024;63590;MIN RIO DO OURO;Consumidor Especial;MINERACAO RIO DO OURO LTDA;78266566000157;BOTUVERÁ;SC;SUL;1936;CELESC DIST;2,52;1,419578;0;1,419578;1,37808
202603;04/03/2026;9;903134;MIN RIO DO OURO -  BOTUVERA - SC;01/07/2024;63590;MIN RIO DO OURO;Consumidor Especial;MINERACAO RIO DO OURO LTDA;78266566000157;BOTUVERÁ;SC;SUL;1936;CELESC DIST;2,52;1,600131;0;1,600131;1,55232
202603;04/03/2026;10;903134;MIN RIO DO OURO -  BOTUVERA - SC;01/07/2024;63590;MIN RIO DO OURO;Consumidor Especial;MINERACAO RIO DO OURO LTDA;78266566000157;BOTUVERÁ;SC;SUL;1936;CELESC DIST;2,52;1,530008;0;1,530008;1,48464
202603;04/03/2026;11;903134;MIN RIO DO OURO -  BOTUVERA - SC;01/07/2024;63590;MIN RIO DO OURO;Consumidor Especial;MINERACAO RIO DO OURO LTDA;78266566000157;BOTUVERÁ;SC;SUL;1936;CELESC DIST;2,52;1,702776;0;1,702776;1,656
202603;04/03/2026;12;903134;MIN RIO DO OURO -  BOTUVERA - SC;01/07/2024;63590;MIN RIO DO OURO;Consumidor Especial;MINERACAO RIO DO OURO LTDA;78266566000157;BOTUVERÁ;SC;SUL;1936;CELESC DIST;2,52;1,602316;0;1,602316;1,55952
202603;04/03/2026;13;903134;MIN RIO DO OURO -  BOTUVERA - SC;01/07/2024;63590;MIN RIO DO OURO;Consumidor Especial;MINERACAO RIO DO OURO LTDA;78266566000157;BOTUVERÁ;SC;SUL;1936;CELESC DIST;2,52;1,574045;0;1,574045;1,52496
202603;04/03/2026;14;903134;MIN RIO DO OURO -  BOTUVERA - SC;01/07/2024;63590;MIN RIO DO OURO;Consumidor Especial;MINERACAO RIO DO OURO LTDA;78266566000157;BOTUVERÁ;SC;SUL;1936;CELESC DIST;2,52;1,819192;0;1,819192;1,75824
202603;04/03/2026;15;903134;MIN RIO DO OURO -  BOTUVERA - SC;01/07/2024;63590;MIN RIO DO OURO;Consumidor Especial;MINERACAO RIO DO OURO LTDA;78266566000157;BOTUVERÁ;SC;SUL;1936;CELESC DIST;2,52;1,497474;0;1,497474;1,45152
202603;04/03/2026;16;903134;MIN RIO DO OURO -  BOTUVERA - SC;01/07/2024;63590;MIN RIO DO OURO;Consumidor Especial;MINERACAO RIO DO OURO LTDA;78266566000157;BOTUVERÁ;SC;SUL;1936;CELESC DIST;2,52;1,373593;0;1,373593;1,33344
202603;04/03/2026;17;903134;MIN RIO DO OURO -  BOTUVERA - SC;01/07/2024;63590;MIN RIO DO OURO;Consumidor Especial;MINERACAO RIO DO OURO LTDA;78266566000157;BOTUVERÁ;SC;SUL;1936;CELESC DIST;2,52;1,250113;0;1,250113;1,21392
202603;04/03/2026;18;903134;MIN RIO DO OURO -  BOTUVERA - SC;01/07/2024;63590;MIN RIO DO OURO;Consumidor Especial;MINERACAO RIO DO OURO LTDA;78266566000157;BOTUVERÁ;SC;SUL;1936;CELESC DIST;2,52;0,250437;0;0,250437;0,24336
202603;04/03/2026;19;903134;MIN RIO DO OURO -  BOTUVERA - SC;01/07/2024;63590;MIN RIO DO OURO;Consumidor Especial;MINERACAO RIO DO OURO LTDA;78266566000157;BOTUVERÁ;SC;SUL;1936;CELESC DIST;2,52;0,228248;0;0,228248;0,22176
202603;04/03/2026;20;903134;MIN RIO DO OURO -  BOTUVERA - SC;01/07/2024;63590;MIN RIO DO OURO;Consumidor Especial;MINERACAO RIO DO OURO LTDA;78266566000157;BOTUVERÁ;SC;SUL;1936;CELESC DIST;2,52;0,333151;0;0,333151;0,324
202603;04/03/2026;21;903134;MIN RIO DO OURO -  BOTUVERA - SC;01/07/2024;63590;MIN RIO DO OURO;Consumidor Especial;MINERACAO RIO DO OURO LTDA;78266566000157;BOTUVERÁ;SC;SUL;1936;CELESC DIST;2,52;0,362673;0;0,362673;0,3528
202603;04/03/2026;22;903134;MIN RIO DO OURO -  BOTUVERA - SC;01/07/2024;63590;MIN RIO DO OURO;Consumidor Especial;MINERACAO RIO DO OURO LTDA;78266566000157;BOTUVERÁ;SC;SUL;1936;CELESC DIST;2,52;1,814461;0;1,814461;1,76544
202603;04/03/2026;23;903134;MIN RIO DO OURO -  BOTUVERA - SC;01/07/2024;63590;MIN RIO DO OURO;Consumidor Especial;MINERACAO RIO DO OURO LTDA;78266566000157;BOTUVERÁ;SC;SUL;1936;CELESC DIST;2,52;2,263973;0;2,263973;2,20176
202603;05/03/2026;0;903134;MIN RIO DO OURO -  BOTUVERA - SC;01/07/2024;63590;MIN RIO DO OURO;Consumidor Especial;MINERACAO RIO DO OURO LTDA;78266566000157;BOTUVERÁ;SC;SUL;1936;CELESC DIST;2,52;1,73084;0;1,73084;1,68048
202603;05/03/2026;1;903134;MIN RIO DO OURO -  BOTUVERA - SC;01/07/2024;63590;MIN RIO DO OURO;Consumidor Especial;MINERACAO RIO DO OURO LTDA;78266566000157;BOTUVERÁ;SC;SUL;1936;CELESC DIST;2,52;1,223036;0;1,223036;1,18656
202603;05/03/2026;2;903134;MIN RIO DO OURO -  BOTUVERA - SC;01/07/2024;63590;MIN RIO DO OURO;Consumidor Especial;MINERACAO RIO DO OURO LTDA;78266566000157;BOTUVERÁ;SC;SUL;1936;CELESC DIST;2,52;1,780955;0;1,780955;1,72512
202603;05/03/2026;3;903134;MIN RIO DO OURO -  BOTUVERA - SC;01/07/2024;63590;MIN RIO DO OURO;Consumidor Especial;MINERACAO RIO DO OURO LTDA;78266566000157;BOTUVERÁ;SC;SUL;1936;CELESC DIST;2,52;1,594345;0;1,594345;1,54224
202603;05/03/2026;4;903134;MIN RIO DO OURO -  BOTUVERA - SC;01/07/2024;63590;MIN RIO DO OURO;Consumidor Especial;MINERACAO RIO DO OURO LTDA;78266566000157;BOTUVERÁ;SC;SUL;1936;CELESC DIST;2,52;1,548583;0;1,548583;1,4976
202603;05/03/2026;5;903134;MIN RIO DO OURO -  BOTUVERA - SC;01/07/2024;63590;MIN RIO DO OURO;Consumidor Especial;MINERACAO RIO DO OURO LTDA;78266566000157;BOTUVERÁ;SC;SUL;1936;CELESC DIST;2,52;1,476791;0;1,476791;1,42848
202603;05/03/2026;6;903134;MIN RIO DO OURO -  BOTUVERA - SC;01/07/2024;63590;MIN RIO DO OURO;Consumidor Especial;MINERACAO RIO DO OURO LTDA;78266566000157;BOTUVERÁ;SC;SUL;1936;CELESC DIST;2,52;1,68971;0;1,68971;1,63296
202603;05/03/2026;7;903134;MIN RIO DO OURO -  BOTUVERA - SC;01/07/2024;63590;MIN RIO DO OURO;Consumidor Especial;MINERACAO RIO DO OURO LTDA;78266566000157;BOTUVERÁ;SC;SUL;1936;CELESC DIST;2,52;1,198301;0;1,198301;1,1592
202603;05/03/2026;8;903134;MIN RIO DO OURO -  BOTUVERA - SC;01/07/2024;63590;MIN RIO DO OURO;Consumidor Especial;MINERACAO RIO DO OURO LTDA;78266566000157;BOTUVERÁ;SC;SUL;1936;CELESC DIST;2,52;0,879355;0;0,879355;0,85104
202603;05/03/2026;9;903134;MIN RIO DO OURO -  BOTUVERA - SC;01/07/2024;63590;MIN RIO DO OURO;Consumidor Especial;MINERACAO RIO DO OURO LTDA;78266566000157;BOTUVERÁ;SC;SUL;1936;CELESC DIST;2,52;1,129844;0;1,129844;1,09296
202603;05/03/2026;10;903134;MIN RIO DO OURO -  BOTUVERA - SC;01/07/2024;63590;MIN RIO DO OURO;Consumidor Especial;MINERACAO RIO DO OURO LTDA;78266566000157;BOTUVERÁ;SC;SUL;1936;CELESC DIST;2,52;1,091695;0;1,091695;1,0584
202603;05/03/2026;11;903134;MIN RIO DO OURO -  BOTUVERA - SC;01/07/2024;63590;MIN RIO DO OURO;Consumidor Especial;MINERACAO RIO DO OURO LTDA;78266566000157;BOTUVERÁ;SC;SUL;1936;CELESC DIST;2,52;1,309596;0;1,309596;1,27296
202603;05/03/2026;12;903134;MIN RIO DO OURO -  BOTUVERA - SC;01/07/2024;63590;MIN RIO DO OURO;Consumidor Especial;MINERACAO RIO DO OURO LTDA;78266566000157;BOTUVERÁ;SC;SUL;1936;CELESC DIST;2,52;1,722333;0;1,722333;1,67328
202603;05/03/2026;13;903134;MIN RIO DO OURO -  BOTUVERA - SC;01/07/2024;63590;MIN RIO DO OURO;Consumidor Especial;MINERACAO RIO DO OURO LTDA;78266566000157;BOTUVERÁ;SC;SUL;1936;CELESC DIST;2,52;1,511927;0;1,511927;1,46304
202603;05/03/2026;14;903134;MIN RIO DO OURO -  BOTUVERA - SC;01/07/2024;63590;MIN RIO DO OURO;Consumidor Especial;MINERACAO RIO DO OURO LTDA;78266566000157;BOTUVERÁ;SC;SUL;1936;CELESC DIST;2,52;1,317955;0;1,317955;1,27584
202603;05/03/2026;15;903134;MIN RIO DO OURO -  BOTUVERA - SC;01/07/2024;63590;MIN RIO DO OURO;Consumidor Especial;MINERACAO RIO DO OURO LTDA;78266566000157;BOTUVERÁ;SC;SUL;1936;CELESC DIST;2,52;1,592049;0;1,592049;1,54224
202603;05/03/2026;16;903134;MIN RIO DO OURO -  BOTUVERA - SC;01/07/2024;63590;MIN RIO DO OURO;Consumidor Especial;MINERACAO RIO DO OURO LTDA;78266566000157;BOTUVERÁ;SC;SUL;1936;CELESC DIST;2,52;1,552327;0;1,552327;1,50624
202603;05/03/2026;17;903134;MIN RIO DO OURO -  BOTUVERA - SC;01/07/2024;63590;MIN RIO DO OURO;Consumidor Especial;MINERACAO RIO DO OURO LTDA;78266566000157;BOTUVERÁ;SC;SUL;1936;CELESC DIST;2,52;1,445052;0;1,445052;1,40256
202603;05/03/2026;18;903134;MIN RIO DO OURO -  BOTUVERA - SC;01/07/2024;63590;MIN RIO DO OURO;Consumidor Especial;MINERACAO RIO DO OURO LTDA;78266566000157;BOTUVERÁ;SC;SUL;1936;CELESC DIST;2,52;0,31297;0;0,31297;0,30384
202603;05/03/2026;19;903134;MIN RIO DO OURO -  BOTUVERA - SC;01/07/2024;63590;MIN RIO DO OURO;Consumidor Especial;MINERACAO RIO DO OURO LTDA;78266566000157;BOTUVERÁ;SC;SUL;1936;CELESC DIST;2,52;0,197078;0;0,197078;0,19152
202603;05/03/2026;20;903134;MIN RIO DO OURO -  BOTUVERA - SC;01/07/2024;63590;MIN RIO DO OURO;Consumidor Especial;MINERACAO RIO DO OURO LTDA;78266566000157;BOTUVERÁ;SC;SUL;1936;CELESC DIST;2,52;0,225213;0;0,225213;0,21888
202603;05/03/2026;21;903134;MIN RIO DO OURO -  BOTUVERA - SC;01/07/2024;63590;MIN RIO DO OURO;Consumidor Especial;MINERACAO RIO DO OURO LTDA;78266566000157;BOTUVERÁ;SC;SUL;1936;CELESC DIST;2,52;0,333263;0;0,333263;0,324
202603;05/03/2026;22;903134;MIN RIO DO OURO -  BOTUVERA - SC;01/07/2024;63590;MIN RIO DO OURO;Consumidor Especial;MINERACAO RIO DO OURO LTDA;78266566000157;BOTUVERÁ;SC;SUL;1936;CELESC DIST;2,52;1,403587;0;1,403587;1,36512
202603;05/03/2026;23;903134;MIN RIO DO OURO -  BOTUVERA - SC;01/07/2024;63590;MIN RIO DO OURO;Consumidor Especial;MINERACAO RIO DO OURO LTDA;78266566000157;BOTUVERÁ;SC;SUL;1936;CELESC DIST;2,52;1,210694;0;1,210694;1,17648
202603;06/03/2026;0;903134;MIN RIO DO OURO -  BOTUVERA - SC;01/07/2024;63590;MIN RIO DO OURO;Consumidor Especial;MINERACAO RIO DO OURO LTDA;78266566000157;BOTUVERÁ;SC;SUL;1936;CELESC DIST;2,52;0,940106;0;0,940106;0,91152
202603;06/03/2026;1;903134;MIN RIO DO OURO -  BOTUVERA - SC;01/07/2024;63590;MIN RIO DO OURO;Consumidor Especial;MINERACAO RIO DO OURO LTDA;78266566000157;BOTUVERÁ;SC;SUL;1936;CELESC DIST;2,52;0,970257;0;0,970257;0,94032
202603;06/03/2026;2;903134;MIN RIO DO OURO -  BOTUVERA - SC;01/07/2024;63590;MIN RIO DO OURO;Consumidor Especial;MINERACAO RIO DO OURO LTDA;78266566000157;BOTUVERÁ;SC;SUL;1936;CELESC DIST;2,52;1,525862;0;1,525862;1,476
202603;06/03/2026;3;903134;MIN RIO DO OURO -  BOTUVERA - SC;01/07/2024;63590;MIN RIO DO OURO;Consumidor Especial;MINERACAO RIO DO OURO LTDA;78266566000157;BOTUVERÁ;SC;SUL;1936;CELESC DIST;2,52;1,749926;0;1,749926;1,69056
202603;06/03/2026;4;903134;MIN RIO DO OURO -  BOTUVERA - SC;01/07/2024;63590;MIN RIO DO OURO;Consumidor Especial;MINERACAO RIO DO OURO LTDA;78266566000157;BOTUVERÁ;SC;SUL;1936;CELESC DIST;2,52;1,665535;0;1,665535;1,60848
202603;06/03/2026;5;903134;MIN RIO DO OURO -  BOTUVERA - SC;01/07/2024;63590;MIN RIO DO OURO;Consumidor Especial;MINERACAO RIO DO OURO LTDA;78266566000157;BOTUVERÁ;SC;SUL;1936;CELESC DIST;2,52;1,546986;0;1,546986;1,49328
202603;06/03/2026;6;903134;MIN RIO DO OURO -  BOTUVERA - SC;01/07/2024;63590;MIN RIO DO OURO;Consumidor Especial;MINERACAO RIO DO OURO LTDA;78266566000157;BOTUVERÁ;SC;SUL;1936;CELESC DIST;2,52;1,481358;0;1,481358;1,43136
202603;06/03/2026;7;903134;MIN RIO DO OURO -  BOTUVERA - SC;01/07/2024;63590;MIN RIO DO OURO;Consumidor Especial;MINERACAO RIO DO OURO LTDA;78266566000157;BOTUVERÁ;SC;SUL;1936;CELESC DIST;2,52;1,323236;0;1,323236;1,27872
202603;06/03/2026;8;903134;MIN RIO DO OURO -  BOTUVERA - SC;01/07/2024;63590;MIN RIO DO OURO;Consumidor Especial;MINERACAO RIO DO OURO LTDA;78266566000157;BOTUVERÁ;SC;SUL;1936;CELESC DIST;2,52;1,531617;0;1,531617;1,48032
202603;06/03/2026;9;903134;MIN RIO DO OURO -  BOTUVERA - SC;01/07/2024;63590;MIN RIO DO OURO;Consumidor Especial;MINERACAO RIO DO OURO LTDA;78266566000157;BOTUVERÁ;SC;SUL;1936;CELESC DIST;2,52;1,748497;0;1,748497;1,68912
202603;06/03/2026;10;903134;MIN RIO DO OURO -  BOTUVERA - SC;01/07/2024;63590;MIN RIO DO OURO;Consumidor Especial;MINERACAO RIO DO OURO LTDA;78266566000157;BOTUVERÁ;SC;SUL;1936;CELESC DIST;2,52;1,574389;0;1,574389;1,52064
202603;06/03/2026;11;903134;MIN RIO DO OURO -  BOTUVERA - SC;01/07/2024;63590;MIN RIO DO OURO;Consumidor Especial;MINERACAO RIO DO OURO LTDA;78266566000157;BOTUVERÁ;SC;SUL;1936;CELESC DIST;2,52;1,533013;0;1,533013;1,4904
202603;06/03/2026;12;903134;MIN RIO DO OURO -  BOTUVERA - SC;01/07/2024;63590;MIN RIO DO OURO;Consumidor Especial;MINERACAO RIO DO OURO LTDA;78266566000157;BOTUVERÁ;SC;SUL;1936;CELESC DIST;2,52;1,31874;0;1,31874;1,28304
202603;06/03/2026;13;903134;MIN RIO DO OURO -  BOTUVERA - SC;01/07/2024;63590;MIN RIO DO OURO;Consumidor Especial;MINERACAO RIO DO OURO LTDA;78266566000157;BOTUVERÁ;SC;SUL;1936;CELESC DIST;2,52;0,64881;0;0,64881;0,6264
202603;06/03/2026;14;903134;MIN RIO DO OURO -  BOTUVERA - SC;01/07/2024;63590;MIN RIO DO OURO;Consumidor Especial;MINERACAO RIO DO OURO LTDA;78266566000157;BOTUVERÁ;SC;SUL;1936;CELESC DIST;2,52;0,621199;0;0,621199;0,59904
202603;06/03/2026;15;903134;MIN RIO DO OURO -  BOTUVERA - SC;01/07/2024;63590;MIN RIO DO OURO;Consumidor Especial;MINERACAO RIO DO OURO LTDA;78266566000157;BOTUVERÁ;SC;SUL;1936;CELESC DIST;2,52;0,780484;0;0,780484;0,75312
202603;06/03/2026;16;903134;MIN RIO DO OURO -  BOTUVERA - SC;01/07/2024;63590;MIN RIO DO OURO;Consumidor Especial;MINERACAO RIO DO OURO LTDA;78266566000157;BOTUVERÁ;SC;SUL;1936;CELESC DIST;2,52;1,042323;0;1,042323;1,00944
202603;06/03/2026;17;903134;MIN RIO DO OURO -  BOTUVERA - SC;01/07/2024;63590;MIN RIO DO OURO;Consumidor Especial;MINERACAO RIO DO OURO LTDA;78266566000157;BOTUVERÁ;SC;SUL;1936;CELESC DIST;2,52;1,084649;0;1,084649;1,05408
202603;06/03/2026;18;903134;MIN RIO DO OURO -  BOTUVERA - SC;01/07/2024;63590;MIN RIO DO OURO;Consumidor Especial;MINERACAO RIO DO OURO LTDA;78266566000157;BOTUVERÁ;SC;SUL;1936;CELESC DIST;2,52;0,217914;0;0,217914;0,21168
202603;06/03/2026;19;903134;MIN RIO DO OURO -  BOTUVERA - SC;01/07/2024;63590;MIN RIO DO OURO;Consumidor Especial;MINERACAO RIO DO OURO LTDA;78266566000157;BOTUVERÁ;SC;SUL;1936;CELESC DIST;2,52;0,351671;0;0,351671;0,34128
202603;06/03/2026;20;903134;MIN RIO DO OURO -  BOTUVERA - SC;01/07/2024;63590;MIN RIO DO OURO;Consumidor Especial;MINERACAO RIO DO OURO LTDA;78266566000157;BOTUVERÁ;SC;SUL;1936;CELESC DIST;2,52;0,318859;0;0,318859;0,3096
202603;06/03/2026;21;903134;MIN RIO DO OURO -  BOTUVERA - SC;01/07/2024;63590;MIN RIO DO OURO;Consumidor Especial;MINERACAO RIO DO OURO LTDA;78266566000157;BOTUVERÁ;SC;SUL;1936;CELESC DIST;2,52;0,395965;0;0,395965;0,38448
202603;06/03/2026;22;903134;MIN RIO DO OURO -  BOTUVERA - SC;01/07/2024;63590;MIN RIO DO OURO;Consumidor Especial;MINERACAO RIO DO OURO LTDA;78266566000157;BOTUVERÁ;SC;SUL;1936;CELESC DIST;2,52;1,432561;0;1,432561;1,39104
202603;06/03/2026;23;903134;MIN RIO DO OURO -  BOTUVERA - SC;01/07/2024;63590;MIN RIO DO OURO;Consumidor Especial;MINERACAO RIO DO OURO LTDA;78266566000157;BOTUVERÁ;SC;SUL;1936;CELESC DIST;2,52;1,711866;0;1,711866;1,66176
202603;07/03/2026;0;903134;MIN RIO DO OURO -  BOTUVERA - SC;01/07/2024;63590;MIN RIO DO OURO;Consumidor Especial;MINERACAO RIO DO OURO LTDA;78266566000157;BOTUVERÁ;SC;SUL;1936;CELESC DIST;2,52;1,520736;0;1,520736;1,476
202603;07/03/2026;1;903134;MIN RIO DO OURO -  BOTUVERA - SC;01/07/2024;63590;MIN RIO DO OURO;Consumidor Especial;MINERACAO RIO DO OURO LTDA;78266566000157;BOTUVERÁ;SC;SUL;1936;CELESC DIST;2,52;1,368379;0;1,368379;1,32624
202603;07/03/2026;2;903134;MIN RIO DO OURO -  BOTUVERA - SC;01/07/2024;63590;MIN RIO DO OURO;Consumidor Especial;MINERACAO RIO DO OURO LTDA;78266566000157;BOTUVERÁ;SC;SUL;1936;CELESC DIST;2,52;1,400939;0;1,400939;1,35648
202603;07/03/2026;3;903134;MIN RIO DO OURO -  BOTUVERA - SC;01/07/2024;63590;MIN RIO DO OURO;Consumidor Especial;MINERACAO RIO DO OURO LTDA;78266566000157;BOTUVERÁ;SC;SUL;1936;CELESC DIST;2,52;1,518978;0;1,518978;1,47024
202603;07/03/2026;4;903134;MIN RIO DO OURO -  BOTUVERA - SC;01/07/2024;63590;MIN RIO DO OURO;Consumidor Especial;MINERACAO RIO DO OURO LTDA;78266566000157;BOTUVERÁ;SC;SUL;1936;CELESC DIST;2,52;1,569916;0;1,569916;1,51776
202603;07/03/2026;5;903134;MIN RIO DO OURO -  BOTUVERA - SC;01/07/2024;63590;MIN RIO DO OURO;Consumidor Especial;MINERACAO RIO DO OURO LTDA;78266566000157;BOTUVERÁ;SC;SUL;1936;CELESC DIST;2,52;1,589082;0;1,589082;1,53504
202603;07/03/2026;6;903134;MIN RIO DO OURO -  BOTUVERA - SC;01/07/2024;63590;MIN RIO DO OURO;Consumidor Especial;MINERACAO RIO DO OURO LTDA;78266566000157;BOTUVERÁ;SC;SUL;1936;CELESC DIST;2,52;1,5729;0;1,5729;1,5192
202603;07/03/2026;7;903134;MIN RIO DO OURO -  BOTUVERA - SC;01/07/2024;63590;MIN RIO DO OURO;Consumidor Especial;MINERACAO RIO DO OURO LTDA;78266566000157;BOTUVERÁ;SC;SUL;1936;CELESC DIST;2,52;1,122588;0;1,122588;1,08576
202603;07/03/2026;8;903134;MIN RIO DO OURO -  BOTUVERA - SC;01/07/2024;63590;MIN RIO DO OURO;Consumidor Especial;MINERACAO RIO DO OURO LTDA;78266566000157;BOTUVERÁ;SC;SUL;1936;CELESC DIST;2,52;1,035013;0;1,035013;1,00224
202603;07/03/2026;9;903134;MIN RIO DO OURO -  BOTUVERA - SC;01/07/2024;63590;MIN RIO DO OURO;Consumidor Especial;MINERACAO RIO DO OURO LTDA;78266566000157;BOTUVERÁ;SC;SUL;1936;CELESC DIST;2,52;0,635783;0;0,635783;0,61488
202603;07/03/2026;10;903134;MIN RIO DO OURO -  BOTUVERA - SC;01/07/2024;63590;MIN RIO DO OURO;Consumidor Especial;MINERACAO RIO DO OURO LTDA;78266566000157;BOTUVERÁ;SC;SUL;1936;CELESC DIST;2,52;0,53259;0;0,53259;0,51552
202603;07/03/2026;11;903134;MIN RIO DO OURO -  BOTUVERA - SC;01/07/2024;63590;MIN RIO DO OURO;Consumidor Especial;MINERACAO RIO DO OURO LTDA;78266566000157;BOTUVERÁ;SC;SUL;1936;CELESC DIST;2,52;0,730533;0;0,730533;0,70992
202603;07/03/2026;12;903134;MIN RIO DO OURO -  BOTUVERA - SC;01/07/2024;63590;MIN RIO DO OURO;Consumidor Especial;MINERACAO RIO DO OURO LTDA;78266566000157;BOTUVERÁ;SC;SUL;1936;CELESC DIST;2,52;0,817145;0;0,817145;0,79488
202603;07/03/2026;13;903134;MIN RIO DO OURO -  BOTUVERA - SC;01/07/2024;63590;MIN RIO DO OURO;Consumidor Especial;MINERACAO RIO DO OURO LTDA;78266566000157;BOTUVERÁ;SC;SUL;1936;CELESC DIST;2,52;0,226189;0;0,226189;0,21888
202603;07/03/2026;14;903134;MIN RIO DO OURO -  BOTUVERA - SC;01/07/2024;63590;MIN RIO DO OURO;Consumidor Especial;MINERACAO RIO DO OURO LTDA;78266566000157;BOTUVERÁ;SC;SUL;1936;CELESC DIST;2,52;0,192691;0;0,192691;0,18576
202603;07/03/2026;15;903134;MIN RIO DO OURO -  BOTUVERA - SC;01/07/2024;63590;MIN RIO DO OURO;Consumidor Especial;MINERACAO RIO DO OURO LTDA;78266566000157;BOTUVERÁ;SC;SUL;1936;CELESC DIST;2,52;0,239205;0;0,239205;0,2304
202603;07/03/2026;16;903134;MIN RIO DO OURO -  BOTUVERA - SC;01/07/2024;63590;MIN RIO DO OURO;Consumidor Especial;MINERACAO RIO DO OURO LTDA;78266566000157;BOTUVERÁ;SC;SUL;1936;CELESC DIST;2,52;0,189547;0;0,189547;0,18288
202603;07/03/2026;17;903134;MIN RIO DO OURO -  BOTUVERA - SC;01/07/2024;63590;MIN RIO DO OURO;Consumidor Especial;MINERACAO RIO DO OURO LTDA;78266566000157;BOTUVERÁ;SC;SUL;1936;CELESC DIST;2,52;0,070101;0;0,070101;0,06768
202603;07/03/2026;18;903134;MIN RIO DO OURO -  BOTUVERA - SC;01/07/2024;63590;MIN RIO DO OURO;Consumidor Especial;MINERACAO RIO DO OURO LTDA;78266566000157;BOTUVERÁ;SC;SUL;1936;CELESC DIST;2,52;0,169849;0;0,169849;0,16416
202603;07/03/2026;19;903134;MIN RIO DO OURO -  BOTUVERA - SC;01/07/2024;63590;MIN RIO DO OURO;Consumidor Especial;MINERACAO RIO DO OURO LTDA;78266566000157;BOTUVERÁ;SC;SUL;1936;CELESC DIST;2,52;0,188867;0;0,188867;0,18288
202603;07/03/2026;20;903134;MIN RIO DO OURO -  BOTUVERA - SC;01/07/2024;63590;MIN RIO DO OURO;Consumidor Especial;MINERACAO RIO DO OURO LTDA;78266566000157;BOTUVERÁ;SC;SUL;1936;CELESC DIST;2,52;0,188642;0;0,188642;0,18288
202603;07/03/2026;21;903134;MIN RIO DO OURO -  BOTUVERA - SC;01/07/2024;63590;MIN RIO DO OURO;Consumidor Especial;MINERACAO RIO DO OURO LTDA;78266566000157;BOTUVERÁ;SC;SUL;1936;CELESC DIST;2,52;0,198928;0;0,198928;0,19296
202603;07/03/2026;22;903134;MIN RIO DO OURO -  BOTUVERA - SC;01/07/2024;63590;MIN RIO DO OURO;Consumidor Especial;MINERACAO RIO DO OURO LTDA;78266566000157;BOTUVERÁ;SC;SUL;1936;CELESC DIST;2,52;0,212295;0;0,212295;0,20592
202603;07/03/2026;23;903134;MIN RIO DO OURO -  BOTUVERA - SC;01/07/2024;63590;MIN RIO DO OURO;Consumidor Especial;MINERACAO RIO DO OURO LTDA;78266566000157;BOTUVERÁ;SC;SUL;1936;CELESC DIST;2,52;0,206384;0;0,206384;0,20016
202603;08/03/2026;0;903134;MIN RIO DO OURO -  BOTUVERA - SC;01/07/2024;63590;MIN RIO DO OURO;Consumidor Especial;MINERACAO RIO DO OURO LTDA;78266566000157;BOTUVERÁ;SC;SUL;1936;CELESC DIST;2,52;0,184173;0;0,184173;0,17856
202603;08/03/2026;1;903134;MIN RIO DO OURO -  BOTUVERA - SC;01/07/2024;63590;MIN RIO DO OURO;Consumidor Especial;MINERACAO RIO DO OURO LTDA;78266566000157;BOTUVERÁ;SC;SUL;1936;CELESC DIST;2,52;0,203387;0;0,203387;0,19728
202603;08/03/2026;2;903134;MIN RIO DO OURO -  BOTUVERA - SC;01/07/2024;63590;MIN RIO DO OURO;Consumidor Especial;MINERACAO RIO DO OURO LTDA;78266566000157;BOTUVERÁ;SC;SUL;1936;CELESC DIST;2,52;0,167781;0;0,167781;0,16272
202603;08/03/2026;3;903134;MIN RIO DO OURO -  BOTUVERA - SC;01/07/2024;63590;MIN RIO DO OURO;Consumidor Especial;MINERACAO RIO DO OURO LTDA;78266566000157;BOTUVERÁ;SC;SUL;1936;CELESC DIST;2,52;0,207936;0;0,207936;0,2016
202603;08/03/2026;4;903134;MIN RIO DO OURO -  BOTUVERA - SC;01/07/2024;63590;MIN RIO DO OURO;Consumidor Especial;MINERACAO RIO DO OURO LTDA;78266566000157;BOTUVERÁ;SC;SUL;1936;CELESC DIST;2,52;0,102508;0;0,102508;0,09936
202603;08/03/2026;5;903134;MIN RIO DO OURO -  BOTUVERA - SC;01/07/2024;63590;MIN RIO DO OURO;Consumidor Especial;MINERACAO RIO DO OURO LTDA;78266566000157;BOTUVERÁ;SC;SUL;1936;CELESC DIST;2,52;0,184071;0;0,184071;0,17856
202603;08/03/2026;6;903134;MIN RIO DO OURO -  BOTUVERA - SC;01/07/2024;63590;MIN RIO DO OURO;Consumidor Especial;MINERACAO RIO DO OURO LTDA;78266566000157;BOTUVERÁ;SC;SUL;1936;CELESC DIST;2,52;0,240872;0;0,240872;0,23328
202603;08/03/2026;7;903134;MIN RIO DO OURO -  BOTUVERA - SC;01/07/2024;63590;MIN RIO DO OURO;Consumidor Especial;MINERACAO RIO DO OURO LTDA;78266566000157;BOTUVERÁ;SC;SUL;1936;CELESC DIST;2,52;0,258444;0;0,258444;0,25056
202603;08/03/2026;8;903134;MIN RIO DO OURO -  BOTUVERA - SC;01/07/2024;63590;MIN RIO DO OURO;Consumidor Especial;MINERACAO RIO DO OURO LTDA;78266566000157;BOTUVERÁ;SC;SUL;1936;CELESC DIST;2,52;0,235775;0;0,235775;0,22896
202603;08/03/2026;9;903134;MIN RIO DO OURO -  BOTUVERA - SC;01/07/2024;63590;MIN RIO DO OURO;Consumidor Especial;MINERACAO RIO DO OURO LTDA;78266566000157;BOTUVERÁ;SC;SUL;1936;CELESC DIST;2,52;0,225119;0;0,225119;0,21888
202603;08/03/2026;10;903134;MIN RIO DO OURO -  BOTUVERA - SC;01/07/2024;63590;MIN RIO DO OURO;Consumidor Especial;MINERACAO RIO DO OURO LTDA;78266566000157;BOTUVERÁ;SC;SUL;1936;CELESC DIST;2,52;0,200251;0;0,200251;0,19728
202603;08/03/2026;11;903134;MIN RIO DO OURO -  BOTUVERA - SC;01/07/2024;63590;MIN RIO DO OURO;Consumidor Especial;MINERACAO RIO DO OURO LTDA;78266566000157;BOTUVERÁ;SC;SUL;1936;CELESC DIST;2,52;0,061303;0;0,061303;0,06048
202603;08/03/2026;12;903134;MIN RIO DO OURO -  BOTUVERA - SC;01/07/2024;63590;MIN RIO DO OURO;Consumidor Especial;MINERACAO RIO DO OURO LTDA;78266566000157;BOTUVERÁ;SC;SUL;1936;CELESC DIST;2,52;0,063103;0;0,063103;0,06192
202603;08/03/2026;13;903134;MIN RIO DO OURO -  BOTUVERA - SC;01/07/2024;63590;MIN RIO DO OURO;Consumidor Especial;MINERACAO RIO DO OURO LTDA;78266566000157;BOTUVERÁ;SC;SUL;1936;CELESC DIST;2,52;0,063552;0;0,063552;0,06192
202603;08/03/2026;14;903134;MIN RIO DO OURO -  BOTUVERA - SC;01/07/2024;63590;MIN RIO DO OURO;Consumidor Especial;MINERACAO RIO DO OURO LTDA;78266566000157;BOTUVERÁ;SC;SUL;1936;CELESC DIST;2,52;0,064004;0;0,064004;0,06192
202603;08/03/2026;15;903134;MIN RIO DO OURO -  BOTUVERA - SC;01/07/2024;63590;MIN RIO DO OURO;Consumidor Especial;MINERACAO RIO DO OURO LTDA;78266566000157;BOTUVERÁ;SC;SUL;1936;CELESC DIST;2,52;0,064331;0;0,064331;0,06192
202603;08/03/2026;16;903134;MIN RIO DO OURO -  BOTUVERA - SC;01/07/2024;63590;MIN RIO DO OURO;Consumidor Especial;MINERACAO RIO DO OURO LTDA;78266566000157;BOTUVERÁ;SC;SUL;1936;CELESC DIST;2,52;0,061245;0;0,061245;0,05904
202603;08/03/2026;17;903134;MIN RIO DO OURO -  BOTUVERA - SC;01/07/2024;63590;MIN RIO DO OURO;Consumidor Especial;MINERACAO RIO DO OURO LTDA;78266566000157;BOTUVERÁ;SC;SUL;1936;CELESC DIST;2,52;0,064065;0;0,064065;0,06192
202603;08/03/2026;18;903134;MIN RIO DO OURO -  BOTUVERA - SC;01/07/2024;63590;MIN RIO DO OURO;Consumidor Especial;MINERACAO RIO DO OURO LTDA;78266566000157;BOTUVERÁ;SC;SUL;1936;CELESC DIST;2,52;0,062515;0;0,062515;0,06048
202603;08/03/2026;19;903134;MIN RIO DO OURO -  BOTUVERA - SC;01/07/2024;63590;MIN RIO DO OURO;Consumidor Especial;MINERACAO RIO DO OURO LTDA;78266566000157;BOTUVERÁ;SC;SUL;1936;CELESC DIST;2,52;0,063903;0;0,063903;0,06192
202603;08/03/2026;20;903134;MIN RIO DO OURO -  BOTUVERA - SC;01/07/2024;63590;MIN RIO DO OURO;Consumidor Especial;MINERACAO RIO DO OURO LTDA;78266566000157;BOTUVERÁ;SC;SUL;1936;CELESC DIST;2,52;0,06387;0;0,06387;0,06192
202603;08/03/2026;21;903134;MIN RIO DO OURO -  BOTUVERA - SC;01/07/2024;63590;MIN RIO DO OURO;Consumidor Especial;MINERACAO RIO DO OURO LTDA;78266566000157;BOTUVERÁ;SC;SUL;1936;CELESC DIST;2,52;0,071339;0;0,071339;0,06912
202603;08/03/2026;22;903134;MIN RIO DO OURO -  BOTUVERA - SC;01/07/2024;63590;MIN RIO DO OURO;Consumidor Especial;MINERACAO RIO DO OURO LTDA;78266566000157;BOTUVERÁ;SC;SUL;1936;CELESC DIST;2,52;1,143712;0;1,143712;1,1088
202603;08/03/2026;23;903134;MIN RIO DO OURO -  BOTUVERA - SC;01/07/2024;63590;MIN RIO DO OURO;Consumidor Especial;MINERACAO RIO DO OURO LTDA;78266566000157;BOTUVERÁ;SC;SUL;1936;CELESC DIST;2,52;1,360891;0;1,360891;1,32048
202603;09/03/2026;0;903134;MIN RIO DO OURO -  BOTUVERA - SC;01/07/2024;63590;MIN RIO DO OURO;Consumidor Especial;MINERACAO RIO DO OURO LTDA;78266566000157;BOTUVERÁ;SC;SUL;1936;CELESC DIST;2,52;1,352455;0;1,352455;1,31184
202603;09/03/2026;1;903134;MIN RIO DO OURO -  BOTUVERA - SC;01/07/2024;63590;MIN RIO DO OURO;Consumidor Especial;MINERACAO RIO DO OURO LTDA;78266566000157;BOTUVERÁ;SC;SUL;1936;CELESC DIST;2,52;0,555758;0;0,555758;0,53856
202603;09/03/2026;2;903134;MIN RIO DO OURO -  BOTUVERA - SC;01/07/2024;63590;MIN RIO DO OURO;Consumidor Especial;MINERACAO RIO DO OURO LTDA;78266566000157;BOTUVERÁ;SC;SUL;1936;CELESC DIST;2,52;1,272751;0;1,272751;1,23264
202603;09/03/2026;3;903134;MIN RIO DO OURO -  BOTUVERA - SC;01/07/2024;63590;MIN RIO DO OURO;Consumidor Especial;MINERACAO RIO DO OURO LTDA;78266566000157;BOTUVERÁ;SC;SUL;1936;CELESC DIST;2,52;1,444785;0;1,444785;1,39824
202603;09/03/2026;4;903134;MIN RIO DO OURO -  BOTUVERA - SC;01/07/2024;63590;MIN RIO DO OURO;Consumidor Especial;MINERACAO RIO DO OURO LTDA;78266566000157;BOTUVERÁ;SC;SUL;1936;CELESC DIST;2,52;1,401964;0;1,401964;1,35648
202603;09/03/2026;5;903134;MIN RIO DO OURO -  BOTUVERA - SC;01/07/2024;63590;MIN RIO DO OURO;Consumidor Especial;MINERACAO RIO DO OURO LTDA;78266566000157;BOTUVERÁ;SC;SUL;1936;CELESC DIST;2,52;1,399335;0;1,399335;1,3536
202603;09/03/2026;6;903134;MIN RIO DO OURO -  BOTUVERA - SC;01/07/2024;63590;MIN RIO DO OURO;Consumidor Especial;MINERACAO RIO DO OURO LTDA;78266566000157;BOTUVERÁ;SC;SUL;1936;CELESC DIST;2,52;1,449612;0;1,449612;1,40256
202603;09/03/2026;7;903134;MIN RIO DO OURO -  BOTUVERA - SC;01/07/2024;63590;MIN RIO DO OURO;Consumidor Especial;MINERACAO RIO DO OURO LTDA;78266566000157;BOTUVERÁ;SC;SUL;1936;CELESC DIST;2,52;1,703097;0;1,703097;1,64736
202603;09/03/2026;8;903134;MIN RIO DO OURO -  BOTUVERA - SC;01/07/2024;63590;MIN RIO DO OURO;Consumidor Especial;MINERACAO RIO DO OURO LTDA;78266566000157;BOTUVERÁ;SC;SUL;1936;CELESC DIST;2,52;1,697979;0;1,697979;1,64304
202603;09/03/2026;9;903134;MIN RIO DO OURO -  BOTUVERA - SC;01/07/2024;63590;MIN RIO DO OURO;Consumidor Especial;MINERACAO RIO DO OURO LTDA;78266566000157;BOTUVERÁ;SC;SUL;1936;CELESC DIST;2,52;1,772044;0;1,772044;1,7136
202603;09/03/2026;10;903134;MIN RIO DO OURO -  BOTUVERA - SC;01/07/2024;63590;MIN RIO DO OURO;Consumidor Especial;MINERACAO RIO DO OURO LTDA;78266566000157;BOTUVERÁ;SC;SUL;1936;CELESC DIST;2,52;2,132412;0;2,132412;2,05776
202603;09/03/2026;11;903134;MIN RIO DO OURO -  BOTUVERA - SC;01/07/2024;63590;MIN RIO DO OURO;Consumidor Especial;MINERACAO RIO DO OURO LTDA;78266566000157;BOTUVERÁ;SC;SUL;1936;CELESC DIST;2,52;2,505902;0;2,505902;2,41488
202603;09/03/2026;12;903134;MIN RIO DO OURO -  BOTUVERA - SC;01/07/2024;63590;MIN RIO DO OURO;Consumidor Especial;MINERACAO RIO DO OURO LTDA;78266566000157;BOTUVERÁ;SC;SUL;1936;CELESC DIST;2,52;2,342574;0;2,342574;2,25792
202603;09/03/2026;13;903134;MIN RIO DO OURO -  BOTUVERA - SC;01/07/2024;63590;MIN RIO DO OURO;Consumidor Especial;MINERACAO RIO DO OURO LTDA;78266566000157;BOTUVERÁ;SC;SUL;1936;CELESC DIST;2,52;1,559718;0;1,559718;1,50336
202603;09/03/2026;14;903134;MIN RIO DO OURO -  BOTUVERA - SC;01/07/2024;63590;MIN RIO DO OURO;Consumidor Especial;MINERACAO RIO DO OURO LTDA;78266566000157;BOTUVERÁ;SC;SUL;1936;CELESC DIST;2,52;1,496253;0;1,496253;1,44432
202603;09/03/2026;15;903134;MIN RIO DO OURO -  BOTUVERA - SC;01/07/2024;63590;MIN RIO DO OURO;Consumidor Especial;MINERACAO RIO DO OURO LTDA;78266566000157;BOTUVERÁ;SC;SUL;1936;CELESC DIST;2,52;1,339535;0;1,339535;1,296
202603;09/03/2026;16;903134;MIN RIO DO OURO -  BOTUVERA - SC;01/07/2024;63590;MIN RIO DO OURO;Consumidor Especial;MINERACAO RIO DO OURO LTDA;78266566000157;BOTUVERÁ;SC;SUL;1936;CELESC DIST;2,52;1,485531;0;1,485531;1,44
202603;09/03/2026;17;903134;MIN RIO DO OURO -  BOTUVERA - SC;01/07/2024;63590;MIN RIO DO OURO;Consumidor Especial;MINERACAO RIO DO OURO LTDA;78266566000157;BOTUVERÁ;SC;SUL;1936;CELESC DIST;2,52;1,03574;0;1,03574;1,00368
202603;09/03/2026;18;903134;MIN RIO DO OURO -  BOTUVERA - SC;01/07/2024;63590;MIN RIO DO OURO;Consumidor Especial;MINERACAO RIO DO OURO LTDA;78266566000157;BOTUVERÁ;SC;SUL;1936;CELESC DIST;2,52;0,198785;0;0,198785;0,19296
202603;09/03/2026;19;903134;MIN RIO DO OURO -  BOTUVERA - SC;01/07/2024;63590;MIN RIO DO OURO;Consumidor Especial;MINERACAO RIO DO OURO LTDA;78266566000157;BOTUVERÁ;SC;SUL;1936;CELESC DIST;2,52;0,136344;0;0,136344;0,13248
202603;09/03/2026;20;903134;MIN RIO DO OURO -  BOTUVERA - SC;01/07/2024;63590;MIN RIO DO OURO;Consumidor Especial;MINERACAO RIO DO OURO LTDA;78266566000157;BOTUVERÁ;SC;SUL;1936;CELESC DIST;2,52;0,201536;0;0,201536;0,19584
202603;09/03/2026;21;903134;MIN RIO DO OURO -  BOTUVERA - SC;01/07/2024;63590;MIN RIO DO OURO;Consumidor Especial;MINERACAO RIO DO OURO LTDA;78266566000157;BOTUVERÁ;SC;SUL;1936;CELESC DIST;2,52;0,319002;0;0,319002;0,3096
202603;09/03/2026;22;903134;MIN RIO DO OURO -  BOTUVERA - SC;01/07/2024;63590;MIN RIO DO OURO;Consumidor Especial;MINERACAO RIO DO OURO LTDA;78266566000157;BOTUVERÁ;SC;SUL;1936;CELESC DIST;2,52;1,854391;0;1,854391;1,8
202603;09/03/2026;23;903134;MIN RIO DO OURO -  BOTUVERA - SC;01/07/2024;63590;MIN RIO DO OURO;Consumidor Especial;MINERACAO RIO DO OURO LTDA;78266566000157;BOTUVERÁ;SC;SUL;1936;CELESC DIST;2,52;2,200325;0;2,200325;2,13408
202603;10/03/2026;0;903134;MIN RIO DO OURO -  BOTUVERA - SC;01/07/2024;63590;MIN RIO DO OURO;Consumidor Especial;MINERACAO RIO DO OURO LTDA;78266566000157;BOTUVERÁ;SC;SUL;1936;CELESC DIST;2,52;2,106466;0;2,106466;2,04048
202603;10/03/2026;1;903134;MIN RIO DO OURO -  BOTUVERA - SC;01/07/2024;63590;MIN RIO DO OURO;Consumidor Especial;MINERACAO RIO DO OURO LTDA;78266566000157;BOTUVERÁ;SC;SUL;1936;CELESC DIST;2,52;1,499572;0;1,499572;1,45152
202603;10/03/2026;2;903134;MIN RIO DO OURO -  BOTUVERA - SC;01/07/2024;63590;MIN RIO DO OURO;Consumidor Especial;MINERACAO RIO DO OURO LTDA;78266566000157;BOTUVERÁ;SC;SUL;1936;CELESC DIST;2,52;1,660863;0;1,660863;1,60704
202603;10/03/2026;3;903134;MIN RIO DO OURO -  BOTUVERA - SC;01/07/2024;63590;MIN RIO DO OURO;Consumidor Especial;MINERACAO RIO DO OURO LTDA;78266566000157;BOTUVERÁ;SC;SUL;1936;CELESC DIST;2,52;2,248128;0;2,248128;2,1744
202603;10/03/2026;4;903134;MIN RIO DO OURO -  BOTUVERA - SC;01/07/2024;63590;MIN RIO DO OURO;Consumidor Especial;MINERACAO RIO DO OURO LTDA;78266566000157;BOTUVERÁ;SC;SUL;1936;CELESC DIST;2,52;2,129384;0;2,129384;2,0592
202603;10/03/2026;5;903134;MIN RIO DO OURO -  BOTUVERA - SC;01/07/2024;63590;MIN RIO DO OURO;Consumidor Especial;MINERACAO RIO DO OURO LTDA;78266566000157;BOTUVERÁ;SC;SUL;1936;CELESC DIST;2,52;2,089151;0;2,089151;2,01888
202603;10/03/2026;6;903134;MIN RIO DO OURO -  BOTUVERA - SC;01/07/2024;63590;MIN RIO DO OURO;Consumidor Especial;MINERACAO RIO DO OURO LTDA;78266566000157;BOTUVERÁ;SC;SUL;1936;CELESC DIST;2,52;2,209307;0;2,209307;2,13408
202603;10/03/2026;7;903134;MIN RIO DO OURO -  BOTUVERA - SC;01/07/2024;63590;MIN RIO DO OURO;Consumidor Especial;MINERACAO RIO DO OURO LTDA;78266566000157;BOTUVERÁ;SC;SUL;1936;CELESC DIST;2,52;1,965328;0;1,965328;1,9008
202603;10/03/2026;8;903134;MIN RIO DO OURO -  BOTUVERA - SC;01/07/2024;63590;MIN RIO DO OURO;Consumidor Especial;MINERACAO RIO DO OURO LTDA;78266566000157;BOTUVERÁ;SC;SUL;1936;CELESC DIST;2,52;1,983411;0;1,983411;1,91952
202603;10/03/2026;9;903134;MIN RIO DO OURO -  BOTUVERA - SC;01/07/2024;63590;MIN RIO DO OURO;Consumidor Especial;MINERACAO RIO DO OURO LTDA;78266566000157;BOTUVERÁ;SC;SUL;1936;CELESC DIST;2,52;2,188414;0;2,188414;2,12112
202603;10/03/2026;10;903134;MIN RIO DO OURO -  BOTUVERA - SC;01/07/2024;63590;MIN RIO DO OURO;Consumidor Especial;MINERACAO RIO DO OURO LTDA;78266566000157;BOTUVERÁ;SC;SUL;1936;CELESC DIST;2,52;2,17505;0;2,17505;2,11248
202603;10/03/2026;11;903134;MIN RIO DO OURO -  BOTUVERA - SC;01/07/2024;63590;MIN RIO DO OURO;Consumidor Especial;MINERACAO RIO DO OURO LTDA;78266566000157;BOTUVERÁ;SC;SUL;1936;CELESC DIST;2,52;1,979264;0;1,979264;1,9224
202603;10/03/2026;12;903134;MIN RIO DO OURO -  BOTUVERA - SC;01/07/2024;63590;MIN RIO DO OURO;Consumidor Especial;MINERACAO RIO DO OURO LTDA;78266566000157;BOTUVERÁ;SC;SUL;1936;CELESC DIST;2,52;1,966367;0;1,966367;1,91376
202603;10/03/2026;13;903134;MIN RIO DO OURO -  BOTUVERA - SC;01/07/2024;63590;MIN RIO DO OURO;Consumidor Especial;MINERACAO RIO DO OURO LTDA;78266566000157;BOTUVERÁ;SC;SUL;1936;CELESC DIST;2,52;1,396919;0;1,396919;1,35504
202603;10/03/2026;14;903134;MIN RIO DO OURO -  BOTUVERA - SC;01/07/2024;63590;MIN RIO DO OURO;Consumidor Especial;MINERACAO RIO DO OURO LTDA;78266566000157;BOTUVERÁ;SC;SUL;1936;CELESC DIST;2,52;1,530226;0;1,530226;1,47888
202603;10/03/2026;15;903134;MIN RIO DO OURO -  BOTUVERA - SC;01/07/2024;63590;MIN RIO DO OURO;Consumidor Especial;MINERACAO RIO DO OURO LTDA;78266566000157;BOTUVERÁ;SC;SUL;1936;CELESC DIST;2,52;1,353867;0;1,353867;1,30752
202603;10/03/2026;16;903134;MIN RIO DO OURO -  BOTUVERA - SC;01/07/2024;63590;MIN RIO DO OURO;Consumidor Especial;MINERACAO RIO DO OURO LTDA;78266566000157;BOTUVERÁ;SC;SUL;1936;CELESC DIST;2,52;1,298695;0;1,298695;1,25568
202603;10/03/2026;17;903134;MIN RIO DO OURO -  BOTUVERA - SC;01/07/2024;63590;MIN RIO DO OURO;Consumidor Especial;MINERACAO RIO DO OURO LTDA;78266566000157;BOTUVERÁ;SC;SUL;1936;CELESC DIST;2,52;0,826534;0;0,826534;0,80064
202603;10/03/2026;18;903134;MIN RIO DO OURO -  BOTUVERA - SC;01/07/2024;63590;MIN RIO DO OURO;Consumidor Especial;MINERACAO RIO DO OURO LTDA;78266566000157;BOTUVERÁ;SC;SUL;1936;CELESC DIST;2,52;0,209533;0;0,209533;0,20304
202603;10/03/2026;19;903134;MIN RIO DO OURO -  BOTUVERA - SC;01/07/2024;63590;MIN RIO DO OURO;Consumidor Especial;MINERACAO RIO DO OURO LTDA;78266566000157;BOTUVERÁ;SC;SUL;1936;CELESC DIST;2,52;0,206432;0;0,206432;0,20016
202603;10/03/2026;20;903134;MIN RIO DO OURO -  BOTUVERA - SC;01/07/2024;63590;MIN RIO DO OURO;Consumidor Especial;MINERACAO RIO DO OURO LTDA;78266566000157;BOTUVERÁ;SC;SUL;1936;CELESC DIST;2,52;0,179642;0;0,179642;0,17424
202603;10/03/2026;21;903134;MIN RIO DO OURO -  BOTUVERA - SC;01/07/2024;63590;MIN RIO DO OURO;Consumidor Especial;MINERACAO RIO DO OURO LTDA;78266566000157;BOTUVERÁ;SC;SUL;1936;CELESC DIST;2,52;0,228441;0;0,228441;0,22176
202603;10/03/2026;22;903134;MIN RIO DO OURO -  BOTUVERA - SC;01/07/2024;63590;MIN RIO DO OURO;Consumidor Especial;MINERACAO RIO DO OURO LTDA;78266566000157;BOTUVERÁ;SC;SUL;1936;CELESC DIST;2,52;1,592266;0;1,592266;1,54512
202603;10/03/2026;23;903134;MIN RIO DO OURO -  BOTUVERA - SC;01/07/2024;63590;MIN RIO DO OURO;Consumidor Especial;MINERACAO RIO DO OURO LTDA;78266566000157;BOTUVERÁ;SC;SUL;1936;CELESC DIST;2,52;2,044833;0;2,044833;1,98576
202603;11/03/2026;0;903134;MIN RIO DO OURO -  BOTUVERA - SC;01/07/2024;63590;MIN RIO DO OURO;Consumidor Especial;MINERACAO RIO DO OURO LTDA;78266566000157;BOTUVERÁ;SC;SUL;1936;CELESC DIST;2,52;1,689454;0;1,689454;1,63872
202603;11/03/2026;1;903134;MIN RIO DO OURO -  BOTUVERA - SC;01/07/2024;63590;MIN RIO DO OURO;Consumidor Especial;MINERACAO RIO DO OURO LTDA;78266566000157;BOTUVERÁ;SC;SUL;1936;CELESC DIST;2,52;0,742984;0;0,742984;0,72
202603;11/03/2026;2;903134;MIN RIO DO OURO -  BOTUVERA - SC;01/07/2024;63590;MIN RIO DO OURO;Consumidor Especial;MINERACAO RIO DO OURO LTDA;78266566000157;BOTUVERÁ;SC;SUL;1936;CELESC DIST;2,52;1,336332;0;1,336332;1,29456
202603;11/03/2026;3;903134;MIN RIO DO OURO -  BOTUVERA - SC;01/07/2024;63590;MIN RIO DO OURO;Consumidor Especial;MINERACAO RIO DO OURO LTDA;78266566000157;BOTUVERÁ;SC;SUL;1936;CELESC DIST;2,52;2,047279;0;2,047279;1,98144
202603;11/03/2026;4;903134;MIN RIO DO OURO -  BOTUVERA - SC;01/07/2024;63590;MIN RIO DO OURO;Consumidor Especial;MINERACAO RIO DO OURO LTDA;78266566000157;BOTUVERÁ;SC;SUL;1936;CELESC DIST;2,52;1,940386;0;1,940386;1,87632
202603;11/03/2026;5;903134;MIN RIO DO OURO -  BOTUVERA - SC;01/07/2024;63590;MIN RIO DO OURO;Consumidor Especial;MINERACAO RIO DO OURO LTDA;78266566000157;BOTUVERÁ;SC;SUL;1936;CELESC DIST;2,52;1,622356;0;1,622356;1,56672
202603;11/03/2026;6;903134;MIN RIO DO OURO -  BOTUVERA - SC;01/07/2024;63590;MIN RIO DO OURO;Consumidor Especial;MINERACAO RIO DO OURO LTDA;78266566000157;BOTUVERÁ;SC;SUL;1936;CELESC DIST;2,52;1,228074;0;1,228074;1,18656
202603;11/03/2026;7;903134;MIN RIO DO OURO -  BOTUVERA - SC;01/07/2024;63590;MIN RIO DO OURO;Consumidor Especial;MINERACAO RIO DO OURO LTDA;78266566000157;BOTUVERÁ;SC;SUL;1936;CELESC DIST;2,52;1,048114;0;1,048114;1,01232
202603;11/03/2026;8;903134;MIN RIO DO OURO -  BOTUVERA - SC;01/07/2024;63590;MIN RIO DO OURO;Consumidor Especial;MINERACAO RIO DO OURO LTDA;78266566000157;BOTUVERÁ;SC;SUL;1936;CELESC DIST;2,52;0,996677;0;0,996677;0,9648
202603;11/03/2026;9;903134;MIN RIO DO OURO -  BOTUVERA - SC;01/07/2024;63590;MIN RIO DO OURO;Consumidor Especial;MINERACAO RIO DO OURO LTDA;78266566000157;BOTUVERÁ;SC;SUL;1936;CELESC DIST;2,52;1,453439;0;1,453439;1,40544
202603;11/03/2026;10;903134;MIN RIO DO OURO -  BOTUVERA - SC;01/07/2024;63590;MIN RIO DO OURO;Consumidor Especial;MINERACAO RIO DO OURO LTDA;78266566000157;BOTUVERÁ;SC;SUL;1936;CELESC DIST;2,52;1,457316;0;1,457316;1,40976
202603;11/03/2026;11;903134;MIN RIO DO OURO -  BOTUVERA - SC;01/07/2024;63590;MIN RIO DO OURO;Consumidor Especial;MINERACAO RIO DO OURO LTDA;78266566000157;BOTUVERÁ;SC;SUL;1936;CELESC DIST;2,52;1,446039;0;1,446039;1,40112
202603;11/03/2026;12;903134;MIN RIO DO OURO -  BOTUVERA - SC;01/07/2024;63590;MIN RIO DO OURO;Consumidor Especial;MINERACAO RIO DO OURO LTDA;78266566000157;BOTUVERÁ;SC;SUL;1936;CELESC DIST;2,52;1,364423;0;1,364423;1,32336
202603;11/03/2026;13;903134;MIN RIO DO OURO -  BOTUVERA - SC;01/07/2024;63590;MIN RIO DO OURO;Consumidor Especial;MINERACAO RIO DO OURO LTDA;78266566000157;BOTUVERÁ;SC;SUL;1936;CELESC DIST;2,52;1,34511;0;1,34511;1,30176
202603;11/03/2026;14;903134;MIN RIO DO OURO -  BOTUVERA - SC;01/07/2024;63590;MIN RIO DO OURO;Consumidor Especial;MINERACAO RIO DO OURO LTDA;78266566000157;BOTUVERÁ;SC;SUL;1936;CELESC DIST;2,52;1,455761;0;1,455761;1,40544
202603;11/03/2026;15;903134;MIN RIO DO OURO -  BOTUVERA - SC;01/07/2024;63590;MIN RIO DO OURO;Consumidor Especial;MINERACAO RIO DO OURO LTDA;78266566000157;BOTUVERÁ;SC;SUL;1936;CELESC DIST;2,52;1,221853;0;1,221853;1,17936
202603;11/03/2026;16;903134;MIN RIO DO OURO -  BOTUVERA - SC;01/07/2024;63590;MIN RIO DO OURO;Consumidor Especial;MINERACAO RIO DO OURO LTDA;78266566000157;BOTUVERÁ;SC;SUL;1936;CELESC DIST;2,52;1,436029;0;1,436029;1,3896
202603;11/03/2026;17;903134;MIN RIO DO OURO -  BOTUVERA - SC;01/07/2024;63590;MIN RIO DO OURO;Consumidor Especial;MINERACAO RIO DO OURO LTDA;78266566000157;BOTUVERÁ;SC;SUL;1936;CELESC DIST;2,52;1,654569;0;1,654569;1,6056
202603;11/03/2026;18;903134;MIN RIO DO OURO -  BOTUVERA - SC;01/07/2024;63590;MIN RIO DO OURO;Consumidor Especial;MINERACAO RIO DO OURO LTDA;78266566000157;BOTUVERÁ;SC;SUL;1936;CELESC DIST;2,52;0,169272;0;0,169272;0,16416
202603;11/03/2026;19;903134;MIN RIO DO OURO -  BOTUVERA - SC;01/07/2024;63590;MIN RIO DO OURO;Consumidor Especial;MINERACAO RIO DO OURO LTDA;78266566000157;BOTUVERÁ;SC;SUL;1936;CELESC DIST;2,52;0,154502;0;0,154502;0,14976
202603;11/03/2026;20;903134;MIN RIO DO OURO -  BOTUVERA - SC;01/07/2024;63590;MIN RIO DO OURO;Consumidor Especial;MINERACAO RIO DO OURO LTDA;78266566000157;BOTUVERÁ;SC;SUL;1936;CELESC DIST;2,52;0,185626;0;0,185626;0,18
202603;11/03/2026;21;903134;MIN RIO DO OURO -  BOTUVERA - SC;01/07/2024;63590;MIN RIO DO OURO;Consumidor Especial;MINERACAO RIO DO OURO LTDA;78266566000157;BOTUVERÁ;SC;SUL;1936;CELESC DIST;2,52;0,332429;0;0,332429;0,32256
202603;11/03/2026;22;903134;MIN RIO DO OURO -  BOTUVERA - SC;01/07/2024;63590;MIN RIO DO OURO;Consumidor Especial;MINERACAO RIO DO OURO LTDA;78266566000157;BOTUVERÁ;SC;SUL;1936;CELESC DIST;2,52;1,423647;0;1,423647;1,38096
202603;11/03/2026;23;903134;MIN RIO DO OURO -  BOTUVERA - SC;01/07/2024;63590;MIN RIO DO OURO;Consumidor Especial;MINERACAO RIO DO OURO LTDA;78266566000157;BOTUVERÁ;SC;SUL;1936;CELESC DIST;2,52;1,734663;0;1,734663;1,68336
202603;12/03/2026;0;903134;MIN RIO DO OURO -  BOTUVERA - SC;01/07/2024;63590;MIN RIO DO OURO;Consumidor Especial;MINERACAO RIO DO OURO LTDA;78266566000157;BOTUVERÁ;SC;SUL;1936;CELESC DIST;2,52;1,596868;0;1,596868;1,548
202603;12/03/2026;1;903134;MIN RIO DO OURO -  BOTUVERA - SC;01/07/2024;63590;MIN RIO DO OURO;Consumidor Especial;MINERACAO RIO DO OURO LTDA;78266566000157;BOTUVERÁ;SC;SUL;1936;CELESC DIST;2,52;0,836781;0;0,836781;0,81072
202603;12/03/2026;2;903134;MIN RIO DO OURO -  BOTUVERA - SC;01/07/2024;63590;MIN RIO DO OURO;Consumidor Especial;MINERACAO RIO DO OURO LTDA;78266566000157;BOTUVERÁ;SC;SUL;1936;CELESC DIST;2,52;0,756178;0;0,756178;0,73152
202603;12/03/2026;3;903134;MIN RIO DO OURO -  BOTUVERA - SC;01/07/2024;63590;MIN RIO DO OURO;Consumidor Especial;MINERACAO RIO DO OURO LTDA;78266566000157;BOTUVERÁ;SC;SUL;1936;CELESC DIST;2,52;1,264329;0;1,264329;1,22112
202603;12/03/2026;4;903134;MIN RIO DO OURO -  BOTUVERA - SC;01/07/2024;63590;MIN RIO DO OURO;Consumidor Especial;MINERACAO RIO DO OURO LTDA;78266566000157;BOTUVERÁ;SC;SUL;1936;CELESC DIST;2,52;1,401328;0;1,401328;1,35216
202603;12/03/2026;5;903134;MIN RIO DO OURO -  BOTUVERA - SC;01/07/2024;63590;MIN RIO DO OURO;Consumidor Especial;MINERACAO RIO DO OURO LTDA;78266566000157;BOTUVERÁ;SC;SUL;1936;CELESC DIST;2,52;1,390416;0;1,390416;1,3392
202603;12/03/2026;6;903134;MIN RIO DO OURO -  BOTUVERA - SC;01/07/2024;63590;MIN RIO DO OURO;Consumidor Especial;MINERACAO RIO DO OURO LTDA;78266566000157;BOTUVERÁ;SC;SUL;1936;CELESC DIST;2,52;1,384929;0;1,384929;1,33344
202603;12/03/2026;7;903134;MIN RIO DO OURO -  BOTUVERA - SC;01/07/2024;63590;MIN RIO DO OURO;Consumidor Especial;MINERACAO RIO DO OURO LTDA;78266566000157;BOTUVERÁ;SC;SUL;1936;CELESC DIST;2,52;0,791866;0;0,791866;0,76176
202603;12/03/2026;8;903134;MIN RIO DO OURO -  BOTUVERA - SC;01/07/2024;63590;MIN RIO DO OURO;Consumidor Especial;MINERACAO RIO DO OURO LTDA;78266566000157;BOTUVERÁ;SC;SUL;1936;CELESC DIST;2,52;0,657646;0;0,657646;0,6336
202603;12/03/2026;9;903134;MIN RIO DO OURO -  BOTUVERA - SC;01/07/2024;63590;MIN RIO DO OURO;Consumidor Especial;MINERACAO RIO DO OURO LTDA;78266566000157;BOTUVERÁ;SC;SUL;1936;CELESC DIST;2,52;0,801639;0;0,801639;0,77184
202603;12/03/2026;10;903134;MIN RIO DO OURO -  BOTUVERA - SC;01/07/2024;63590;MIN RIO DO OURO;Consumidor Especial;MINERACAO RIO DO OURO LTDA;78266566000157;BOTUVERÁ;SC;SUL;1936;CELESC DIST;2,52;1,580275;0;1,580275;1,52352
202603;12/03/2026;11;903134;MIN RIO DO OURO -  BOTUVERA - SC;01/07/2024;63590;MIN RIO DO OURO;Consumidor Especial;MINERACAO RIO DO OURO LTDA;78266566000157;BOTUVERÁ;SC;SUL;1936;CELESC DIST;2,52;1,657798;0;1,657798;1,59984
202603;12/03/2026;12;903134;MIN RIO DO OURO -  BOTUVERA - SC;01/07/2024;63590;MIN RIO DO OURO;Consumidor Especial;MINERACAO RIO DO OURO LTDA;78266566000157;BOTUVERÁ;SC;SUL;1936;CELESC DIST;2,52;1,557945;0;1,557945;1,50624
202603;12/03/2026;13;903134;MIN RIO DO OURO -  BOTUVERA - SC;01/07/2024;63590;MIN RIO DO OURO;Consumidor Especial;MINERACAO RIO DO OURO LTDA;78266566000157;BOTUVERÁ;SC;SUL;1936;CELESC DIST;2,52;1,172518;0;1,172518;1,12896
202603;12/03/2026;14;903134;MIN RIO DO OURO -  BOTUVERA - SC;01/07/2024;63590;MIN RIO DO OURO;Consumidor Especial;MINERACAO RIO DO OURO LTDA;78266566000157;BOTUVERÁ;SC;SUL;1936;CELESC DIST;2,52;1,424591;0;1,424591;1,36944
202603;12/03/2026;15;903134;MIN RIO DO OURO -  BOTUVERA - SC;01/07/2024;63590;MIN RIO DO OURO;Consumidor Especial;MINERACAO RIO DO OURO LTDA;78266566000157;BOTUVERÁ;SC;SUL;1936;CELESC DIST;2,52;1,436911;0;1,436911;1,3824
202603;12/03/2026;16;903134;MIN RIO DO OURO -  BOTUVERA - SC;01/07/2024;63590;MIN RIO DO OURO;Consumidor Especial;MINERACAO RIO DO OURO LTDA;78266566000157;BOTUVERÁ;SC;SUL;1936;CELESC DIST;2,52;1,490588;0;1,490588;1,43856
202603;12/03/2026;17;903134;MIN RIO DO OURO -  BOTUVERA - SC;01/07/2024;63590;MIN RIO DO OURO;Consumidor Especial;MINERACAO RIO DO OURO LTDA;78266566000157;BOTUVERÁ;SC;SUL;1936;CELESC DIST;2,52;1,552456;0;1,552456;1,50192
202603;12/03/2026;18;903134;MIN RIO DO OURO -  BOTUVERA - SC;01/07/2024;63590;MIN RIO DO OURO;Consumidor Especial;MINERACAO RIO DO OURO LTDA;78266566000157;BOTUVERÁ;SC;SUL;1936;CELESC DIST;2,52;0,214138;0;0,214138;0,20736
202603;12/03/2026;19;903134;MIN RIO DO OURO -  BOTUVERA - SC;01/07/2024;63590;MIN RIO DO OURO;Consumidor Especial;MINERACAO RIO DO OURO LTDA;78266566000157;BOTUVERÁ;SC;SUL;1936;CELESC DIST;2,52;0,283858;0;0,283858;0,27504
202603;12/03/2026;20;903134;MIN RIO DO OURO -  BOTUVERA - SC;01/07/2024;63590;MIN RIO DO OURO;Consumidor Especial;MINERACAO RIO DO OURO LTDA;78266566000157;BOTUVERÁ;SC;SUL;1936;CELESC DIST;2,52;0,342856;0;0,342856;0,33264
202603;12/03/2026;21;903134;MIN RIO DO OURO -  BOTUVERA - SC;01/07/2024;63590;MIN RIO DO OURO;Consumidor Especial;MINERACAO RIO DO OURO LTDA;78266566000157;BOTUVERÁ;SC;SUL;1936;CELESC DIST;2,52;0,443415;0;0,443415;0,43056
202603;12/03/2026;22;903134;MIN RIO DO OURO -  BOTUVERA - SC;01/07/2024;63590;MIN RIO DO OURO;Consumidor Especial;MINERACAO RIO DO OURO LTDA;78266566000157;BOTUVERÁ;SC;SUL;1936;CELESC DIST;2,52;2,175098;0;2,175098;2,11248
202603;12/03/2026;23;903134;MIN RIO DO OURO -  BOTUVERA - SC;01/07/2024;63590;MIN RIO DO OURO;Consumidor Especial;MINERACAO RIO DO OURO LTDA;78266566000157;BOTUVERÁ;SC;SUL;1936;CELESC DIST;2,52;2,275863;0;2,275863;2,2104
202603;13/03/2026;0;903134;MIN RIO DO OURO -  BOTUVERA - SC;01/07/2024;63590;MIN RIO DO OURO;Consumidor Especial;MINERACAO RIO DO OURO LTDA;78266566000157;BOTUVERÁ;SC;SUL;1936;CELESC DIST;2,52;2,160632;0;2,160632;2,0952
202603;13/03/2026;1;903134;MIN RIO DO OURO -  BOTUVERA - SC;01/07/2024;63590;MIN RIO DO OURO;Consumidor Especial;MINERACAO RIO DO OURO LTDA;78266566000157;BOTUVERÁ;SC;SUL;1936;CELESC DIST;2,52;0,933767;0;0,933767;0,90432
202603;13/03/2026;2;903134;MIN RIO DO OURO -  BOTUVERA - SC;01/07/2024;63590;MIN RIO DO OURO;Consumidor Especial;MINERACAO RIO DO OURO LTDA;78266566000157;BOTUVERÁ;SC;SUL;1936;CELESC DIST;2,52;1,04332;0;1,04332;1,00944
202603;13/03/2026;3;903134;MIN RIO DO OURO -  BOTUVERA - SC;01/07/2024;63590;MIN RIO DO OURO;Consumidor Especial;MINERACAO RIO DO OURO LTDA;78266566000157;BOTUVERÁ;SC;SUL;1936;CELESC DIST;2,52;0,933626;0;0,933626;0,90288
202603;13/03/2026;4;903134;MIN RIO DO OURO -  BOTUVERA - SC;01/07/2024;63590;MIN RIO DO OURO;Consumidor Especial;MINERACAO RIO DO OURO LTDA;78266566000157;BOTUVERÁ;SC;SUL;1936;CELESC DIST;2,52;0,88478;0;0,88478;0,85536
202603;13/03/2026;5;903134;MIN RIO DO OURO -  BOTUVERA - SC;01/07/2024;63590;MIN RIO DO OURO;Consumidor Especial;MINERACAO RIO DO OURO LTDA;78266566000157;BOTUVERÁ;SC;SUL;1936;CELESC DIST;2,52;1,386421;0;1,386421;1,34064
202603;13/03/2026;6;903134;MIN RIO DO OURO -  BOTUVERA - SC;01/07/2024;63590;MIN RIO DO OURO;Consumidor Especial;MINERACAO RIO DO OURO LTDA;78266566000157;BOTUVERÁ;SC;SUL;1936;CELESC DIST;2,52;1,56053;0;1,56053;1,50912
202603;13/03/2026;7;903134;MIN RIO DO OURO -  BOTUVERA - SC;01/07/2024;63590;MIN RIO DO OURO;Consumidor Especial;MINERACAO RIO DO OURO LTDA;78266566000157;BOTUVERÁ;SC;SUL;1936;CELESC DIST;2,52;1,655409;0;1,655409;1,59984
202603;13/03/2026;8;903134;MIN RIO DO OURO -  BOTUVERA - SC;01/07/2024;63590;MIN RIO DO OURO;Consumidor Especial;MINERACAO RIO DO OURO LTDA;78266566000157;BOTUVERÁ;SC;SUL;1936;CELESC DIST;2,52;1,698521;0;1,698521;1,64016
202603;13/03/2026;9;903134;MIN RIO DO OURO -  BOTUVERA - SC;01/07/2024;63590;MIN RIO DO OURO;Consumidor Especial;MINERACAO RIO DO OURO LTDA;78266566000157;BOTUVERÁ;SC;SUL;1936;CELESC DIST;2,52;1,924121;0;1,924121;1,85904
202603;13/03/2026;10;903134;MIN RIO DO OURO -  BOTUVERA - SC;01/07/2024;63590;MIN RIO DO OURO;Consumidor Especial;MINERACAO RIO DO OURO LTDA;78266566000157;BOTUVERÁ;SC;SUL;1936;CELESC DIST;2,52;2,430823;0;2,430823;2,34864
202603;13/03/2026;11;903134;MIN RIO DO OURO -  BOTUVERA - SC;01/07/2024;63590;MIN RIO DO OURO;Consumidor Especial;MINERACAO RIO DO OURO LTDA;78266566000157;BOTUVERÁ;SC;SUL;1936;CELESC DIST;2,52;2,277096;0;2,277096;2,20464
202603;13/03/2026;12;903134;MIN RIO DO OURO -  BOTUVERA - SC;01/07/2024;63590;MIN RIO DO OURO;Consumidor Especial;MINERACAO RIO DO OURO LTDA;78266566000157;BOTUVERÁ;SC;SUL;1936;CELESC DIST;2,52;2,332728;0;2,332728;2,26656
202603;13/03/2026;13;903134;MIN RIO DO OURO -  BOTUVERA - SC;01/07/2024;63590;MIN RIO DO OURO;Consumidor Especial;MINERACAO RIO DO OURO LTDA;78266566000157;BOTUVERÁ;SC;SUL;1936;CELESC DIST;2,52;2,209312;0;2,209312;2,13696
202603;13/03/2026;14;903134;MIN RIO DO OURO -  BOTUVERA - SC;01/07/2024;63590;MIN RIO DO OURO;Consumidor Especial;MINERACAO RIO DO OURO LTDA;78266566000157;BOTUVERÁ;SC;SUL;1936;CELESC DIST;2,52;2,407355;0;2,407355;2,32272
202603;13/03/2026;15;903134;MIN RIO DO OURO -  BOTUVERA - SC;01/07/2024;63590;MIN RIO DO OURO;Consumidor Especial;MINERACAO RIO DO OURO LTDA;78266566000157;BOTUVERÁ;SC;SUL;1936;CELESC DIST;2,52;2,303314;0;2,303314;2,22192
202603;13/03/2026;16;903134;MIN RIO DO OURO -  BOTUVERA - SC;01/07/2024;63590;MIN RIO DO OURO;Consumidor Especial;MINERACAO RIO DO OURO LTDA;78266566000157;BOTUVERÁ;SC;SUL;1936;CELESC DIST;2,52;2,421885;0;2,421885;2,34144
202603;13/03/2026;17;903134;MIN RIO DO OURO -  BOTUVERA - SC;01/07/2024;63590;MIN RIO DO OURO;Consumidor Especial;MINERACAO RIO DO OURO LTDA;78266566000157;BOTUVERÁ;SC;SUL;1936;CELESC DIST;2,52;0,992584;0;0,992584;0,96192
202603;13/03/2026;18;903134;MIN RIO DO OURO -  BOTUVERA - SC;01/07/2024;63590;MIN RIO DO OURO;Consumidor Especial;MINERACAO RIO DO OURO LTDA;78266566000157;BOTUVERÁ;SC;SUL;1936;CELESC DIST;2,52;0,270018;0;0,270018;0,26208
202603;13/03/2026;19;903134;MIN RIO DO OURO -  BOTUVERA - SC;01/07/2024;63590;MIN RIO DO OURO;Consumidor Especial;MINERACAO RIO DO OURO LTDA;78266566000157;BOTUVERÁ;SC;SUL;1936;CELESC DIST;2,52;0,279971;0;0,279971;0,27216
202603;13/03/2026;20;903134;MIN RIO DO OURO -  BOTUVERA - SC;01/07/2024;63590;MIN RIO DO OURO;Consumidor Especial;MINERACAO RIO DO OURO LTDA;78266566000157;BOTUVERÁ;SC;SUL;1936;CELESC DIST;2,52;0,235641;0;0,235641;0,22896
202603;13/03/2026;21;903134;MIN RIO DO OURO -  BOTUVERA - SC;01/07/2024;63590;MIN RIO DO OURO;Consumidor Especial;MINERACAO RIO DO OURO LTDA;78266566000157;BOTUVERÁ;SC;SUL;1936;CELESC DIST;2,52;0,172111;0;0,172111;0,16704
202603;13/03/2026;22;903134;MIN RIO DO OURO -  BOTUVERA - SC;01/07/2024;63590;MIN RIO DO OURO;Consumidor Especial;MINERACAO RIO DO OURO LTDA;78266566000157;BOTUVERÁ;SC;SUL;1936;CELESC DIST;2,52;1,689303;0;1,689303;1,64016
202603;13/03/2026;23;903134;MIN RIO DO OURO -  BOTUVERA - SC;01/07/2024;63590;MIN RIO DO OURO;Consumidor Especial;MINERACAO RIO DO OURO LTDA;78266566000157;BOTUVERÁ;SC;SUL;1936;CELESC DIST;2,52;2,124187;0;2,124187;2,06208
202603;14/03/2026;0;903134;MIN RIO DO OURO -  BOTUVERA - SC;01/07/2024;63590;MIN RIO DO OURO;Consumidor Especial;MINERACAO RIO DO OURO LTDA;78266566000157;BOTUVERÁ;SC;SUL;1936;CELESC DIST;2,52;2,053968;0;2,053968;1,99152
202603;14/03/2026;1;903134;MIN RIO DO OURO -  BOTUVERA - SC;01/07/2024;63590;MIN RIO DO OURO;Consumidor Especial;MINERACAO RIO DO OURO LTDA;78266566000157;BOTUVERÁ;SC;SUL;1936;CELESC DIST;2,52;1,475882;0;1,475882;1,42848
202603;14/03/2026;2;903134;MIN RIO DO OURO -  BOTUVERA - SC;01/07/2024;63590;MIN RIO DO OURO;Consumidor Especial;MINERACAO RIO DO OURO LTDA;78266566000157;BOTUVERÁ;SC;SUL;1936;CELESC DIST;2,52;1,421223;0;1,421223;1,37376
202603;14/03/2026;3;903134;MIN RIO DO OURO -  BOTUVERA - SC;01/07/2024;63590;MIN RIO DO OURO;Consumidor Especial;MINERACAO RIO DO OURO LTDA;78266566000157;BOTUVERÁ;SC;SUL;1936;CELESC DIST;2,52;1,936109;0;1,936109;1,87056
202603;14/03/2026;4;903134;MIN RIO DO OURO -  BOTUVERA - SC;01/07/2024;63590;MIN RIO DO OURO;Consumidor Especial;MINERACAO RIO DO OURO LTDA;78266566000157;BOTUVERÁ;SC;SUL;1936;CELESC DIST;2,52;2,350199;0;2,350199;2,26944
202603;14/03/2026;5;903134;MIN RIO DO OURO -  BOTUVERA - SC;01/07/2024;63590;MIN RIO DO OURO;Consumidor Especial;MINERACAO RIO DO OURO LTDA;78266566000157;BOTUVERÁ;SC;SUL;1936;CELESC DIST;2,52;1,620645;0;1,620645;1,56528
202603;14/03/2026;6;903134;MIN RIO DO OURO -  BOTUVERA - SC;01/07/2024;63590;MIN RIO DO OURO;Consumidor Especial;MINERACAO RIO DO OURO LTDA;78266566000157;BOTUVERÁ;SC;SUL;1936;CELESC DIST;2,52;1,639076;0;1,639076;1,58544
202603;14/03/2026;7;903134;MIN RIO DO OURO -  BOTUVERA - SC;01/07/2024;63590;MIN RIO DO OURO;Consumidor Especial;MINERACAO RIO DO OURO LTDA;78266566000157;BOTUVERÁ;SC;SUL;1936;CELESC DIST;2,52;1,77785;0;1,77785;1,72224
202603;14/03/2026;8;903134;MIN RIO DO OURO -  BOTUVERA - SC;01/07/2024;63590;MIN RIO DO OURO;Consumidor Especial;MINERACAO RIO DO OURO LTDA;78266566000157;BOTUVERÁ;SC;SUL;1936;CELESC DIST;2,52;1,559558;0;1,559558;1,512
202603;14/03/2026;9;903134;MIN RIO DO OURO -  BOTUVERA - SC;01/07/2024;63590;MIN RIO DO OURO;Consumidor Especial;MINERACAO RIO DO OURO LTDA;78266566000157;BOTUVERÁ;SC;SUL;1936;CELESC DIST;2,52;0,981143;0;0,981143;0,95184
202603;14/03/2026;10;903134;MIN RIO DO OURO -  BOTUVERA - SC;01/07/2024;63590;MIN RIO DO OURO;Consumidor Especial;MINERACAO RIO DO OURO LTDA;78266566000157;BOTUVERÁ;SC;SUL;1936;CELESC DIST;2,52;1,256012;0;1,256012;1,224
202603;14/03/2026;11;903134;MIN RIO DO OURO -  BOTUVERA - SC;01/07/2024;63590;MIN RIO DO OURO;Consumidor Especial;MINERACAO RIO DO OURO LTDA;78266566000157;BOTUVERÁ;SC;SUL;1936;CELESC DIST;2,52;0,612106;0;0,612106;0,5976
202603;14/03/2026;12;903134;MIN RIO DO OURO -  BOTUVERA - SC;01/07/2024;63590;MIN RIO DO OURO;Consumidor Especial;MINERACAO RIO DO OURO LTDA;78266566000157;BOTUVERÁ;SC;SUL;1936;CELESC DIST;2,52;0,326213;0;0,326213;0,31824
202603;14/03/2026;13;903134;MIN RIO DO OURO -  BOTUVERA - SC;01/07/2024;63590;MIN RIO DO OURO;Consumidor Especial;MINERACAO RIO DO OURO LTDA;78266566000157;BOTUVERÁ;SC;SUL;1936;CELESC DIST;2,52;0,342023;0;0,342023;0,33264
202603;14/03/2026;14;903134;MIN RIO DO OURO -  BOTUVERA - SC;01/07/2024;63590;MIN RIO DO OURO;Consumidor Especial;MINERACAO RIO DO OURO LTDA;78266566000157;BOTUVERÁ;SC;SUL;1936;CELESC DIST;2,52;0,344973;0;0,344973;0,33408
202603;14/03/2026;15;903134;MIN RIO DO OURO -  BOTUVERA - SC;01/07/2024;63590;MIN RIO DO OURO;Consumidor Especial;MINERACAO RIO DO OURO LTDA;78266566000157;BOTUVERÁ;SC;SUL;1936;CELESC DIST;2,52;0,307437;0;0,307437;0,29664
202603;14/03/2026;16;903134;MIN RIO DO OURO -  BOTUVERA - SC;01/07/2024;63590;MIN RIO DO OURO;Consumidor Especial;MINERACAO RIO DO OURO LTDA;78266566000157;BOTUVERÁ;SC;SUL;1936;CELESC DIST;2,52;0,353329;0;0,353329;0,34128
202603;14/03/2026;17;903134;MIN RIO DO OURO -  BOTUVERA - SC;01/07/2024;63590;MIN RIO DO OURO;Consumidor Especial;MINERACAO RIO DO OURO LTDA;78266566000157;BOTUVERÁ;SC;SUL;1936;CELESC DIST;2,52;0,241063;0;0,241063;0,23328
202603;14/03/2026;18;903134;MIN RIO DO OURO -  BOTUVERA - SC;01/07/2024;63590;MIN RIO DO OURO;Consumidor Especial;MINERACAO RIO DO OURO LTDA;78266566000157;BOTUVERÁ;SC;SUL;1936;CELESC DIST;2,52;0,231716;0;0,231716;0,22464
202603;14/03/2026;19;903134;MIN RIO DO OURO -  BOTUVERA - SC;01/07/2024;63590;MIN RIO DO OURO;Consumidor Especial;MINERACAO RIO DO OURO LTDA;78266566000157;BOTUVERÁ;SC;SUL;1936;CELESC DIST;2,52;0,210571;0;0,210571;0,20448
202603;14/03/2026;20;903134;MIN RIO DO OURO -  BOTUVERA - SC;01/07/2024;63590;MIN RIO DO OURO;Consumidor Especial;MINERACAO RIO DO OURO LTDA;78266566000157;BOTUVERÁ;SC;SUL;1936;CELESC DIST;2,52;0,065218;0;0,065218;0,06336
202603;14/03/2026;21;903134;MIN RIO DO OURO -  BOTUVERA - SC;01/07/2024;63590;MIN RIO DO OURO;Consumidor Especial;MINERACAO RIO DO OURO LTDA;78266566000157;BOTUVERÁ;SC;SUL;1936;CELESC DIST;2,52;0,066723;0;0,066723;0,0648
202603;14/03/2026;22;903134;MIN RIO DO OURO -  BOTUVERA - SC;01/07/2024;63590;MIN RIO DO OURO;Consumidor Especial;MINERACAO RIO DO OURO LTDA;78266566000157;BOTUVERÁ;SC;SUL;1936;CELESC DIST;2,52;0,16614;0;0,16614;0,16128
202603;14/03/2026;23;903134;MIN RIO DO OURO -  BOTUVERA - SC;01/07/2024;63590;MIN RIO DO OURO;Consumidor Especial;MINERACAO RIO DO OURO LTDA;78266566000157;BOTUVERÁ;SC;SUL;1936;CELESC DIST;2,52;0,150024;0;0,150024;0,14544
202603;15/03/2026;0;903134;MIN RIO DO OURO -  BOTUVERA - SC;01/07/2024;63590;MIN RIO DO OURO;Consumidor Especial;MINERACAO RIO DO OURO LTDA;78266566000157;BOTUVERÁ;SC;SUL;1936;CELESC DIST;2,52;0,184545;0;0,184545;0,17856
202603;15/03/2026;1;903134;MIN RIO DO OURO -  BOTUVERA - SC;01/07/2024;63590;MIN RIO DO OURO;Consumidor Especial;MINERACAO RIO DO OURO LTDA;78266566000157;BOTUVERÁ;SC;SUL;1936;CELESC DIST;2,52;0,181835;0;0,181835;0,17568
202603;15/03/2026;2;903134;MIN RIO DO OURO -  BOTUVERA - SC;01/07/2024;63590;MIN RIO DO OURO;Consumidor Especial;MINERACAO RIO DO OURO LTDA;78266566000157;BOTUVERÁ;SC;SUL;1936;CELESC DIST;2,52;0,185054;0;0,185054;0,17856
202603;15/03/2026;3;903134;MIN RIO DO OURO -  BOTUVERA - SC;01/07/2024;63590;MIN RIO DO OURO;Consumidor Especial;MINERACAO RIO DO OURO LTDA;78266566000157;BOTUVERÁ;SC;SUL;1936;CELESC DIST;2,52;0,129945;0;0,129945;0,12528
202603;15/03/2026;4;903134;MIN RIO DO OURO -  BOTUVERA - SC;01/07/2024;63590;MIN RIO DO OURO;Consumidor Especial;MINERACAO RIO DO OURO LTDA;78266566000157;BOTUVERÁ;SC;SUL;1936;CELESC DIST;2,52;0,074721;0;0,074721;0,072
202603;15/03/2026;5;903134;MIN RIO DO OURO -  BOTUVERA - SC;01/07/2024;63590;MIN RIO DO OURO;Consumidor Especial;MINERACAO RIO DO OURO LTDA;78266566000157;BOTUVERÁ;SC;SUL;1936;CELESC DIST;2,52;0,233224;0;0,233224;0,22464
202603;15/03/2026;6;903134;MIN RIO DO OURO -  BOTUVERA - SC;01/07/2024;63590;MIN RIO DO OURO;Consumidor Especial;MINERACAO RIO DO OURO LTDA;78266566000157;BOTUVERÁ;SC;SUL;1936;CELESC DIST;2,52;0,231249;0;0,231249;0,2232
202603;15/03/2026;7;903134;MIN RIO DO OURO -  BOTUVERA - SC;01/07/2024;63590;MIN RIO DO OURO;Consumidor Especial;MINERACAO RIO DO OURO LTDA;78266566000157;BOTUVERÁ;SC;SUL;1936;CELESC DIST;2,52;0,213594;0;0,213594;0,20736
202603;15/03/2026;8;903134;MIN RIO DO OURO -  BOTUVERA - SC;01/07/2024;63590;MIN RIO DO OURO;Consumidor Especial;MINERACAO RIO DO OURO LTDA;78266566000157;BOTUVERÁ;SC;SUL;1936;CELESC DIST;2,52;0,220756;0;0,220756;0,21456
202603;15/03/2026;9;903134;MIN RIO DO OURO -  BOTUVERA - SC;01/07/2024;63590;MIN RIO DO OURO;Consumidor Especial;MINERACAO RIO DO OURO LTDA;78266566000157;BOTUVERÁ;SC;SUL;1936;CELESC DIST;2,52;0,206282;0;0,206282;0,2016
202603;15/03/2026;10;903134;MIN RIO DO OURO -  BOTUVERA - SC;01/07/2024;63590;MIN RIO DO OURO;Consumidor Especial;MINERACAO RIO DO OURO LTDA;78266566000157;BOTUVERÁ;SC;SUL;1936;CELESC DIST;2,52;0,189795;0;0,189795;0,1872
202603;15/03/2026;11;903134;MIN RIO DO OURO -  BOTUVERA - SC;01/07/2024;63590;MIN RIO DO OURO;Consumidor Especial;MINERACAO RIO DO OURO LTDA;78266566000157;BOTUVERÁ;SC;SUL;1936;CELESC DIST;2,52;0,056753;0;0,056753;0,05616
202603;15/03/2026;12;903134;MIN RIO DO OURO -  BOTUVERA - SC;01/07/2024;63590;MIN RIO DO OURO;Consumidor Especial;MINERACAO RIO DO OURO LTDA;78266566000157;BOTUVERÁ;SC;SUL;1936;CELESC DIST;2,52;0,058326;0;0,058326;0,0576
202603;15/03/2026;13;903134;MIN RIO DO OURO -  BOTUVERA - SC;01/07/2024;63590;MIN RIO DO OURO;Consumidor Especial;MINERACAO RIO DO OURO LTDA;78266566000157;BOTUVERÁ;SC;SUL;1936;CELESC DIST;2,52;0,057278;0;0,057278;0,05616
202603;15/03/2026;14;903134;MIN RIO DO OURO -  BOTUVERA - SC;01/07/2024;63590;MIN RIO DO OURO;Consumidor Especial;MINERACAO RIO DO OURO LTDA;78266566000157;BOTUVERÁ;SC;SUL;1936;CELESC DIST;2,52;0,057784;0;0,057784;0,05616
202603;15/03/2026;15;903134;MIN RIO DO OURO -  BOTUVERA - SC;01/07/2024;63590;MIN RIO DO OURO;Consumidor Especial;MINERACAO RIO DO OURO LTDA;78266566000157;BOTUVERÁ;SC;SUL;1936;CELESC DIST;2,52;0,059547;0;0,059547;0,0576
202603;15/03/2026;16;903134;MIN RIO DO OURO -  BOTUVERA - SC;01/07/2024;63590;MIN RIO DO OURO;Consumidor Especial;MINERACAO RIO DO OURO LTDA;78266566000157;BOTUVERÁ;SC;SUL;1936;CELESC DIST;2,52;0,058174;0;0,058174;0,05616
202603;15/03/2026;17;903134;MIN RIO DO OURO -  BOTUVERA - SC;01/07/2024;63590;MIN RIO DO OURO;Consumidor Especial;MINERACAO RIO DO OURO LTDA;78266566000157;BOTUVERÁ;SC;SUL;1936;CELESC DIST;2,52;0,061178;0;0,061178;0,05904
202603;15/03/2026;18;903134;MIN RIO DO OURO -  BOTUVERA - SC;01/07/2024;63590;MIN RIO DO OURO;Consumidor Especial;MINERACAO RIO DO OURO LTDA;78266566000157;BOTUVERÁ;SC;SUL;1936;CELESC DIST;2,52;0,059397;0;0,059397;0,0576
202603;15/03/2026;19;903134;MIN RIO DO OURO -  BOTUVERA - SC;01/07/2024;63590;MIN RIO DO OURO;Consumidor Especial;MINERACAO RIO DO OURO LTDA;78266566000157;BOTUVERÁ;SC;SUL;1936;CELESC DIST;2,52;0,065203;0;0,065203;0,06336
202603;15/03/2026;20;903134;MIN RIO DO OURO -  BOTUVERA - SC;01/07/2024;63590;MIN RIO DO OURO;Consumidor Especial;MINERACAO RIO DO OURO LTDA;78266566000157;BOTUVERÁ;SC;SUL;1936;CELESC DIST;2,52;0,060719;0;0,060719;0,05904
202603;15/03/2026;21;903134;MIN RIO DO OURO -  BOTUVERA - SC;01/07/2024;63590;MIN RIO DO OURO;Consumidor Especial;MINERACAO RIO DO OURO LTDA;78266566000157;BOTUVERÁ;SC;SUL;1936;CELESC DIST;2,52;0,167365;0;0,167365;0,16272
202603;15/03/2026;22;903134;MIN RIO DO OURO -  BOTUVERA - SC;01/07/2024;63590;MIN RIO DO OURO;Consumidor Especial;MINERACAO RIO DO OURO LTDA;78266566000157;BOTUVERÁ;SC;SUL;1936;CELESC DIST;2,52;1,862951;0;1,862951;1,81152
202603;15/03/2026;23;903134;MIN RIO DO OURO -  BOTUVERA - SC;01/07/2024;63590;MIN RIO DO OURO;Consumidor Especial;MINERACAO RIO DO OURO LTDA;78266566000157;BOTUVERÁ;SC;SUL;1936;CELESC DIST;2,52;2,295695;0;2,295695;2,22912
202603;16/03/2026;0;903134;MIN RIO DO OURO -  BOTUVERA - SC;01/07/2024;63590;MIN RIO DO OURO;Consumidor Especial;MINERACAO RIO DO OURO LTDA;78266566000157;BOTUVERÁ;SC;SUL;1936;CELESC DIST;2,52;2,158766;0;2,158766;2,09232
202603;16/03/2026;1;903134;MIN RIO DO OURO -  BOTUVERA - SC;01/07/2024;63590;MIN RIO DO OURO;Consumidor Especial;MINERACAO RIO DO OURO LTDA;78266566000157;BOTUVERÁ;SC;SUL;1936;CELESC DIST;2,52;1,999323;0;1,999323;1,93536
202603;16/03/2026;2;903134;MIN RIO DO OURO -  BOTUVERA - SC;01/07/2024;63590;MIN RIO DO OURO;Consumidor Especial;MINERACAO RIO DO OURO LTDA;78266566000157;BOTUVERÁ;SC;SUL;1936;CELESC DIST;2,52;1,769447;0;1,769447;1,71072
202603;16/03/2026;3;903134;MIN RIO DO OURO -  BOTUVERA - SC;01/07/2024;63590;MIN RIO DO OURO;Consumidor Especial;MINERACAO RIO DO OURO LTDA;78266566000157;BOTUVERÁ;SC;SUL;1936;CELESC DIST;2,52;1,506553;0;1,506553;1,45584
202603;16/03/2026;4;903134;MIN RIO DO OURO -  BOTUVERA - SC;01/07/2024;63590;MIN RIO DO OURO;Consumidor Especial;MINERACAO RIO DO OURO LTDA;78266566000157;BOTUVERÁ;SC;SUL;1936;CELESC DIST;2,52;1,406017;0;1,406017;1,35792
202603;16/03/2026;5;903134;MIN RIO DO OURO -  BOTUVERA - SC;01/07/2024;63590;MIN RIO DO OURO;Consumidor Especial;MINERACAO RIO DO OURO LTDA;78266566000157;BOTUVERÁ;SC;SUL;1936;CELESC DIST;2,52;1,4536;0;1,4536;1,40544
202603;16/03/2026;6;903134;MIN RIO DO OURO -  BOTUVERA - SC;01/07/2024;63590;MIN RIO DO OURO;Consumidor Especial;MINERACAO RIO DO OURO LTDA;78266566000157;BOTUVERÁ;SC;SUL;1936;CELESC DIST;2,52;1,071411;0;1,071411;1,0368
202603;16/03/2026;7;903134;MIN RIO DO OURO -  BOTUVERA - SC;01/07/2024;63590;MIN RIO DO OURO;Consumidor Especial;MINERACAO RIO DO OURO LTDA;78266566000157;BOTUVERÁ;SC;SUL;1936;CELESC DIST;2,52;0,387037;0;0,387037;0,3744
202603;16/03/2026;8;903134;MIN RIO DO OURO -  BOTUVERA - SC;01/07/2024;63590;MIN RIO DO OURO;Consumidor Especial;MINERACAO RIO DO OURO LTDA;78266566000157;BOTUVERÁ;SC;SUL;1936;CELESC DIST;2,52;1,307615;0;1,307615;1,26864
202603;16/03/2026;9;903134;MIN RIO DO OURO -  BOTUVERA - SC;01/07/2024;63590;MIN RIO DO OURO;Consumidor Especial;MINERACAO RIO DO OURO LTDA;78266566000157;BOTUVERÁ;SC;SUL;1936;CELESC DIST;2,52;1,884684;0;1,884684;1,83024
202603;16/03/2026;10;903134;MIN RIO DO OURO -  BOTUVERA - SC;01/07/2024;63590;MIN RIO DO OURO;Consumidor Especial;MINERACAO RIO DO OURO LTDA;78266566000157;BOTUVERÁ;SC;SUL;1936;CELESC DIST;2,52;1,775175;0;1,775175;1,72368
202603;16/03/2026;11;903134;MIN RIO DO OURO -  BOTUVERA - SC;01/07/2024;63590;MIN RIO DO OURO;Consumidor Especial;MINERACAO RIO DO OURO LTDA;78266566000157;BOTUVERÁ;SC;SUL;1936;CELESC DIST;2,52;1,829403;0;1,829403;1,77696
202603;16/03/2026;12;903134;MIN RIO DO OURO -  BOTUVERA - SC;01/07/2024;63590;MIN RIO DO OURO;Consumidor Especial;MINERACAO RIO DO OURO LTDA;78266566000157;BOTUVERÁ;SC;SUL;1936;CELESC DIST;2,52;1,781195;0;1,781195;1,73088
202603;16/03/2026;13;903134;MIN RIO DO OURO -  BOTUVERA - SC;01/07/2024;63590;MIN RIO DO OURO;Consumidor Especial;MINERACAO RIO DO OURO LTDA;78266566000157;BOTUVERÁ;SC;SUL;1936;CELESC DIST;2,52;1,345765;0;1,345765;1,30176
202603;16/03/2026;14;903134;MIN RIO DO OURO -  BOTUVERA - SC;01/07/2024;63590;MIN RIO DO OURO;Consumidor Especial;MINERACAO RIO DO OURO LTDA;78266566000157;BOTUVERÁ;SC;SUL;1936;CELESC DIST;2,52;1,676222;0;1,676222;1,62288
202603;16/03/2026;15;903134;MIN RIO DO OURO -  BOTUVERA - SC;01/07/2024;63590;MIN RIO DO OURO;Consumidor Especial;MINERACAO RIO DO OURO LTDA;78266566000157;BOTUVERÁ;SC;SUL;1936;CELESC DIST;2,52;1,539501;0;1,539501;1,4904
202603;16/03/2026;16;903134;MIN RIO DO OURO -  BOTUVERA - SC;01/07/2024;63590;MIN RIO DO OURO;Consumidor Especial;MINERACAO RIO DO OURO LTDA;78266566000157;BOTUVERÁ;SC;SUL;1936;CELESC DIST;2,52;1,359326;0;1,359326;1,3176
202603;16/03/2026;17;903134;MIN RIO DO OURO -  BOTUVERA - SC;01/07/2024;63590;MIN RIO DO OURO;Consumidor Especial;MINERACAO RIO DO OURO LTDA;78266566000157;BOTUVERÁ;SC;SUL;1936;CELESC DIST;2,52;1,222686;0;1,222686;1,188
202603;16/03/2026;18;903134;MIN RIO DO OURO -  BOTUVERA - SC;01/07/2024;63590;MIN RIO DO OURO;Consumidor Especial;MINERACAO RIO DO OURO LTDA;78266566000157;BOTUVERÁ;SC;SUL;1936;CELESC DIST;2,52;0,069551;0;0,069551;0,06768
202603;16/03/2026;19;903134;MIN RIO DO OURO -  BOTUVERA - SC;01/07/2024;63590;MIN RIO DO OURO;Consumidor Especial;MINERACAO RIO DO OURO LTDA;78266566000157;BOTUVERÁ;SC;SUL;1936;CELESC DIST;2,52;0,06638;0;0,06638;0,0648
202603;16/03/2026;20;903134;MIN RIO DO OURO -  BOTUVERA - SC;01/07/2024;63590;MIN RIO DO OURO;Consumidor Especial;MINERACAO RIO DO OURO LTDA;78266566000157;BOTUVERÁ;SC;SUL;1936;CELESC DIST;2,52;0,101925;0;0,101925;0,09936
202603;16/03/2026;21;903134;MIN RIO DO OURO -  BOTUVERA - SC;01/07/2024;63590;MIN RIO DO OURO;Consumidor Especial;MINERACAO RIO DO OURO LTDA;78266566000157;BOTUVERÁ;SC;SUL;1936;CELESC DIST;2,52;0,179196;0;0,179196;0,17424
202603;16/03/2026;22;903134;MIN RIO DO OURO -  BOTUVERA - SC;01/07/2024;63590;MIN RIO DO OURO;Consumidor Especial;MINERACAO RIO DO OURO LTDA;78266566000157;BOTUVERÁ;SC;SUL;1936;CELESC DIST;2,52;1,623032;0;1,623032;1,57968
202603;16/03/2026;23;903134;MIN RIO DO OURO -  BOTUVERA - SC;01/07/2024;63590;MIN RIO DO OURO;Consumidor Especial;MINERACAO RIO DO OURO LTDA;78266566000157;BOTUVERÁ;SC;SUL;1936;CELESC DIST;2,52;2,093914;0;2,093914;2,03616
202603;17/03/2026;0;903134;MIN RIO DO OURO -  BOTUVERA - SC;01/07/2024;63590;MIN RIO DO OURO;Consumidor Especial;MINERACAO RIO DO OURO LTDA;78266566000157;BOTUVERÁ;SC;SUL;1936;CELESC DIST;2,52;2,005959;0;2,005959;1,94832
202603;17/03/2026;1;903134;MIN RIO DO OURO -  BOTUVERA - SC;01/07/2024;63590;MIN RIO DO OURO;Consumidor Especial;MINERACAO RIO DO OURO LTDA;78266566000157;BOTUVERÁ;SC;SUL;1936;CELESC DIST;2,52;1,736158;0;1,736158;1,6848
202603;17/03/2026;2;903134;MIN RIO DO OURO -  BOTUVERA - SC;01/07/2024;63590;MIN RIO DO OURO;Consumidor Especial;MINERACAO RIO DO OURO LTDA;78266566000157;BOTUVERÁ;SC;SUL;1936;CELESC DIST;2,52;1,74733;0;1,74733;1,69344
202603;17/03/2026;3;903134;MIN RIO DO OURO -  BOTUVERA - SC;01/07/2024;63590;MIN RIO DO OURO;Consumidor Especial;MINERACAO RIO DO OURO LTDA;78266566000157;BOTUVERÁ;SC;SUL;1936;CELESC DIST;2,52;1,962147;0;1,962147;1,9008
202603;17/03/2026;4;903134;MIN RIO DO OURO -  BOTUVERA - SC;01/07/2024;63590;MIN RIO DO OURO;Consumidor Especial;MINERACAO RIO DO OURO LTDA;78266566000157;BOTUVERÁ;SC;SUL;1936;CELESC DIST;2,52;2,105546;0;2,105546;2,03904
202603;17/03/2026;5;903134;MIN RIO DO OURO -  BOTUVERA - SC;01/07/2024;63590;MIN RIO DO OURO;Consumidor Especial;MINERACAO RIO DO OURO LTDA;78266566000157;BOTUVERÁ;SC;SUL;1936;CELESC DIST;2,52;2,188927;0;2,188927;2,11824
202603;17/03/2026;6;903134;MIN RIO DO OURO -  BOTUVERA - SC;01/07/2024;63590;MIN RIO DO OURO;Consumidor Especial;MINERACAO RIO DO OURO LTDA;78266566000157;BOTUVERÁ;SC;SUL;1936;CELESC DIST;2,52;1,817706;0;1,817706;1,75536
202603;17/03/2026;7;903134;MIN RIO DO OURO -  BOTUVERA - SC;01/07/2024;63590;MIN RIO DO OURO;Consumidor Especial;MINERACAO RIO DO OURO LTDA;78266566000157;BOTUVERÁ;SC;SUL;1936;CELESC DIST;2,52;0,761544;0;0,761544;0,73728
202603;17/03/2026;8;903134;MIN RIO DO OURO -  BOTUVERA - SC;01/07/2024;63590;MIN RIO DO OURO;Consumidor Especial;MINERACAO RIO DO OURO LTDA;78266566000157;BOTUVERÁ;SC;SUL;1936;CELESC DIST;2,52;1,262747;0;1,262747;1,22112
202603;17/03/2026;9;903134;MIN RIO DO OURO -  BOTUVERA - SC;01/07/2024;63590;MIN RIO DO OURO;Consumidor Especial;MINERACAO RIO DO OURO LTDA;78266566000157;BOTUVERÁ;SC;SUL;1936;CELESC DIST;2,52;1,334685;0;1,334685;1,2888
202603;17/03/2026;10;903134;MIN RIO DO OURO -  BOTUVERA - SC;01/07/2024;63590;MIN RIO DO OURO;Consumidor Especial;MINERACAO RIO DO OURO LTDA;78266566000157;BOTUVERÁ;SC;SUL;1936;CELESC DIST;2,52;1,174624;0;1,174624;1,13616
202603;17/03/2026;11;903134;MIN RIO DO OURO -  BOTUVERA - SC;01/07/2024;63590;MIN RIO DO OURO;Consumidor Especial;MINERACAO RIO DO OURO LTDA;78266566000157;BOTUVERÁ;SC;SUL;1936;CELESC DIST;2,52;0,832644;0;0,832644;0,80784
202603;17/03/2026;12;903134;MIN RIO DO OURO -  BOTUVERA - SC;01/07/2024;63590;MIN RIO DO OURO;Consumidor Especial;MINERACAO RIO DO OURO LTDA;78266566000157;BOTUVERÁ;SC;SUL;1936;CELESC DIST;2,52;0,697073;0;0,697073;0,67536
202603;17/03/2026;13;903134;MIN RIO DO OURO -  BOTUVERA - SC;01/07/2024;63590;MIN RIO DO OURO;Consumidor Especial;MINERACAO RIO DO OURO LTDA;78266566000157;BOTUVERÁ;SC;SUL;1936;CELESC DIST;2,52;0,889324;0;0,889324;0,86112
202603;17/03/2026;14;903134;MIN RIO DO OURO -  BOTUVERA - SC;01/07/2024;63590;MIN RIO DO OURO;Consumidor Especial;MINERACAO RIO DO OURO LTDA;78266566000157;BOTUVERÁ;SC;SUL;1936;CELESC DIST;2,52;1,059783;0;1,059783;1,0224
202603;17/03/2026;15;903134;MIN RIO DO OURO -  BOTUVERA - SC;01/07/2024;63590;MIN RIO DO OURO;Consumidor Especial;MINERACAO RIO DO OURO LTDA;78266566000157;BOTUVERÁ;SC;SUL;1936;CELESC DIST;2,52;1,662983;0;1,662983;1,6056
202603;17/03/2026;16;903134;MIN RIO DO OURO -  BOTUVERA - SC;01/07/2024;63590;MIN RIO DO OURO;Consumidor Especial;MINERACAO RIO DO OURO LTDA;78266566000157;BOTUVERÁ;SC;SUL;1936;CELESC DIST;2,52;0,778535;0;0,778535;0,75312
202603;17/03/2026;17;903134;MIN RIO DO OURO -  BOTUVERA - SC;01/07/2024;63590;MIN RIO DO OURO;Consumidor Especial;MINERACAO RIO DO OURO LTDA;78266566000157;BOTUVERÁ;SC;SUL;1936;CELESC DIST;2,52;1,328745;0;1,328745;1,28736
202603;17/03/2026;18;903134;MIN RIO DO OURO -  BOTUVERA - SC;01/07/2024;63590;MIN RIO DO OURO;Consumidor Especial;MINERACAO RIO DO OURO LTDA;78266566000157;BOTUVERÁ;SC;SUL;1936;CELESC DIST;2,52;0,247731;0;0,247731;0,24048
202603;17/03/2026;19;903134;MIN RIO DO OURO -  BOTUVERA - SC;01/07/2024;63590;MIN RIO DO OURO;Consumidor Especial;MINERACAO RIO DO OURO LTDA;78266566000157;BOTUVERÁ;SC;SUL;1936;CELESC DIST;2,52;0,392838;0;0,392838;0,3816
202603;17/03/2026;20;903134;MIN RIO DO OURO -  BOTUVERA - SC;01/07/2024;63590;MIN RIO DO OURO;Consumidor Especial;MINERACAO RIO DO OURO LTDA;78266566000157;BOTUVERÁ;SC;SUL;1936;CELESC DIST;2,52;0,448659;0;0,448659;0,43632
202603;17/03/2026;21;903134;MIN RIO DO OURO -  BOTUVERA - SC;01/07/2024;63590;MIN RIO DO OURO;Consumidor Especial;MINERACAO RIO DO OURO LTDA;78266566000157;BOTUVERÁ;SC;SUL;1936;CELESC DIST;2,52;0,402697;0;0,402697;0,39168
202603;17/03/2026;22;903134;MIN RIO DO OURO -  BOTUVERA - SC;01/07/2024;63590;MIN RIO DO OURO;Consumidor Especial;MINERACAO RIO DO OURO LTDA;78266566000157;BOTUVERÁ;SC;SUL;1936;CELESC DIST;2,52;0,815004;0;0,815004;0,79344
202603;17/03/2026;23;903134;MIN RIO DO OURO -  BOTUVERA - SC;01/07/2024;63590;MIN RIO DO OURO;Consumidor Especial;MINERACAO RIO DO OURO LTDA;78266566000157;BOTUVERÁ;SC;SUL;1936;CELESC DIST;2,52;0,582913;0;0,582913;0,56736
202603;18/03/2026;0;903134;MIN RIO DO OURO -  BOTUVERA - SC;01/07/2024;63590;MIN RIO DO OURO;Consumidor Especial;MINERACAO RIO DO OURO LTDA;78266566000157;BOTUVERÁ;SC;SUL;1936;CELESC DIST;2,52;0,86972;0;0,86972;0,84384
202603;18/03/2026;1;903134;MIN RIO DO OURO -  BOTUVERA - SC;01/07/2024;63590;MIN RIO DO OURO;Consumidor Especial;MINERACAO RIO DO OURO LTDA;78266566000157;BOTUVERÁ;SC;SUL;1936;CELESC DIST;2,52;0,62701;0;0,62701;0,60768
202603;18/03/2026;2;903134;MIN RIO DO OURO -  BOTUVERA - SC;01/07/2024;63590;MIN RIO DO OURO;Consumidor Especial;MINERACAO RIO DO OURO LTDA;78266566000157;BOTUVERÁ;SC;SUL;1936;CELESC DIST;2,52;0,873228;0;0,873228;0,84528
202603;18/03/2026;3;903134;MIN RIO DO OURO -  BOTUVERA - SC;01/07/2024;63590;MIN RIO DO OURO;Consumidor Especial;MINERACAO RIO DO OURO LTDA;78266566000157;BOTUVERÁ;SC;SUL;1936;CELESC DIST;2,52;1,342156;0;1,342156;1,29744
202603;18/03/2026;4;903134;MIN RIO DO OURO -  BOTUVERA - SC;01/07/2024;63590;MIN RIO DO OURO;Consumidor Especial;MINERACAO RIO DO OURO LTDA;78266566000157;BOTUVERÁ;SC;SUL;1936;CELESC DIST;2,52;1,449927;0;1,449927;1,40112
202603;18/03/2026;5;903134;MIN RIO DO OURO -  BOTUVERA - SC;01/07/2024;63590;MIN RIO DO OURO;Consumidor Especial;MINERACAO RIO DO OURO LTDA;78266566000157;BOTUVERÁ;SC;SUL;1936;CELESC DIST;2,52;1,256184;0;1,256184;1,21392
202603;18/03/2026;6;903134;MIN RIO DO OURO -  BOTUVERA - SC;01/07/2024;63590;MIN RIO DO OURO;Consumidor Especial;MINERACAO RIO DO OURO LTDA;78266566000157;BOTUVERÁ;SC;SUL;1936;CELESC DIST;2,52;1,450474;0;1,450474;1,40112
202603;18/03/2026;7;903134;MIN RIO DO OURO -  BOTUVERA - SC;01/07/2024;63590;MIN RIO DO OURO;Consumidor Especial;MINERACAO RIO DO OURO LTDA;78266566000157;BOTUVERÁ;SC;SUL;1936;CELESC DIST;2,52;1,55772;0;1,55772;1,5048
202603;18/03/2026;8;903134;MIN RIO DO OURO -  BOTUVERA - SC;01/07/2024;63590;MIN RIO DO OURO;Consumidor Especial;MINERACAO RIO DO OURO LTDA;78266566000157;BOTUVERÁ;SC;SUL;1936;CELESC DIST;2,52;1,887623;0;1,887623;1,8216
202603;18/03/2026;9;903134;MIN RIO DO OURO -  BOTUVERA - SC;01/07/2024;63590;MIN RIO DO OURO;Consumidor Especial;MINERACAO RIO DO OURO LTDA;78266566000157;BOTUVERÁ;SC;SUL;1936;CELESC DIST;2,52;2,097668;0;2,097668;2,02896
202603;18/03/2026;10;903134;MIN RIO DO OURO -  BOTUVERA - SC;01/07/2024;63590;MIN RIO DO OURO;Consumidor Especial;MINERACAO RIO DO OURO LTDA;78266566000157;BOTUVERÁ;SC;SUL;1936;CELESC DIST;2,52;2,178758;0;2,178758;2,10816
202603;18/03/2026;11;903134;MIN RIO DO OURO -  BOTUVERA - SC;01/07/2024;63590;MIN RIO DO OURO;Consumidor Especial;MINERACAO RIO DO OURO LTDA;78266566000157;BOTUVERÁ;SC;SUL;1936;CELESC DIST;2,52;2,142521;0;2,142521;2,0736
202603;18/03/2026;12;903134;MIN RIO DO OURO -  BOTUVERA - SC;01/07/2024;63590;MIN RIO DO OURO;Consumidor Especial;MINERACAO RIO DO OURO LTDA;78266566000157;BOTUVERÁ;SC;SUL;1936;CELESC DIST;2,52;2,007498;0;2,007498;1,94544
202603;18/03/2026;13;903134;MIN RIO DO OURO -  BOTUVERA - SC;01/07/2024;63590;MIN RIO DO OURO;Consumidor Especial;MINERACAO RIO DO OURO LTDA;78266566000157;BOTUVERÁ;SC;SUL;1936;CELESC DIST;2,52;1,619937;0;1,619937;1,56528
202603;18/03/2026;14;903134;MIN RIO DO OURO -  BOTUVERA - SC;01/07/2024;63590;MIN RIO DO OURO;Consumidor Especial;MINERACAO RIO DO OURO LTDA;78266566000157;BOTUVERÁ;SC;SUL;1936;CELESC DIST;2,52;1,217879;0;1,217879;1,17792
202603;18/03/2026;15;903134;MIN RIO DO OURO -  BOTUVERA - SC;01/07/2024;63590;MIN RIO DO OURO;Consumidor Especial;MINERACAO RIO DO OURO LTDA;78266566000157;BOTUVERÁ;SC;SUL;1936;CELESC DIST;2,52;2,15195;0;2,15195;2,08368
202603;18/03/2026;16;903134;MIN RIO DO OURO -  BOTUVERA - SC;01/07/2024;63590;MIN RIO DO OURO;Consumidor Especial;MINERACAO RIO DO OURO LTDA;78266566000157;BOTUVERÁ;SC;SUL;1936;CELESC DIST;2,52;2,106997;0;2,106997;2,04192
202603;18/03/2026;17;903134;MIN RIO DO OURO -  BOTUVERA - SC;01/07/2024;63590;MIN RIO DO OURO;Consumidor Especial;MINERACAO RIO DO OURO LTDA;78266566000157;BOTUVERÁ;SC;SUL;1936;CELESC DIST;2,52;1,871666;0;1,871666;1,81296
202603;18/03/2026;18;903134;MIN RIO DO OURO -  BOTUVERA - SC;01/07/2024;63590;MIN RIO DO OURO;Consumidor Especial;MINERACAO RIO DO OURO LTDA;78266566000157;BOTUVERÁ;SC;SUL;1936;CELESC DIST;2,52;0,105405;0;0,105405;0,10224
202603;18/03/2026;19;903134;MIN RIO DO OURO -  BOTUVERA - SC;01/07/2024;63590;MIN RIO DO OURO;Consumidor Especial;MINERACAO RIO DO OURO LTDA;78266566000157;BOTUVERÁ;SC;SUL;1936;CELESC DIST;2,52;0,201801;0;0,201801;0,19584
202603;18/03/2026;20;903134;MIN RIO DO OURO -  BOTUVERA - SC;01/07/2024;63590;MIN RIO DO OURO;Consumidor Especial;MINERACAO RIO DO OURO LTDA;78266566000157;BOTUVERÁ;SC;SUL;1936;CELESC DIST;2,52;0,207608;0;0,207608;0,2016
202603;18/03/2026;21;903134;MIN RIO DO OURO -  BOTUVERA - SC;01/07/2024;63590;MIN RIO DO OURO;Consumidor Especial;MINERACAO RIO DO OURO LTDA;78266566000157;BOTUVERÁ;SC;SUL;1936;CELESC DIST;2,52;0,244451;0;0,244451;0,2376
202603;18/03/2026;22;903134;MIN RIO DO OURO -  BOTUVERA - SC;01/07/2024;63590;MIN RIO DO OURO;Consumidor Especial;MINERACAO RIO DO OURO LTDA;78266566000157;BOTUVERÁ;SC;SUL;1936;CELESC DIST;2,52;1,791743;0;1,791743;1,74384
202603;18/03/2026;23;903134;MIN RIO DO OURO -  BOTUVERA - SC;01/07/2024;63590;MIN RIO DO OURO;Consumidor Especial;MINERACAO RIO DO OURO LTDA;78266566000157;BOTUVERÁ;SC;SUL;1936;CELESC DIST;2,52;1,578882;0;1,578882;1,53792
202603;19/03/2026;0;903134;MIN RIO DO OURO -  BOTUVERA - SC;01/07/2024;63590;MIN RIO DO OURO;Consumidor Especial;MINERACAO RIO DO OURO LTDA;78266566000157;BOTUVERÁ;SC;SUL;1936;CELESC DIST;2,52;1,421739;0;1,421739;1,38096
202603;19/03/2026;1;903134;MIN RIO DO OURO -  BOTUVERA - SC;01/07/2024;63590;MIN RIO DO OURO;Consumidor Especial;MINERACAO RIO DO OURO LTDA;78266566000157;BOTUVERÁ;SC;SUL;1936;CELESC DIST;2,52;1,27908;0;1,27908;1,23984
202603;19/03/2026;2;903134;MIN RIO DO OURO -  BOTUVERA - SC;01/07/2024;63590;MIN RIO DO OURO;Consumidor Especial;MINERACAO RIO DO OURO LTDA;78266566000157;BOTUVERÁ;SC;SUL;1936;CELESC DIST;2,52;2,304725;0;2,304725;2,23056
202603;19/03/2026;3;903134;MIN RIO DO OURO -  BOTUVERA - SC;01/07/2024;63590;MIN RIO DO OURO;Consumidor Especial;MINERACAO RIO DO OURO LTDA;78266566000157;BOTUVERÁ;SC;SUL;1936;CELESC DIST;2,52;2,272427;0;2,272427;2,19744
202603;19/03/2026;4;903134;MIN RIO DO OURO -  BOTUVERA - SC;01/07/2024;63590;MIN RIO DO OURO;Consumidor Especial;MINERACAO RIO DO OURO LTDA;78266566000157;BOTUVERÁ;SC;SUL;1936;CELESC DIST;2,52;2,186492;0;2,186492;2,11248
202603;19/03/2026;5;903134;MIN RIO DO OURO -  BOTUVERA - SC;01/07/2024;63590;MIN RIO DO OURO;Consumidor Especial;MINERACAO RIO DO OURO LTDA;78266566000157;BOTUVERÁ;SC;SUL;1936;CELESC DIST;2,52;2,339094;0;2,339094;2,25792
202603;19/03/2026;6;903134;MIN RIO DO OURO -  BOTUVERA - SC;01/07/2024;63590;MIN RIO DO OURO;Consumidor Especial;MINERACAO RIO DO OURO LTDA;78266566000157;BOTUVERÁ;SC;SUL;1936;CELESC DIST;2,52;2,402397;0;2,402397;2,3184
202603;19/03/2026;7;903134;MIN RIO DO OURO -  BOTUVERA - SC;01/07/2024;63590;MIN RIO DO OURO;Consumidor Especial;MINERACAO RIO DO OURO LTDA;78266566000157;BOTUVERÁ;SC;SUL;1936;CELESC DIST;2,52;1,332461;0;1,332461;1,28592
202603;19/03/2026;8;903134;MIN RIO DO OURO -  BOTUVERA - SC;01/07/2024;63590;MIN RIO DO OURO;Consumidor Especial;MINERACAO RIO DO OURO LTDA;78266566000157;BOTUVERÁ;SC;SUL;1936;CELESC DIST;2,52;0,789985;0;0,789985;0,76176
202603;19/03/2026;9;903134;MIN RIO DO OURO -  BOTUVERA - SC;01/07/2024;63590;MIN RIO DO OURO;Consumidor Especial;MINERACAO RIO DO OURO LTDA;78266566000157;BOTUVERÁ;SC;SUL;1936;CELESC DIST;2,52;1,342782;0;1,342782;1,29312
202603;19/03/2026;10;903134;MIN RIO DO OURO -  BOTUVERA - SC;01/07/2024;63590;MIN RIO DO OURO;Consumidor Especial;MINERACAO RIO DO OURO LTDA;78266566000157;BOTUVERÁ;SC;SUL;1936;CELESC DIST;2,52;1,525824;0;1,525824;1,47312
202603;19/03/2026;11;903134;MIN RIO DO OURO -  BOTUVERA - SC;01/07/2024;63590;MIN RIO DO OURO;Consumidor Especial;MINERACAO RIO DO OURO LTDA;78266566000157;BOTUVERÁ;SC;SUL;1936;CELESC DIST;2,52;1,184135;0;1,184135;1,14768
202603;19/03/2026;12;903134;MIN RIO DO OURO -  BOTUVERA - SC;01/07/2024;63590;MIN RIO DO OURO;Consumidor Especial;MINERACAO RIO DO OURO LTDA;78266566000157;BOTUVERÁ;SC;SUL;1936;CELESC DIST;2,52;1,232342;0;1,232342;1,19232
202603;19/03/2026;13;903134;MIN RIO DO OURO -  BOTUVERA - SC;01/07/2024;63590;MIN RIO DO OURO;Consumidor Especial;MINERACAO RIO DO OURO LTDA;78266566000157;BOTUVERÁ;SC;SUL;1936;CELESC DIST;2,52;1,145392;0;1,145392;1,10592
202603;19/03/2026;14;903134;MIN RIO DO OURO -  BOTUVERA - SC;01/07/2024;63590;MIN RIO DO OURO;Consumidor Especial;MINERACAO RIO DO OURO LTDA;78266566000157;BOTUVERÁ;SC;SUL;1936;CELESC DIST;2,52;1,813039;0;1,813039;1,74816
202603;19/03/2026;15;903134;MIN RIO DO OURO -  BOTUVERA - SC;01/07/2024;63590;MIN RIO DO OURO;Consumidor Especial;MINERACAO RIO DO OURO LTDA;78266566000157;BOTUVERÁ;SC;SUL;1936;CELESC DIST;2,52;1,405528;0;1,405528;1,35504
202603;19/03/2026;16;903134;MIN RIO DO OURO -  BOTUVERA - SC;01/07/2024;63590;MIN RIO DO OURO;Consumidor Especial;MINERACAO RIO DO OURO LTDA;78266566000157;BOTUVERÁ;SC;SUL;1936;CELESC DIST;2,52;1,602415;0;1,602415;1,548
202603;19/03/2026;17;903134;MIN RIO DO OURO -  BOTUVERA - SC;01/07/2024;63590;MIN RIO DO OURO;Consumidor Especial;MINERACAO RIO DO OURO LTDA;78266566000157;BOTUVERÁ;SC;SUL;1936;CELESC DIST;2,52;0,888998;0;0,888998;0,85968
202603;19/03/2026;18;903134;MIN RIO DO OURO -  BOTUVERA - SC;01/07/2024;63590;MIN RIO DO OURO;Consumidor Especial;MINERACAO RIO DO OURO LTDA;78266566000157;BOTUVERÁ;SC;SUL;1936;CELESC DIST;2,52;0,072859;0;0,072859;0,07056
202603;19/03/2026;19;903134;MIN RIO DO OURO -  BOTUVERA - SC;01/07/2024;63590;MIN RIO DO OURO;Consumidor Especial;MINERACAO RIO DO OURO LTDA;78266566000157;BOTUVERÁ;SC;SUL;1936;CELESC DIST;2,52;0,071201;0;0,071201;0,06912
202603;19/03/2026;20;903134;MIN RIO DO OURO -  BOTUVERA - SC;01/07/2024;63590;MIN RIO DO OURO;Consumidor Especial;MINERACAO RIO DO OURO LTDA;78266566000157;BOTUVERÁ;SC;SUL;1936;CELESC DIST;2,52;0,071149;0;0,071149;0,06912
202603;19/03/2026;21;903134;MIN RIO DO OURO -  BOTUVERA - SC;01/07/2024;63590;MIN RIO DO OURO;Consumidor Especial;MINERACAO RIO DO OURO LTDA;78266566000157;BOTUVERÁ;SC;SUL;1936;CELESC DIST;2,52;0,124539;0;0,124539;0,12096
202603;19/03/2026;22;903134;MIN RIO DO OURO -  BOTUVERA - SC;01/07/2024;63590;MIN RIO DO OURO;Consumidor Especial;MINERACAO RIO DO OURO LTDA;78266566000157;BOTUVERÁ;SC;SUL;1936;CELESC DIST;2,52;1,852762;0;1,852762;1,80144
202603;19/03/2026;23;903134;MIN RIO DO OURO -  BOTUVERA - SC;01/07/2024;63590;MIN RIO DO OURO;Consumidor Especial;MINERACAO RIO DO OURO LTDA;78266566000157;BOTUVERÁ;SC;SUL;1936;CELESC DIST;2,52;2,077378;0;2,077378;2,01744
202603;20/03/2026;0;903134;MIN RIO DO OURO -  BOTUVERA - SC;01/07/2024;63590;MIN RIO DO OURO;Consumidor Especial;MINERACAO RIO DO OURO LTDA;78266566000157;BOTUVERÁ;SC;SUL;1936;CELESC DIST;2,52;1,281535;0;1,281535;1,24272
202603;20/03/2026;1;903134;MIN RIO DO OURO -  BOTUVERA - SC;01/07/2024;63590;MIN RIO DO OURO;Consumidor Especial;MINERACAO RIO DO OURO LTDA;78266566000157;BOTUVERÁ;SC;SUL;1936;CELESC DIST;2,52;1,850278;0;1,850278;1,7928
202603;20/03/2026;2;903134;MIN RIO DO OURO -  BOTUVERA - SC;01/07/2024;63590;MIN RIO DO OURO;Consumidor Especial;MINERACAO RIO DO OURO LTDA;78266566000157;BOTUVERÁ;SC;SUL;1936;CELESC DIST;2,52;1,889194;0;1,889194;1,8288
202603;20/03/2026;3;903134;MIN RIO DO OURO -  BOTUVERA - SC;01/07/2024;63590;MIN RIO DO OURO;Consumidor Especial;MINERACAO RIO DO OURO LTDA;78266566000157;BOTUVERÁ;SC;SUL;1936;CELESC DIST;2,52;2,22891;0;2,22891;2,15568
202603;20/03/2026;4;903134;MIN RIO DO OURO -  BOTUVERA - SC;01/07/2024;63590;MIN RIO DO OURO;Consumidor Especial;MINERACAO RIO DO OURO LTDA;78266566000157;BOTUVERÁ;SC;SUL;1936;CELESC DIST;2,52;2,176011;0;2,176011;2,1024
202603;20/03/2026;5;903134;MIN RIO DO OURO -  BOTUVERA - SC;01/07/2024;63590;MIN RIO DO OURO;Consumidor Especial;MINERACAO RIO DO OURO LTDA;78266566000157;BOTUVERÁ;SC;SUL;1936;CELESC DIST;2,52;1,786634;0;1,786634;1,72656
202603;20/03/2026;6;903134;MIN RIO DO OURO -  BOTUVERA - SC;01/07/2024;63590;MIN RIO DO OURO;Consumidor Especial;MINERACAO RIO DO OURO LTDA;78266566000157;BOTUVERÁ;SC;SUL;1936;CELESC DIST;2,52;1,880007;0;1,880007;1,81584
202603;20/03/2026;7;903134;MIN RIO DO OURO -  BOTUVERA - SC;01/07/2024;63590;MIN RIO DO OURO;Consumidor Especial;MINERACAO RIO DO OURO LTDA;78266566000157;BOTUVERÁ;SC;SUL;1936;CELESC DIST;2,52;1,837133;0;1,837133;1,77264
202603;20/03/2026;8;903134;MIN RIO DO OURO -  BOTUVERA - SC;01/07/2024;63590;MIN RIO DO OURO;Consumidor Especial;MINERACAO RIO DO OURO LTDA;78266566000157;BOTUVERÁ;SC;SUL;1936;CELESC DIST;2,52;1,817265;0;1,817265;1,75248
202603;20/03/2026;9;903134;MIN RIO DO OURO -  BOTUVERA - SC;01/07/2024;63590;MIN RIO DO OURO;Consumidor Especial;MINERACAO RIO DO OURO LTDA;78266566000157;BOTUVERÁ;SC;SUL;1936;CELESC DIST;2,52;1,045716;0;1,045716;1,00944
202603;20/03/2026;10;903134;MIN RIO DO OURO -  BOTUVERA - SC;01/07/2024;63590;MIN RIO DO OURO;Consumidor Especial;MINERACAO RIO DO OURO LTDA;78266566000157;BOTUVERÁ;SC;SUL;1936;CELESC DIST;2,52;1,340259;0;1,340259;1,29456
202603;20/03/2026;11;903134;MIN RIO DO OURO -  BOTUVERA - SC;01/07/2024;63590;MIN RIO DO OURO;Consumidor Especial;MINERACAO RIO DO OURO LTDA;78266566000157;BOTUVERÁ;SC;SUL;1936;CELESC DIST;2,52;1,824027;0;1,824027;1,76544
202603;20/03/2026;12;903134;MIN RIO DO OURO -  BOTUVERA - SC;01/07/2024;63590;MIN RIO DO OURO;Consumidor Especial;MINERACAO RIO DO OURO LTDA;78266566000157;BOTUVERÁ;SC;SUL;1936;CELESC DIST;2,52;1,898688;0;1,898688;1,84032
202603;20/03/2026;13;903134;MIN RIO DO OURO -  BOTUVERA - SC;01/07/2024;63590;MIN RIO DO OURO;Consumidor Especial;MINERACAO RIO DO OURO LTDA;78266566000157;BOTUVERÁ;SC;SUL;1936;CELESC DIST;2,52;1,787508;0;1,787508;1,73088
202603;20/03/2026;14;903134;MIN RIO DO OURO -  BOTUVERA - SC;01/07/2024;63590;MIN RIO DO OURO;Consumidor Especial;MINERACAO RIO DO OURO LTDA;78266566000157;BOTUVERÁ;SC;SUL;1936;CELESC DIST;2,52;1,999794;0;1,999794;1,93248
202603;20/03/2026;15;903134;MIN RIO DO OURO -  BOTUVERA - SC;01/07/2024;63590;MIN RIO DO OURO;Consumidor Especial;MINERACAO RIO DO OURO LTDA;78266566000157;BOTUVERÁ;SC;SUL;1936;CELESC DIST;2,52;2,200808;0;2,200808;2,12832
202603;20/03/2026;16;903134;MIN RIO DO OURO -  BOTUVERA - SC;01/07/2024;63590;MIN RIO DO OURO;Consumidor Especial;MINERACAO RIO DO OURO LTDA;78266566000157;BOTUVERÁ;SC;SUL;1936;CELESC DIST;2,52;1,981926;0;1,981926;1,91808
202603;20/03/2026;17;903134;MIN RIO DO OURO -  BOTUVERA - SC;01/07/2024;63590;MIN RIO DO OURO;Consumidor Especial;MINERACAO RIO DO OURO LTDA;78266566000157;BOTUVERÁ;SC;SUL;1936;CELESC DIST;2,52;0,327567;0;0,327567;0,3168
202603;20/03/2026;18;903134;MIN RIO DO OURO -  BOTUVERA - SC;01/07/2024;63590;MIN RIO DO OURO;Consumidor Especial;MINERACAO RIO DO OURO LTDA;78266566000157;BOTUVERÁ;SC;SUL;1936;CELESC DIST;2,52;0,13232;0;0,13232;0,12816
202603;20/03/2026;19;903134;MIN RIO DO OURO -  BOTUVERA - SC;01/07/2024;63590;MIN RIO DO OURO;Consumidor Especial;MINERACAO RIO DO OURO LTDA;78266566000157;BOTUVERÁ;SC;SUL;1936;CELESC DIST;2,52;0,206457;0;0,206457;0,20016
202603;20/03/2026;20;903134;MIN RIO DO OURO -  BOTUVERA - SC;01/07/2024;63590;MIN RIO DO OURO;Consumidor Especial;MINERACAO RIO DO OURO LTDA;78266566000157;BOTUVERÁ;SC;SUL;1936;CELESC DIST;2,52;0,173617;0;0,173617;0,16848
202603;20/03/2026;21;903134;MIN RIO DO OURO -  BOTUVERA - SC;01/07/2024;63590;MIN RIO DO OURO;Consumidor Especial;MINERACAO RIO DO OURO LTDA;78266566000157;BOTUVERÁ;SC;SUL;1936;CELESC DIST;2,52;0,136507;0;0,136507;0,13248
202603;20/03/2026;22;903134;MIN RIO DO OURO -  BOTUVERA - SC;01/07/2024;63590;MIN RIO DO OURO;Consumidor Especial;MINERACAO RIO DO OURO LTDA;78266566000157;BOTUVERÁ;SC;SUL;1936;CELESC DIST;2,52;1,944312;0;1,944312;1,88784
202603;20/03/2026;23;903134;MIN RIO DO OURO -  BOTUVERA - SC;01/07/2024;63590;MIN RIO DO OURO;Consumidor Especial;MINERACAO RIO DO OURO LTDA;78266566000157;BOTUVERÁ;SC;SUL;1936;CELESC DIST;2,52;2,288882;0;2,288882;2,22192
202603;21/03/2026;0;903134;MIN RIO DO OURO -  BOTUVERA - SC;01/07/2024;63590;MIN RIO DO OURO;Consumidor Especial;MINERACAO RIO DO OURO LTDA;78266566000157;BOTUVERÁ;SC;SUL;1936;CELESC DIST;2,52;2,111908;0;2,111908;2,04912
202603;21/03/2026;1;903134;MIN RIO DO OURO -  BOTUVERA - SC;01/07/2024;63590;MIN RIO DO OURO;Consumidor Especial;MINERACAO RIO DO OURO LTDA;78266566000157;BOTUVERÁ;SC;SUL;1936;CELESC DIST;2,52;2,007641;0;2,007641;1,94544
202603;21/03/2026;2;903134;MIN RIO DO OURO -  BOTUVERA - SC;01/07/2024;63590;MIN RIO DO OURO;Consumidor Especial;MINERACAO RIO DO OURO LTDA;78266566000157;BOTUVERÁ;SC;SUL;1936;CELESC DIST;2,52;2,316769;0;2,316769;2,24208
202603;21/03/2026;3;903134;MIN RIO DO OURO -  BOTUVERA - SC;01/07/2024;63590;MIN RIO DO OURO;Consumidor Especial;MINERACAO RIO DO OURO LTDA;78266566000157;BOTUVERÁ;SC;SUL;1936;CELESC DIST;2,52;2,40582;0;2,40582;2,32848
202603;21/03/2026;4;903134;MIN RIO DO OURO -  BOTUVERA - SC;01/07/2024;63590;MIN RIO DO OURO;Consumidor Especial;MINERACAO RIO DO OURO LTDA;78266566000157;BOTUVERÁ;SC;SUL;1936;CELESC DIST;2,52;2,082439;0;2,082439;2,01456
202603;21/03/2026;5;903134;MIN RIO DO OURO -  BOTUVERA - SC;01/07/2024;63590;MIN RIO DO OURO;Consumidor Especial;MINERACAO RIO DO OURO LTDA;78266566000157;BOTUVERÁ;SC;SUL;1936;CELESC DIST;2,52;2,291402;0;2,291402;2,21616
202603;21/03/2026;6;903134;MIN RIO DO OURO -  BOTUVERA - SC;01/07/2024;63590;MIN RIO DO OURO;Consumidor Especial;MINERACAO RIO DO OURO LTDA;78266566000157;BOTUVERÁ;SC;SUL;1936;CELESC DIST;2,52;1,95399;0;1,95399;1,89072
202603;21/03/2026;7;903134;MIN RIO DO OURO -  BOTUVERA - SC;01/07/2024;63590;MIN RIO DO OURO;Consumidor Especial;MINERACAO RIO DO OURO LTDA;78266566000157;BOTUVERÁ;SC;SUL;1936;CELESC DIST;2,52;2,198111;0;2,198111;2,13264
202603;21/03/2026;8;903134;MIN RIO DO OURO -  BOTUVERA - SC;01/07/2024;63590;MIN RIO DO OURO;Consumidor Especial;MINERACAO RIO DO OURO LTDA;78266566000157;BOTUVERÁ;SC;SUL;1936;CELESC DIST;2,52;2,046445;0;2,046445;1,98576
202603;21/03/2026;9;903134;MIN RIO DO OURO -  BOTUVERA - SC;01/07/2024;63590;MIN RIO DO OURO;Consumidor Especial;MINERACAO RIO DO OURO LTDA;78266566000157;BOTUVERÁ;SC;SUL;1936;CELESC DIST;2,52;2,201937;0;2,201937;2,13984
202603;21/03/2026;10;903134;MIN RIO DO OURO -  BOTUVERA - SC;01/07/2024;63590;MIN RIO DO OURO;Consumidor Especial;MINERACAO RIO DO OURO LTDA;78266566000157;BOTUVERÁ;SC;SUL;1936;CELESC DIST;2,52;2,125137;0;2,125137;2,07648
202603;21/03/2026;11;903134;MIN RIO DO OURO -  BOTUVERA - SC;01/07/2024;63590;MIN RIO DO OURO;Consumidor Especial;MINERACAO RIO DO OURO LTDA;78266566000157;BOTUVERÁ;SC;SUL;1936;CELESC DIST;2,52;2,424782;0;2,424782;2,37168
202603;21/03/2026;12;903134;MIN RIO DO OURO -  BOTUVERA - SC;01/07/2024;63590;MIN RIO DO OURO;Consumidor Especial;MINERACAO RIO DO OURO LTDA;78266566000157;BOTUVERÁ;SC;SUL;1936;CELESC DIST;2,52;2,293409;0;2,293409;2,24064
202603;21/03/2026;13;903134;MIN RIO DO OURO -  BOTUVERA - SC;01/07/2024;63590;MIN RIO DO OURO;Consumidor Especial;MINERACAO RIO DO OURO LTDA;78266566000157;BOTUVERÁ;SC;SUL;1936;CELESC DIST;2,52;1,645809;0;1,645809;1,60128
202603;21/03/2026;14;903134;MIN RIO DO OURO -  BOTUVERA - SC;01/07/2024;63590;MIN RIO DO OURO;Consumidor Especial;MINERACAO RIO DO OURO LTDA;78266566000157;BOTUVERÁ;SC;SUL;1936;CELESC DIST;2,52;0,985065;0;0,985065;0,95472
202603;21/03/2026;15;903134;MIN RIO DO OURO -  BOTUVERA - SC;01/07/2024;63590;MIN RIO DO OURO;Consumidor Especial;MINERACAO RIO DO OURO LTDA;78266566000157;BOTUVERÁ;SC;SUL;1936;CELESC DIST;2,52;0,971697;0;0,971697;0,93888
202603;21/03/2026;16;903134;MIN RIO DO OURO -  BOTUVERA - SC;01/07/2024;63590;MIN RIO DO OURO;Consumidor Especial;MINERACAO RIO DO OURO LTDA;78266566000157;BOTUVERÁ;SC;SUL;1936;CELESC DIST;2,52;0,414203;0;0,414203;0,40032
202603;21/03/2026;17;903134;MIN RIO DO OURO -  BOTUVERA - SC;01/07/2024;63590;MIN RIO DO OURO;Consumidor Especial;MINERACAO RIO DO OURO LTDA;78266566000157;BOTUVERÁ;SC;SUL;1936;CELESC DIST;2,52;0,43614;0;0,43614;0,42192
202603;21/03/2026;18;903134;MIN RIO DO OURO -  BOTUVERA - SC;01/07/2024;63590;MIN RIO DO OURO;Consumidor Especial;MINERACAO RIO DO OURO LTDA;78266566000157;BOTUVERÁ;SC;SUL;1936;CELESC DIST;2,52;0,449605;0;0,449605;0,43632
202603;21/03/2026;19;903134;MIN RIO DO OURO -  BOTUVERA - SC;01/07/2024;63590;MIN RIO DO OURO;Consumidor Especial;MINERACAO RIO DO OURO LTDA;78266566000157;BOTUVERÁ;SC;SUL;1936;CELESC DIST;2,52;0,47684;0;0,47684;0,46368
202603;21/03/2026;20;903134;MIN RIO DO OURO -  BOTUVERA - SC;01/07/2024;63590;MIN RIO DO OURO;Consumidor Especial;MINERACAO RIO DO OURO LTDA;78266566000157;BOTUVERÁ;SC;SUL;1936;CELESC DIST;2,52;0,481468;0;0,481468;0,468
202603;21/03/2026;21;903134;MIN RIO DO OURO -  BOTUVERA - SC;01/07/2024;63590;MIN RIO DO OURO;Consumidor Especial;MINERACAO RIO DO OURO LTDA;78266566000157;BOTUVERÁ;SC;SUL;1936;CELESC DIST;2,52;0,47742;0;0,47742;0,46368
202603;21/03/2026;22;903134;MIN RIO DO OURO -  BOTUVERA - SC;01/07/2024;63590;MIN RIO DO OURO;Consumidor Especial;MINERACAO RIO DO OURO LTDA;78266566000157;BOTUVERÁ;SC;SUL;1936;CELESC DIST;2,52;0,471351;0;0,471351;0,45792
202603;21/03/2026;23;903134;MIN RIO DO OURO -  BOTUVERA - SC;01/07/2024;63590;MIN RIO DO OURO;Consumidor Especial;MINERACAO RIO DO OURO LTDA;78266566000157;BOTUVERÁ;SC;SUL;1936;CELESC DIST;2,52;0,262605;0;0,262605;0,25488
202603;22/03/2026;0;903134;MIN RIO DO OURO -  BOTUVERA - SC;01/07/2024;63590;MIN RIO DO OURO;Consumidor Especial;MINERACAO RIO DO OURO LTDA;78266566000157;BOTUVERÁ;SC;SUL;1936;CELESC DIST;2,52;0,273496;0;0,273496;0,26496
202603;22/03/2026;1;903134;MIN RIO DO OURO -  BOTUVERA - SC;01/07/2024;63590;MIN RIO DO OURO;Consumidor Especial;MINERACAO RIO DO OURO LTDA;78266566000157;BOTUVERÁ;SC;SUL;1936;CELESC DIST;2,52;0,258709;0;0,258709;0,25056
202603;22/03/2026;2;903134;MIN RIO DO OURO -  BOTUVERA - SC;01/07/2024;63590;MIN RIO DO OURO;Consumidor Especial;MINERACAO RIO DO OURO LTDA;78266566000157;BOTUVERÁ;SC;SUL;1936;CELESC DIST;2,52;0,254536;0;0,254536;0,24624
202603;22/03/2026;3;903134;MIN RIO DO OURO -  BOTUVERA - SC;01/07/2024;63590;MIN RIO DO OURO;Consumidor Especial;MINERACAO RIO DO OURO LTDA;78266566000157;BOTUVERÁ;SC;SUL;1936;CELESC DIST;2,52;0,248788;0;0,248788;0,24048
202603;22/03/2026;4;903134;MIN RIO DO OURO -  BOTUVERA - SC;01/07/2024;63590;MIN RIO DO OURO;Consumidor Especial;MINERACAO RIO DO OURO LTDA;78266566000157;BOTUVERÁ;SC;SUL;1936;CELESC DIST;2,52;0,073;0;0,073;0,07056
202603;22/03/2026;5;903134;MIN RIO DO OURO -  BOTUVERA - SC;01/07/2024;63590;MIN RIO DO OURO;Consumidor Especial;MINERACAO RIO DO OURO LTDA;78266566000157;BOTUVERÁ;SC;SUL;1936;CELESC DIST;2,52;0,089485;0;0,089485;0,0864
202603;22/03/2026;6;903134;MIN RIO DO OURO -  BOTUVERA - SC;01/07/2024;63590;MIN RIO DO OURO;Consumidor Especial;MINERACAO RIO DO OURO LTDA;78266566000157;BOTUVERÁ;SC;SUL;1936;CELESC DIST;2,52;0,090785;0;0,090785;0,08784
202603;22/03/2026;7;903134;MIN RIO DO OURO -  BOTUVERA - SC;01/07/2024;63590;MIN RIO DO OURO;Consumidor Especial;MINERACAO RIO DO OURO LTDA;78266566000157;BOTUVERÁ;SC;SUL;1936;CELESC DIST;2,52;0,086;0;0,086;0,08352
202603;22/03/2026;8;903134;MIN RIO DO OURO -  BOTUVERA - SC;01/07/2024;63590;MIN RIO DO OURO;Consumidor Especial;MINERACAO RIO DO OURO LTDA;78266566000157;BOTUVERÁ;SC;SUL;1936;CELESC DIST;2,52;0,087409;0;0,087409;0,08496
202603;22/03/2026;9;903134;MIN RIO DO OURO -  BOTUVERA - SC;01/07/2024;63590;MIN RIO DO OURO;Consumidor Especial;MINERACAO RIO DO OURO LTDA;78266566000157;BOTUVERÁ;SC;SUL;1936;CELESC DIST;2,52;0,07372;0;0,07372;0,072
202603;22/03/2026;10;903134;MIN RIO DO OURO -  BOTUVERA - SC;01/07/2024;63590;MIN RIO DO OURO;Consumidor Especial;MINERACAO RIO DO OURO LTDA;78266566000157;BOTUVERÁ;SC;SUL;1936;CELESC DIST;2,52;0,065618;0;0,065618;0,0648
202603;22/03/2026;11;903134;MIN RIO DO OURO -  BOTUVERA - SC;01/07/2024;63590;MIN RIO DO OURO;Consumidor Especial;MINERACAO RIO DO OURO LTDA;78266566000157;BOTUVERÁ;SC;SUL;1936;CELESC DIST;2,52;0,077152;0;0,077152;0,07632
202603;22/03/2026;12;903134;MIN RIO DO OURO -  BOTUVERA - SC;01/07/2024;63590;MIN RIO DO OURO;Consumidor Especial;MINERACAO RIO DO OURO LTDA;78266566000157;BOTUVERÁ;SC;SUL;1936;CELESC DIST;2,52;0,062843;0;0,062843;0,06192
202603;22/03/2026;13;903134;MIN RIO DO OURO -  BOTUVERA - SC;01/07/2024;63590;MIN RIO DO OURO;Consumidor Especial;MINERACAO RIO DO OURO LTDA;78266566000157;BOTUVERÁ;SC;SUL;1936;CELESC DIST;2,52;0,061722;0;0,061722;0,06048
202603;22/03/2026;14;903134;MIN RIO DO OURO -  BOTUVERA - SC;01/07/2024;63590;MIN RIO DO OURO;Consumidor Especial;MINERACAO RIO DO OURO LTDA;78266566000157;BOTUVERÁ;SC;SUL;1936;CELESC DIST;2,52;0,061956;0;0,061956;0,06048
202603;22/03/2026;15;903134;MIN RIO DO OURO -  BOTUVERA - SC;01/07/2024;63590;MIN RIO DO OURO;Consumidor Especial;MINERACAO RIO DO OURO LTDA;78266566000157;BOTUVERÁ;SC;SUL;1936;CELESC DIST;2,52;0,06231;0;0,06231;0,06048
202603;22/03/2026;16;903134;MIN RIO DO OURO -  BOTUVERA - SC;01/07/2024;63590;MIN RIO DO OURO;Consumidor Especial;MINERACAO RIO DO OURO LTDA;78266566000157;BOTUVERÁ;SC;SUL;1936;CELESC DIST;2,52;0,062282;0;0,062282;0,06048
202603;22/03/2026;17;903134;MIN RIO DO OURO -  BOTUVERA - SC;01/07/2024;63590;MIN RIO DO OURO;Consumidor Especial;MINERACAO RIO DO OURO LTDA;78266566000157;BOTUVERÁ;SC;SUL;1936;CELESC DIST;2,52;0,060971;0;0,060971;0,05904
202603;22/03/2026;18;903134;MIN RIO DO OURO -  BOTUVERA - SC;01/07/2024;63590;MIN RIO DO OURO;Consumidor Especial;MINERACAO RIO DO OURO LTDA;78266566000157;BOTUVERÁ;SC;SUL;1936;CELESC DIST;2,52;0,063907;0;0,063907;0,06192
202603;22/03/2026;19;903134;MIN RIO DO OURO -  BOTUVERA - SC;01/07/2024;63590;MIN RIO DO OURO;Consumidor Especial;MINERACAO RIO DO OURO LTDA;78266566000157;BOTUVERÁ;SC;SUL;1936;CELESC DIST;2,52;0,220913;0;0,220913;0,21456
202603;22/03/2026;20;903134;MIN RIO DO OURO -  BOTUVERA - SC;01/07/2024;63590;MIN RIO DO OURO;Consumidor Especial;MINERACAO RIO DO OURO LTDA;78266566000157;BOTUVERÁ;SC;SUL;1936;CELESC DIST;2,52;0,315591;0;0,315591;0,30672
202603;22/03/2026;21;903134;MIN RIO DO OURO -  BOTUVERA - SC;01/07/2024;63590;MIN RIO DO OURO;Consumidor Especial;MINERACAO RIO DO OURO LTDA;78266566000157;BOTUVERÁ;SC;SUL;1936;CELESC DIST;2,52;0,226617;0;0,226617;0,22032
202603;22/03/2026;22;903134;MIN RIO DO OURO -  BOTUVERA - SC;01/07/2024;63590;MIN RIO DO OURO;Consumidor Especial;MINERACAO RIO DO OURO LTDA;78266566000157;BOTUVERÁ;SC;SUL;1936;CELESC DIST;2,52;1,508886;0;1,508886;1,46736
202603;22/03/2026;23;903134;MIN RIO DO OURO -  BOTUVERA - SC;01/07/2024;63590;MIN RIO DO OURO;Consumidor Especial;MINERACAO RIO DO OURO LTDA;78266566000157;BOTUVERÁ;SC;SUL;1936;CELESC DIST;2,52;2,218607;0;2,218607;2,15568
202603;23/03/2026;0;903134;MIN RIO DO OURO -  BOTUVERA - SC;01/07/2024;63590;MIN RIO DO OURO;Consumidor Especial;MINERACAO RIO DO OURO LTDA;78266566000157;BOTUVERÁ;SC;SUL;1936;CELESC DIST;2,52;1,929552;0;1,929552;1,872
202603;23/03/2026;1;903134;MIN RIO DO OURO -  BOTUVERA - SC;01/07/2024;63590;MIN RIO DO OURO;Consumidor Especial;MINERACAO RIO DO OURO LTDA;78266566000157;BOTUVERÁ;SC;SUL;1936;CELESC DIST;2,52;1,863686;0;1,863686;1,80576
202603;23/03/2026;2;903134;MIN RIO DO OURO -  BOTUVERA - SC;01/07/2024;63590;MIN RIO DO OURO;Consumidor Especial;MINERACAO RIO DO OURO LTDA;78266566000157;BOTUVERÁ;SC;SUL;1936;CELESC DIST;2,52;1,782373;0;1,782373;1,72656
202603;23/03/2026;3;903134;MIN RIO DO OURO -  BOTUVERA - SC;01/07/2024;63590;MIN RIO DO OURO;Consumidor Especial;MINERACAO RIO DO OURO LTDA;78266566000157;BOTUVERÁ;SC;SUL;1936;CELESC DIST;2,52;2,06849;0;2,06849;2,00304
202603;23/03/2026;4;903134;MIN RIO DO OURO -  BOTUVERA - SC;01/07/2024;63590;MIN RIO DO OURO;Consumidor Especial;MINERACAO RIO DO OURO LTDA;78266566000157;BOTUVERÁ;SC;SUL;1936;CELESC DIST;2,52;2,035936;0;2,035936;1,96992
202603;23/03/2026;5;903134;MIN RIO DO OURO -  BOTUVERA - SC;01/07/2024;63590;MIN RIO DO OURO;Consumidor Especial;MINERACAO RIO DO OURO LTDA;78266566000157;BOTUVERÁ;SC;SUL;1936;CELESC DIST;2,52;1,746846;0;1,746846;1,68912
202603;23/03/2026;6;903134;MIN RIO DO OURO -  BOTUVERA - SC;01/07/2024;63590;MIN RIO DO OURO;Consumidor Especial;MINERACAO RIO DO OURO LTDA;78266566000157;BOTUVERÁ;SC;SUL;1936;CELESC DIST;2,52;1,735802;0;1,735802;1,67904
202603;23/03/2026;7;903134;MIN RIO DO OURO -  BOTUVERA - SC;01/07/2024;63590;MIN RIO DO OURO;Consumidor Especial;MINERACAO RIO DO OURO LTDA;78266566000157;BOTUVERÁ;SC;SUL;1936;CELESC DIST;2,52;1,66972;0;1,66972;1,61712
202603;23/03/2026;8;903134;MIN RIO DO OURO -  BOTUVERA - SC;01/07/2024;63590;MIN RIO DO OURO;Consumidor Especial;MINERACAO RIO DO OURO LTDA;78266566000157;BOTUVERÁ;SC;SUL;1936;CELESC DIST;2,52;1,578348;0;1,578348;1,53216
202603;23/03/2026;9;903134;MIN RIO DO OURO -  BOTUVERA - SC;01/07/2024;63590;MIN RIO DO OURO;Consumidor Especial;MINERACAO RIO DO OURO LTDA;78266566000157;BOTUVERÁ;SC;SUL;1936;CELESC DIST;2,52;1,912881;0;1,912881;1,85472
202603;23/03/2026;10;903134;MIN RIO DO OURO -  BOTUVERA - SC;01/07/2024;63590;MIN RIO DO OURO;Consumidor Especial;MINERACAO RIO DO OURO LTDA;78266566000157;BOTUVERÁ;SC;SUL;1936;CELESC DIST;2,52;1,909734;0;1,909734;1,85472
202603;23/03/2026;11;903134;MIN RIO DO OURO -  BOTUVERA - SC;01/07/2024;63590;MIN RIO DO OURO;Consumidor Especial;MINERACAO RIO DO OURO LTDA;78266566000157;BOTUVERÁ;SC;SUL;1936;CELESC DIST;2,52;1,620783;0;1,620783;1,5768
202603;23/03/2026;12;903134;MIN RIO DO OURO -  BOTUVERA - SC;01/07/2024;63590;MIN RIO DO OURO;Consumidor Especial;MINERACAO RIO DO OURO LTDA;78266566000157;BOTUVERÁ;SC;SUL;1936;CELESC DIST;2,52;1,857843;0;1,857843;1,80432
202603;23/03/2026;13;903134;MIN RIO DO OURO -  BOTUVERA - SC;01/07/2024;63590;MIN RIO DO OURO;Consumidor Especial;MINERACAO RIO DO OURO LTDA;78266566000157;BOTUVERÁ;SC;SUL;1936;CELESC DIST;2,52;2,144809;0;2,144809;2,07648
202603;23/03/2026;14;903134;MIN RIO DO OURO -  BOTUVERA - SC;01/07/2024;63590;MIN RIO DO OURO;Consumidor Especial;MINERACAO RIO DO OURO LTDA;78266566000157;BOTUVERÁ;SC;SUL;1936;CELESC DIST;2,52;2,215684;0;2,215684;2,14704
202603;23/03/2026;15;903134;MIN RIO DO OURO -  BOTUVERA - SC;01/07/2024;63590;MIN RIO DO OURO;Consumidor Especial;MINERACAO RIO DO OURO LTDA;78266566000157;BOTUVERÁ;SC;SUL;1936;CELESC DIST;2,52;2,286466;0;2,286466;2,21616
202603;23/03/2026;16;903134;MIN RIO DO OURO -  BOTUVERA - SC;01/07/2024;63590;MIN RIO DO OURO;Consumidor Especial;MINERACAO RIO DO OURO LTDA;78266566000157;BOTUVERÁ;SC;SUL;1936;CELESC DIST;2,52;1,895672;0;1,895672;1,83888
202603;23/03/2026;17;903134;MIN RIO DO OURO -  BOTUVERA - SC;01/07/2024;63590;MIN RIO DO OURO;Consumidor Especial;MINERACAO RIO DO OURO LTDA;78266566000157;BOTUVERÁ;SC;SUL;1936;CELESC DIST;2,52;1,930364;0;1,930364;1,87632
202603;23/03/2026;18;903134;MIN RIO DO OURO -  BOTUVERA - SC;01/07/2024;63590;MIN RIO DO OURO;Consumidor Especial;MINERACAO RIO DO OURO LTDA;78266566000157;BOTUVERÁ;SC;SUL;1936;CELESC DIST;2,52;0,256256;0;0,256256;0,24912
202603;23/03/2026;19;903134;MIN RIO DO OURO -  BOTUVERA - SC;01/07/2024;63590;MIN RIO DO OURO;Consumidor Especial;MINERACAO RIO DO OURO LTDA;78266566000157;BOTUVERÁ;SC;SUL;1936;CELESC DIST;2,52;0,069594;0;0,069594;0,06768
202603;23/03/2026;20;903134;MIN RIO DO OURO -  BOTUVERA - SC;01/07/2024;63590;MIN RIO DO OURO;Consumidor Especial;MINERACAO RIO DO OURO LTDA;78266566000157;BOTUVERÁ;SC;SUL;1936;CELESC DIST;2,52;0,069679;0;0,069679;0,06768
202603;23/03/2026;21;903134;MIN RIO DO OURO -  BOTUVERA - SC;01/07/2024;63590;MIN RIO DO OURO;Consumidor Especial;MINERACAO RIO DO OURO LTDA;78266566000157;BOTUVERÁ;SC;SUL;1936;CELESC DIST;2,52;0,069618;0;0,069618;0,06768
202603;23/03/2026;22;903134;MIN RIO DO OURO -  BOTUVERA - SC;01/07/2024;63590;MIN RIO DO OURO;Consumidor Especial;MINERACAO RIO DO OURO LTDA;78266566000157;BOTUVERÁ;SC;SUL;1936;CELESC DIST;2,52;1,956955;0;1,956955;1,90224
202603;23/03/2026;23;903134;MIN RIO DO OURO -  BOTUVERA - SC;01/07/2024;63590;MIN RIO DO OURO;Consumidor Especial;MINERACAO RIO DO OURO LTDA;78266566000157;BOTUVERÁ;SC;SUL;1936;CELESC DIST;2,52;2,440193;0;2,440193;2,37024
202603;24/03/2026;0;903134;MIN RIO DO OURO -  BOTUVERA - SC;01/07/2024;63590;MIN RIO DO OURO;Consumidor Especial;MINERACAO RIO DO OURO LTDA;78266566000157;BOTUVERÁ;SC;SUL;1936;CELESC DIST;2,52;2,155385;0;2,155385;2,08944
202603;24/03/2026;1;903134;MIN RIO DO OURO -  BOTUVERA - SC;01/07/2024;63590;MIN RIO DO OURO;Consumidor Especial;MINERACAO RIO DO OURO LTDA;78266566000157;BOTUVERÁ;SC;SUL;1936;CELESC DIST;2,52;1,465959;0;1,465959;1,41984
202603;24/03/2026;2;903134;MIN RIO DO OURO -  BOTUVERA - SC;01/07/2024;63590;MIN RIO DO OURO;Consumidor Especial;MINERACAO RIO DO OURO LTDA;78266566000157;BOTUVERÁ;SC;SUL;1936;CELESC DIST;2,52;2,22613;0;2,22613;2,15424
202603;24/03/2026;3;903134;MIN RIO DO OURO -  BOTUVERA - SC;01/07/2024;63590;MIN RIO DO OURO;Consumidor Especial;MINERACAO RIO DO OURO LTDA;78266566000157;BOTUVERÁ;SC;SUL;1936;CELESC DIST;2,52;2,153906;0;2,153906;2,08368
202603;24/03/2026;4;903134;MIN RIO DO OURO -  BOTUVERA - SC;01/07/2024;63590;MIN RIO DO OURO;Consumidor Especial;MINERACAO RIO DO OURO LTDA;78266566000157;BOTUVERÁ;SC;SUL;1936;CELESC DIST;2,52;2,235571;0;2,235571;2,16432
202603;24/03/2026;5;903134;MIN RIO DO OURO -  BOTUVERA - SC;01/07/2024;63590;MIN RIO DO OURO;Consumidor Especial;MINERACAO RIO DO OURO LTDA;78266566000157;BOTUVERÁ;SC;SUL;1936;CELESC DIST;2,52;1,452396;0;1,452396;1,40544
202603;24/03/2026;6;903134;MIN RIO DO OURO -  BOTUVERA - SC;01/07/2024;63590;MIN RIO DO OURO;Consumidor Especial;MINERACAO RIO DO OURO LTDA;78266566000157;BOTUVERÁ;SC;SUL;1936;CELESC DIST;2,52;1,643314;0;1,643314;1,5912
202603;24/03/2026;7;903134;MIN RIO DO OURO -  BOTUVERA - SC;01/07/2024;63590;MIN RIO DO OURO;Consumidor Especial;MINERACAO RIO DO OURO LTDA;78266566000157;BOTUVERÁ;SC;SUL;1936;CELESC DIST;2,52;1,536097;0;1,536097;1,48608
202603;24/03/2026;8;903134;MIN RIO DO OURO -  BOTUVERA - SC;01/07/2024;63590;MIN RIO DO OURO;Consumidor Especial;MINERACAO RIO DO OURO LTDA;78266566000157;BOTUVERÁ;SC;SUL;1936;CELESC DIST;2,52;1,274399;0;1,274399;1,23264
202603;24/03/2026;9;903134;MIN RIO DO OURO -  BOTUVERA - SC;01/07/2024;63590;MIN RIO DO OURO;Consumidor Especial;MINERACAO RIO DO OURO LTDA;78266566000157;BOTUVERÁ;SC;SUL;1936;CELESC DIST;2,52;1,771069;0;1,771069;1,71216
202603;24/03/2026;10;903134;MIN RIO DO OURO -  BOTUVERA - SC;01/07/2024;63590;MIN RIO DO OURO;Consumidor Especial;MINERACAO RIO DO OURO LTDA;78266566000157;BOTUVERÁ;SC;SUL;1936;CELESC DIST;2,52;2,231768;0;2,231768;2,15856
202603;24/03/2026;11;903134;MIN RIO DO OURO -  BOTUVERA - SC;01/07/2024;63590;MIN RIO DO OURO;Consumidor Especial;MINERACAO RIO DO OURO LTDA;78266566000157;BOTUVERÁ;SC;SUL;1936;CELESC DIST;2,52;2,064482;0;2,064482;1,99728
202603;24/03/2026;12;903134;MIN RIO DO OURO -  BOTUVERA - SC;01/07/2024;63590;MIN RIO DO OURO;Consumidor Especial;MINERACAO RIO DO OURO LTDA;78266566000157;BOTUVERÁ;SC;SUL;1936;CELESC DIST;2,52;1,633565;0;1,633565;1,58112
202603;24/03/2026;13;903134;MIN RIO DO OURO -  BOTUVERA - SC;01/07/2024;63590;MIN RIO DO OURO;Consumidor Especial;MINERACAO RIO DO OURO LTDA;78266566000157;BOTUVERÁ;SC;SUL;1936;CELESC DIST;2,52;1,826233;0;1,826233;1,76256
202603;24/03/2026;14;903134;MIN RIO DO OURO -  BOTUVERA - SC;01/07/2024;63590;MIN RIO DO OURO;Consumidor Especial;MINERACAO RIO DO OURO LTDA;78266566000157;BOTUVERÁ;SC;SUL;1936;CELESC DIST;2,52;2,402426;0;2,402426;2,33136
202603;24/03/2026;15;903134;MIN RIO DO OURO -  BOTUVERA - SC;01/07/2024;63590;MIN RIO DO OURO;Consumidor Especial;MINERACAO RIO DO OURO LTDA;78266566000157;BOTUVERÁ;SC;SUL;1936;CELESC DIST;2,52;2,110331;0;2,110331;2,04624
202603;24/03/2026;16;903134;MIN RIO DO OURO -  BOTUVERA - SC;01/07/2024;63590;MIN RIO DO OURO;Consumidor Especial;MINERACAO RIO DO OURO LTDA;78266566000157;BOTUVERÁ;SC;SUL;1936;CELESC DIST;2,52;2,244381;0;2,244381;2,1744
202603;24/03/2026;17;903134;MIN RIO DO OURO -  BOTUVERA - SC;01/07/2024;63590;MIN RIO DO OURO;Consumidor Especial;MINERACAO RIO DO OURO LTDA;78266566000157;BOTUVERÁ;SC;SUL;1936;CELESC DIST;2,52;1,801344;0;1,801344;1,74528
202603;24/03/2026;18;903134;MIN RIO DO OURO -  BOTUVERA - SC;01/07/2024;63590;MIN RIO DO OURO;Consumidor Especial;MINERACAO RIO DO OURO LTDA;78266566000157;BOTUVERÁ;SC;SUL;1936;CELESC DIST;2,52;0,327096;0;0,327096;0,3168
202603;24/03/2026;19;903134;MIN RIO DO OURO -  BOTUVERA - SC;01/07/2024;63590;MIN RIO DO OURO;Consumidor Especial;MINERACAO RIO DO OURO LTDA;78266566000157;BOTUVERÁ;SC;SUL;1936;CELESC DIST;2,52;0,230031;0;0,230031;0,2232
202603;24/03/2026;20;903134;MIN RIO DO OURO -  BOTUVERA - SC;01/07/2024;63590;MIN RIO DO OURO;Consumidor Especial;MINERACAO RIO DO OURO LTDA;78266566000157;BOTUVERÁ;SC;SUL;1936;CELESC DIST;2,52;0,174856;0;0,174856;0,16992
202603;24/03/2026;21;903134;MIN RIO DO OURO -  BOTUVERA - SC;01/07/2024;63590;MIN RIO DO OURO;Consumidor Especial;MINERACAO RIO DO OURO LTDA;78266566000157;BOTUVERÁ;SC;SUL;1936;CELESC DIST;2,52;0,183828;0;0,183828;0,17856
202603;24/03/2026;22;903134;MIN RIO DO OURO -  BOTUVERA - SC;01/07/2024;63590;MIN RIO DO OURO;Consumidor Especial;MINERACAO RIO DO OURO LTDA;78266566000157;BOTUVERÁ;SC;SUL;1936;CELESC DIST;2,52;1,824501;0;1,824501;1,77264
202603;24/03/2026;23;903134;MIN RIO DO OURO -  BOTUVERA - SC;01/07/2024;63590;MIN RIO DO OURO;Consumidor Especial;MINERACAO RIO DO OURO LTDA;78266566000157;BOTUVERÁ;SC;SUL;1936;CELESC DIST;2,52;2,36236;0;2,36236;2,29248
202603;25/03/2026;0;903134;MIN RIO DO OURO -  BOTUVERA - SC;01/07/2024;63590;MIN RIO DO OURO;Consumidor Especial;MINERACAO RIO DO OURO LTDA;78266566000157;BOTUVERÁ;SC;SUL;1936;CELESC DIST;2,52;2,188278;0;2,188278;2,12112
202603;25/03/2026;1;903134;MIN RIO DO OURO -  BOTUVERA - SC;01/07/2024;63590;MIN RIO DO OURO;Consumidor Especial;MINERACAO RIO DO OURO LTDA;78266566000157;BOTUVERÁ;SC;SUL;1936;CELESC DIST;2,52;1,993694;0;1,993694;1,93104
202603;25/03/2026;2;903134;MIN RIO DO OURO -  BOTUVERA - SC;01/07/2024;63590;MIN RIO DO OURO;Consumidor Especial;MINERACAO RIO DO OURO LTDA;78266566000157;BOTUVERÁ;SC;SUL;1936;CELESC DIST;2,52;2,294846;0;2,294846;2,22192
202603;25/03/2026;3;903134;MIN RIO DO OURO -  BOTUVERA - SC;01/07/2024;63590;MIN RIO DO OURO;Consumidor Especial;MINERACAO RIO DO OURO LTDA;78266566000157;BOTUVERÁ;SC;SUL;1936;CELESC DIST;2,52;2,255884;0;2,255884;2,18304
202603;25/03/2026;4;903134;MIN RIO DO OURO -  BOTUVERA - SC;01/07/2024;63590;MIN RIO DO OURO;Consumidor Especial;MINERACAO RIO DO OURO LTDA;78266566000157;BOTUVERÁ;SC;SUL;1936;CELESC DIST;2,52;2,20995;0;2,20995;2,14128
202603;25/03/2026;5;903134;MIN RIO DO OURO -  BOTUVERA - SC;01/07/2024;63590;MIN RIO DO OURO;Consumidor Especial;MINERACAO RIO DO OURO LTDA;78266566000157;BOTUVERÁ;SC;SUL;1936;CELESC DIST;2,52;1,577624;0;1,577624;1,53072
202603;25/03/2026;6;903134;MIN RIO DO OURO -  BOTUVERA - SC;01/07/2024;63590;MIN RIO DO OURO;Consumidor Especial;MINERACAO RIO DO OURO LTDA;78266566000157;BOTUVERÁ;SC;SUL;1936;CELESC DIST;2,52;1,765302;0;1,765302;1,7064
202603;25/03/2026;7;903134;MIN RIO DO OURO -  BOTUVERA - SC;01/07/2024;63590;MIN RIO DO OURO;Consumidor Especial;MINERACAO RIO DO OURO LTDA;78266566000157;BOTUVERÁ;SC;SUL;1936;CELESC DIST;2,52;1,819352;0;1,819352;1,75824
202603;25/03/2026;8;903134;MIN RIO DO OURO -  BOTUVERA - SC;01/07/2024;63590;MIN RIO DO OURO;Consumidor Especial;MINERACAO RIO DO OURO LTDA;78266566000157;BOTUVERÁ;SC;SUL;1936;CELESC DIST;2,52;2,395904;0;2,395904;2,31408
202603;25/03/2026;9;903134;MIN RIO DO OURO -  BOTUVERA - SC;01/07/2024;63590;MIN RIO DO OURO;Consumidor Especial;MINERACAO RIO DO OURO LTDA;78266566000157;BOTUVERÁ;SC;SUL;1936;CELESC DIST;2,52;2,354411;0;2,354411;2,2752
202603;25/03/2026;10;903134;MIN RIO DO OURO -  BOTUVERA - SC;01/07/2024;63590;MIN RIO DO OURO;Consumidor Especial;MINERACAO RIO DO OURO LTDA;78266566000157;BOTUVERÁ;SC;SUL;1936;CELESC DIST;2,52;2,512489;0;2,512489;2,4336
202603;25/03/2026;11;903134;MIN RIO DO OURO -  BOTUVERA - SC;01/07/2024;63590;MIN RIO DO OURO;Consumidor Especial;MINERACAO RIO DO OURO LTDA;78266566000157;BOTUVERÁ;SC;SUL;1936;CELESC DIST;2,52;1,689718;0;1,689718;1,64016
202603;25/03/2026;12;903134;MIN RIO DO OURO -  BOTUVERA - SC;01/07/2024;63590;MIN RIO DO OURO;Consumidor Especial;MINERACAO RIO DO OURO LTDA;78266566000157;BOTUVERÁ;SC;SUL;1936;CELESC DIST;2,52;2,134696;0;2,134696;2,07504
202603;25/03/2026;13;903134;MIN RIO DO OURO -  BOTUVERA - SC;01/07/2024;63590;MIN RIO DO OURO;Consumidor Especial;MINERACAO RIO DO OURO LTDA;78266566000157;BOTUVERÁ;SC;SUL;1936;CELESC DIST;2,52;2,251478;0;2,251478;2,17584
202603;25/03/2026;14;903134;MIN RIO DO OURO -  BOTUVERA - SC;01/07/2024;63590;MIN RIO DO OURO;Consumidor Especial;MINERACAO RIO DO OURO LTDA;78266566000157;BOTUVERÁ;SC;SUL;1936;CELESC DIST;2,52;2,205284;0;2,205284;2,1312
202603;25/03/2026;15;903134;MIN RIO DO OURO -  BOTUVERA - SC;01/07/2024;63590;MIN RIO DO OURO;Consumidor Especial;MINERACAO RIO DO OURO LTDA;78266566000157;BOTUVERÁ;SC;SUL;1936;CELESC DIST;2,52;2,074553;0;2,074553;2,00592
202603;25/03/2026;16;903134;MIN RIO DO OURO -  BOTUVERA - SC;01/07/2024;63590;MIN RIO DO OURO;Consumidor Especial;MINERACAO RIO DO OURO LTDA;78266566000157;BOTUVERÁ;SC;SUL;1936;CELESC DIST;2,52;2,418179;0;2,418179;2,34432
202603;25/03/2026;17;903134;MIN RIO DO OURO -  BOTUVERA - SC;01/07/2024;63590;MIN RIO DO OURO;Consumidor Especial;MINERACAO RIO DO OURO LTDA;78266566000157;BOTUVERÁ;SC;SUL;1936;CELESC DIST;2,52;2,160131;0;2,160131;2,0952
202603;25/03/2026;18;903134;MIN RIO DO OURO -  BOTUVERA - SC;01/07/2024;63590;MIN RIO DO OURO;Consumidor Especial;MINERACAO RIO DO OURO LTDA;78266566000157;BOTUVERÁ;SC;SUL;1936;CELESC DIST;2,52;0,655298;0;0,655298;0,63504
202603;25/03/2026;19;903134;MIN RIO DO OURO -  BOTUVERA - SC;01/07/2024;63590;MIN RIO DO OURO;Consumidor Especial;MINERACAO RIO DO OURO LTDA;78266566000157;BOTUVERÁ;SC;SUL;1936;CELESC DIST;2,52;0,09208;0;0,09208;0,08928
202603;25/03/2026;20;903134;MIN RIO DO OURO -  BOTUVERA - SC;01/07/2024;63590;MIN RIO DO OURO;Consumidor Especial;MINERACAO RIO DO OURO LTDA;78266566000157;BOTUVERÁ;SC;SUL;1936;CELESC DIST;2,52;0,09351;0;0,09351;0,09072
202603;25/03/2026;21;903134;MIN RIO DO OURO -  BOTUVERA - SC;01/07/2024;63590;MIN RIO DO OURO;Consumidor Especial;MINERACAO RIO DO OURO LTDA;78266566000157;BOTUVERÁ;SC;SUL;1936;CELESC DIST;2,52;0,186935;0;0,186935;0,18144
202603;25/03/2026;22;903134;MIN RIO DO OURO -  BOTUVERA - SC;01/07/2024;63590;MIN RIO DO OURO;Consumidor Especial;MINERACAO RIO DO OURO LTDA;78266566000157;BOTUVERÁ;SC;SUL;1936;CELESC DIST;2,52;1,607968;0;1,607968;1,55952
202603;25/03/2026;23;903134;MIN RIO DO OURO -  BOTUVERA - SC;01/07/2024;63590;MIN RIO DO OURO;Consumidor Especial;MINERACAO RIO DO OURO LTDA;78266566000157;BOTUVERÁ;SC;SUL;1936;CELESC DIST;2,52;2,427991;0;2,427991;2,3472
202603;26/03/2026;0;903134;MIN RIO DO OURO -  BOTUVERA - SC;01/07/2024;63590;MIN RIO DO OURO;Consumidor Especial;MINERACAO RIO DO OURO LTDA;78266566000157;BOTUVERÁ;SC;SUL;1936;CELESC DIST;2,52;2,225473;0;2,225473;2,15568
202603;26/03/2026;1;903134;MIN RIO DO OURO -  BOTUVERA - SC;01/07/2024;63590;MIN RIO DO OURO;Consumidor Especial;MINERACAO RIO DO OURO LTDA;78266566000157;BOTUVERÁ;SC;SUL;1936;CELESC DIST;2,52;2,185324;0;2,185324;2,11824
202603;26/03/2026;2;903134;MIN RIO DO OURO -  BOTUVERA - SC;01/07/2024;63590;MIN RIO DO OURO;Consumidor Especial;MINERACAO RIO DO OURO LTDA;78266566000157;BOTUVERÁ;SC;SUL;1936;CELESC DIST;2,52;2,426103;0;2,426103;2,35296
202603;26/03/2026;3;903134;MIN RIO DO OURO -  BOTUVERA - SC;01/07/2024;63590;MIN RIO DO OURO;Consumidor Especial;MINERACAO RIO DO OURO LTDA;78266566000157;BOTUVERÁ;SC;SUL;1936;CELESC DIST;2,52;2,286275;0;2,286275;2,2176
202603;26/03/2026;4;903134;MIN RIO DO OURO -  BOTUVERA - SC;01/07/2024;63590;MIN RIO DO OURO;Consumidor Especial;MINERACAO RIO DO OURO LTDA;78266566000157;BOTUVERÁ;SC;SUL;1936;CELESC DIST;2,52;2,182546;0;2,182546;2,11392
202603;26/03/2026;5;903134;MIN RIO DO OURO -  BOTUVERA - SC;01/07/2024;63590;MIN RIO DO OURO;Consumidor Especial;MINERACAO RIO DO OURO LTDA;78266566000157;BOTUVERÁ;SC;SUL;1936;CELESC DIST;2,52;1,914137;0;1,914137;1,8504
202603;26/03/2026;6;903134;MIN RIO DO OURO -  BOTUVERA - SC;01/07/2024;63590;MIN RIO DO OURO;Consumidor Especial;MINERACAO RIO DO OURO LTDA;78266566000157;BOTUVERÁ;SC;SUL;1936;CELESC DIST;2,52;2,314729;0;2,314729;2,24208
202603;26/03/2026;7;903134;MIN RIO DO OURO -  BOTUVERA - SC;01/07/2024;63590;MIN RIO DO OURO;Consumidor Especial;MINERACAO RIO DO OURO LTDA;78266566000157;BOTUVERÁ;SC;SUL;1936;CELESC DIST;2,52;2,216496;0;2,216496;2,14704
202603;26/03/2026;8;903134;MIN RIO DO OURO -  BOTUVERA - SC;01/07/2024;63590;MIN RIO DO OURO;Consumidor Especial;MINERACAO RIO DO OURO LTDA;78266566000157;BOTUVERÁ;SC;SUL;1936;CELESC DIST;2,52;2,449202;0;2,449202;2,37024
202603;26/03/2026;9;903134;MIN RIO DO OURO -  BOTUVERA - SC;01/07/2024;63590;MIN RIO DO OURO;Consumidor Especial;MINERACAO RIO DO OURO LTDA;78266566000157;BOTUVERÁ;SC;SUL;1936;CELESC DIST;2,52;2,236255;0;2,236255;2,16576
202603;26/03/2026;10;903134;MIN RIO DO OURO -  BOTUVERA - SC;01/07/2024;63590;MIN RIO DO OURO;Consumidor Especial;MINERACAO RIO DO OURO LTDA;78266566000157;BOTUVERÁ;SC;SUL;1936;CELESC DIST;2,52;2,155116;0;2,155116;2,08368
202603;26/03/2026;11;903134;MIN RIO DO OURO -  BOTUVERA - SC;01/07/2024;63590;MIN RIO DO OURO;Consumidor Especial;MINERACAO RIO DO OURO LTDA;78266566000157;BOTUVERÁ;SC;SUL;1936;CELESC DIST;2,52;2,388441;0;2,388441;2,31408
202603;26/03/2026;12;903134;MIN RIO DO OURO -  BOTUVERA - SC;01/07/2024;63590;MIN RIO DO OURO;Consumidor Especial;MINERACAO RIO DO OURO LTDA;78266566000157;BOTUVERÁ;SC;SUL;1936;CELESC DIST;2,52;2,425815;0;2,425815;2,35008
202603;26/03/2026;13;903134;MIN RIO DO OURO -  BOTUVERA - SC;01/07/2024;63590;MIN RIO DO OURO;Consumidor Especial;MINERACAO RIO DO OURO LTDA;78266566000157;BOTUVERÁ;SC;SUL;1936;CELESC DIST;2,52;1,678848;0;1,678848;1,62432
202603;26/03/2026;14;903134;MIN RIO DO OURO -  BOTUVERA - SC;01/07/2024;63590;MIN RIO DO OURO;Consumidor Especial;MINERACAO RIO DO OURO LTDA;78266566000157;BOTUVERÁ;SC;SUL;1936;CELESC DIST;2,52;2,343285;0;2,343285;2,26944
202603;26/03/2026;15;903134;MIN RIO DO OURO -  BOTUVERA - SC;01/07/2024;63590;MIN RIO DO OURO;Consumidor Especial;MINERACAO RIO DO OURO LTDA;78266566000157;BOTUVERÁ;SC;SUL;1936;CELESC DIST;2,52;2,288138;0;2,288138;2,21904
202603;26/03/2026;16;903134;MIN RIO DO OURO -  BOTUVERA - SC;01/07/2024;63590;MIN RIO DO OURO;Consumidor Especial;MINERACAO RIO DO OURO LTDA;78266566000157;BOTUVERÁ;SC;SUL;1936;CELESC DIST;2,52;1,800873;0;1,800873;1,74384
202603;26/03/2026;17;903134;MIN RIO DO OURO -  BOTUVERA - SC;01/07/2024;63590;MIN RIO DO OURO;Consumidor Especial;MINERACAO RIO DO OURO LTDA;78266566000157;BOTUVERÁ;SC;SUL;1936;CELESC DIST;2,52;1,576058;0;1,576058;1,52784
202603;26/03/2026;18;903134;MIN RIO DO OURO -  BOTUVERA - SC;01/07/2024;63590;MIN RIO DO OURO;Consumidor Especial;MINERACAO RIO DO OURO LTDA;78266566000157;BOTUVERÁ;SC;SUL;1936;CELESC DIST;2,52;0,293991;0;0,293991;0,28512
202603;26/03/2026;19;903134;MIN RIO DO OURO -  BOTUVERA - SC;01/07/2024;63590;MIN RIO DO OURO;Consumidor Especial;MINERACAO RIO DO OURO LTDA;78266566000157;BOTUVERÁ;SC;SUL;1936;CELESC DIST;2,52;0,231507;0;0,231507;0,22464
202603;26/03/2026;20;903134;MIN RIO DO OURO -  BOTUVERA - SC;01/07/2024;63590;MIN RIO DO OURO;Consumidor Especial;MINERACAO RIO DO OURO LTDA;78266566000157;BOTUVERÁ;SC;SUL;1936;CELESC DIST;2,52;0,226811;0;0,226811;0,22032
202603;26/03/2026;21;903134;MIN RIO DO OURO -  BOTUVERA - SC;01/07/2024;63590;MIN RIO DO OURO;Consumidor Especial;MINERACAO RIO DO OURO LTDA;78266566000157;BOTUVERÁ;SC;SUL;1936;CELESC DIST;2,52;0,262402;0;0,262402;0,25488
202603;26/03/2026;22;903134;MIN RIO DO OURO -  BOTUVERA - SC;01/07/2024;63590;MIN RIO DO OURO;Consumidor Especial;MINERACAO RIO DO OURO LTDA;78266566000157;BOTUVERÁ;SC;SUL;1936;CELESC DIST;2,52;2,09878;0;2,09878;2,04048
202603;26/03/2026;23;903134;MIN RIO DO OURO -  BOTUVERA - SC;01/07/2024;63590;MIN RIO DO OURO;Consumidor Especial;MINERACAO RIO DO OURO LTDA;78266566000157;BOTUVERÁ;SC;SUL;1936;CELESC DIST;2,52;2,431615;0;2,431615;2,3616
202603;27/03/2026;0;903134;MIN RIO DO OURO -  BOTUVERA - SC;01/07/2024;63590;MIN RIO DO OURO;Consumidor Especial;MINERACAO RIO DO OURO LTDA;78266566000157;BOTUVERÁ;SC;SUL;1936;CELESC DIST;2,52;2,341875;0;2,341875;2,26944
202603;27/03/2026;1;903134;MIN RIO DO OURO -  BOTUVERA - SC;01/07/2024;63590;MIN RIO DO OURO;Consumidor Especial;MINERACAO RIO DO OURO LTDA;78266566000157;BOTUVERÁ;SC;SUL;1936;CELESC DIST;2,52;1,939831;0;1,939831;1,8792
202603;27/03/2026;2;903134;MIN RIO DO OURO -  BOTUVERA - SC;01/07/2024;63590;MIN RIO DO OURO;Consumidor Especial;MINERACAO RIO DO OURO LTDA;78266566000157;BOTUVERÁ;SC;SUL;1936;CELESC DIST;2,52;2,191671;0;2,191671;2,124
202603;27/03/2026;3;903134;MIN RIO DO OURO -  BOTUVERA - SC;01/07/2024;63590;MIN RIO DO OURO;Consumidor Especial;MINERACAO RIO DO OURO LTDA;78266566000157;BOTUVERÁ;SC;SUL;1936;CELESC DIST;2,52;2,337345;0;2,337345;2,26512
202603;27/03/2026;4;903134;MIN RIO DO OURO -  BOTUVERA - SC;01/07/2024;63590;MIN RIO DO OURO;Consumidor Especial;MINERACAO RIO DO OURO LTDA;78266566000157;BOTUVERÁ;SC;SUL;1936;CELESC DIST;2,52;2,354005;0;2,354005;2,28096
202603;27/03/2026;5;903134;MIN RIO DO OURO -  BOTUVERA - SC;01/07/2024;63590;MIN RIO DO OURO;Consumidor Especial;MINERACAO RIO DO OURO LTDA;78266566000157;BOTUVERÁ;SC;SUL;1936;CELESC DIST;2,52;2,414223;0;2,414223;2,33424
202603;27/03/2026;6;903134;MIN RIO DO OURO -  BOTUVERA - SC;01/07/2024;63590;MIN RIO DO OURO;Consumidor Especial;MINERACAO RIO DO OURO LTDA;78266566000157;BOTUVERÁ;SC;SUL;1936;CELESC DIST;2,52;2,264855;0;2,264855;2,19024
202603;27/03/2026;7;903134;MIN RIO DO OURO -  BOTUVERA - SC;01/07/2024;63590;MIN RIO DO OURO;Consumidor Especial;MINERACAO RIO DO OURO LTDA;78266566000157;BOTUVERÁ;SC;SUL;1936;CELESC DIST;2,52;2,057993;0;2,057993;1,98864
202603;27/03/2026;8;903134;MIN RIO DO OURO -  BOTUVERA - SC;01/07/2024;63590;MIN RIO DO OURO;Consumidor Especial;MINERACAO RIO DO OURO LTDA;78266566000157;BOTUVERÁ;SC;SUL;1936;CELESC DIST;2,52;2,421659;0;2,421659;2,34144
202603;27/03/2026;9;903134;MIN RIO DO OURO -  BOTUVERA - SC;01/07/2024;63590;MIN RIO DO OURO;Consumidor Especial;MINERACAO RIO DO OURO LTDA;78266566000157;BOTUVERÁ;SC;SUL;1936;CELESC DIST;2,52;2,553271;0;2,553271;2,47104
202603;27/03/2026;10;903134;MIN RIO DO OURO -  BOTUVERA - SC;01/07/2024;63590;MIN RIO DO OURO;Consumidor Especial;MINERACAO RIO DO OURO LTDA;78266566000157;BOTUVERÁ;SC;SUL;1936;CELESC DIST;2,52;2,460038;0;2,460038;2,38896
202603;27/03/2026;11;903134;MIN RIO DO OURO -  BOTUVERA - SC;01/07/2024;63590;MIN RIO DO OURO;Consumidor Especial;MINERACAO RIO DO OURO LTDA;78266566000157;BOTUVERÁ;SC;SUL;1936;CELESC DIST;2,52;2,202658;0;2,202658;2,14128
202603;27/03/2026;12;903134;MIN RIO DO OURO -  BOTUVERA - SC;01/07/2024;63590;MIN RIO DO OURO;Consumidor Especial;MINERACAO RIO DO OURO LTDA;78266566000157;BOTUVERÁ;SC;SUL;1936;CELESC DIST;2,52;2,456652;0;2,456652;2,3832
202603;27/03/2026;13;903134;MIN RIO DO OURO -  BOTUVERA - SC;01/07/2024;63590;MIN RIO DO OURO;Consumidor Especial;MINERACAO RIO DO OURO LTDA;78266566000157;BOTUVERÁ;SC;SUL;1936;CELESC DIST;2,52;2,249622;0;2,249622;2,18304
202603;27/03/2026;14;903134;MIN RIO DO OURO -  BOTUVERA - SC;01/07/2024;63590;MIN RIO DO OURO;Consumidor Especial;MINERACAO RIO DO OURO LTDA;78266566000157;BOTUVERÁ;SC;SUL;1936;CELESC DIST;2,52;2,204765;0;2,204765;2,13984
202603;27/03/2026;15;903134;MIN RIO DO OURO -  BOTUVERA - SC;01/07/2024;63590;MIN RIO DO OURO;Consumidor Especial;MINERACAO RIO DO OURO LTDA;78266566000157;BOTUVERÁ;SC;SUL;1936;CELESC DIST;2,52;2,079689;0;2,079689;2,01456
202603;27/03/2026;16;903134;MIN RIO DO OURO -  BOTUVERA - SC;01/07/2024;63590;MIN RIO DO OURO;Consumidor Especial;MINERACAO RIO DO OURO LTDA;78266566000157;BOTUVERÁ;SC;SUL;1936;CELESC DIST;2,52;2,42662;0;2,42662;2,35584
202603;27/03/2026;17;903134;MIN RIO DO OURO -  BOTUVERA - SC;01/07/2024;63590;MIN RIO DO OURO;Consumidor Especial;MINERACAO RIO DO OURO LTDA;78266566000157;BOTUVERÁ;SC;SUL;1936;CELESC DIST;2,52;0,931058;0;0,931058;0,90288
202603;27/03/2026;18;903134;MIN RIO DO OURO -  BOTUVERA - SC;01/07/2024;63590;MIN RIO DO OURO;Consumidor Especial;MINERACAO RIO DO OURO LTDA;78266566000157;BOTUVERÁ;SC;SUL;1936;CELESC DIST;2,52;0,249257;0;0,249257;0,24192
202603;27/03/2026;19;903134;MIN RIO DO OURO -  BOTUVERA - SC;01/07/2024;63590;MIN RIO DO OURO;Consumidor Especial;MINERACAO RIO DO OURO LTDA;78266566000157;BOTUVERÁ;SC;SUL;1936;CELESC DIST;2,52;0,109651;0;0,109651;0,10656
202603;27/03/2026;20;903134;MIN RIO DO OURO -  BOTUVERA - SC;01/07/2024;63590;MIN RIO DO OURO;Consumidor Especial;MINERACAO RIO DO OURO LTDA;78266566000157;BOTUVERÁ;SC;SUL;1936;CELESC DIST;2,52;0,044504;0;0,044504;0,0432
202603;27/03/2026;21;903134;MIN RIO DO OURO -  BOTUVERA - SC;01/07/2024;63590;MIN RIO DO OURO;Consumidor Especial;MINERACAO RIO DO OURO LTDA;78266566000157;BOTUVERÁ;SC;SUL;1936;CELESC DIST;2,52;0,112708;0;0,112708;0,10944
202603;27/03/2026;22;903134;MIN RIO DO OURO -  BOTUVERA - SC;01/07/2024;63590;MIN RIO DO OURO;Consumidor Especial;MINERACAO RIO DO OURO LTDA;78266566000157;BOTUVERÁ;SC;SUL;1936;CELESC DIST;2,52;1,648711;0;1,648711;1,60272
202603;27/03/2026;23;903134;MIN RIO DO OURO -  BOTUVERA - SC;01/07/2024;63590;MIN RIO DO OURO;Consumidor Especial;MINERACAO RIO DO OURO LTDA;78266566000157;BOTUVERÁ;SC;SUL;1936;CELESC DIST;2,52;2,422539;0;2,422539;2,35008
202603;28/03/2026;0;903134;MIN RIO DO OURO -  BOTUVERA - SC;01/07/2024;63590;MIN RIO DO OURO;Consumidor Especial;MINERACAO RIO DO OURO LTDA;78266566000157;BOTUVERÁ;SC;SUL;1936;CELESC DIST;2,52;2,218007;0;2,218007;2,14992
202603;28/03/2026;1;903134;MIN RIO DO OURO -  BOTUVERA - SC;01/07/2024;63590;MIN RIO DO OURO;Consumidor Especial;MINERACAO RIO DO OURO LTDA;78266566000157;BOTUVERÁ;SC;SUL;1936;CELESC DIST;2,52;1,828437;0;1,828437;1,7712
202603;28/03/2026;2;903134;MIN RIO DO OURO -  BOTUVERA - SC;01/07/2024;63590;MIN RIO DO OURO;Consumidor Especial;MINERACAO RIO DO OURO LTDA;78266566000157;BOTUVERÁ;SC;SUL;1936;CELESC DIST;2,52;2,236616;0;2,236616;2,16288
202603;28/03/2026;3;903134;MIN RIO DO OURO -  BOTUVERA - SC;01/07/2024;63590;MIN RIO DO OURO;Consumidor Especial;MINERACAO RIO DO OURO LTDA;78266566000157;BOTUVERÁ;SC;SUL;1936;CELESC DIST;2,52;1,799071;0;1,799071;1,73376
202603;28/03/2026;4;903134;MIN RIO DO OURO -  BOTUVERA - SC;01/07/2024;63590;MIN RIO DO OURO;Consumidor Especial;MINERACAO RIO DO OURO LTDA;78266566000157;BOTUVERÁ;SC;SUL;1936;CELESC DIST;2,52;2,092083;0;2,092083;2,01456
202603;28/03/2026;5;903134;MIN RIO DO OURO -  BOTUVERA - SC;01/07/2024;63590;MIN RIO DO OURO;Consumidor Especial;MINERACAO RIO DO OURO LTDA;78266566000157;BOTUVERÁ;SC;SUL;1936;CELESC DIST;2,52;2,34526;0;2,34526;2,2608
202603;28/03/2026;6;903134;MIN RIO DO OURO -  BOTUVERA - SC;01/07/2024;63590;MIN RIO DO OURO;Consumidor Especial;MINERACAO RIO DO OURO LTDA;78266566000157;BOTUVERÁ;SC;SUL;1936;CELESC DIST;2,52;2,18937;0;2,18937;2,10528
202603;28/03/2026;7;903134;MIN RIO DO OURO -  BOTUVERA - SC;01/07/2024;63590;MIN RIO DO OURO;Consumidor Especial;MINERACAO RIO DO OURO LTDA;78266566000157;BOTUVERÁ;SC;SUL;1936;CELESC DIST;2,52;1,811935;0;1,811935;1,74384
202603;28/03/2026;8;903134;MIN RIO DO OURO -  BOTUVERA - SC;01/07/2024;63590;MIN RIO DO OURO;Consumidor Especial;MINERACAO RIO DO OURO LTDA;78266566000157;BOTUVERÁ;SC;SUL;1936;CELESC DIST;2,52;1,973012;0;1,973012;1,90656
202603;28/03/2026;9;903134;MIN RIO DO OURO -  BOTUVERA - SC;01/07/2024;63590;MIN RIO DO OURO;Consumidor Especial;MINERACAO RIO DO OURO LTDA;78266566000157;BOTUVERÁ;SC;SUL;1936;CELESC DIST;2,52;2,277675;0;2,277675;2,2032
202603;28/03/2026;10;903134;MIN RIO DO OURO -  BOTUVERA - SC;01/07/2024;63590;MIN RIO DO OURO;Consumidor Especial;MINERACAO RIO DO OURO LTDA;78266566000157;BOTUVERÁ;SC;SUL;1936;CELESC DIST;2,52;2,262389;0;2,262389;2,20896
202603;28/03/2026;11;903134;MIN RIO DO OURO -  BOTUVERA - SC;01/07/2024;63590;MIN RIO DO OURO;Consumidor Especial;MINERACAO RIO DO OURO LTDA;78266566000157;BOTUVERÁ;SC;SUL;1936;CELESC DIST;2,52;2,431288;0;2,431288;2,38464
202603;28/03/2026;12;903134;MIN RIO DO OURO -  BOTUVERA - SC;01/07/2024;63590;MIN RIO DO OURO;Consumidor Especial;MINERACAO RIO DO OURO LTDA;78266566000157;BOTUVERÁ;SC;SUL;1936;CELESC DIST;2,52;1,915776;0;1,915776;1,87776
202603;28/03/2026;13;903134;MIN RIO DO OURO -  BOTUVERA - SC;01/07/2024;63590;MIN RIO DO OURO;Consumidor Especial;MINERACAO RIO DO OURO LTDA;78266566000157;BOTUVERÁ;SC;SUL;1936;CELESC DIST;2,52;1,202756;0;1,202756;1,17216
202603;28/03/2026;14;903134;MIN RIO DO OURO -  BOTUVERA - SC;01/07/2024;63590;MIN RIO DO OURO;Consumidor Especial;MINERACAO RIO DO OURO LTDA;78266566000157;BOTUVERÁ;SC;SUL;1936;CELESC DIST;2,52;1,455102;0;1,455102;1,40688
202603;28/03/2026;15;903134;MIN RIO DO OURO -  BOTUVERA - SC;01/07/2024;63590;MIN RIO DO OURO;Consumidor Especial;MINERACAO RIO DO OURO LTDA;78266566000157;BOTUVERÁ;SC;SUL;1936;CELESC DIST;2,52;1,471102;0;1,471102;1,4184
202603;28/03/2026;16;903134;MIN RIO DO OURO -  BOTUVERA - SC;01/07/2024;63590;MIN RIO DO OURO;Consumidor Especial;MINERACAO RIO DO OURO LTDA;78266566000157;BOTUVERÁ;SC;SUL;1936;CELESC DIST;2,52;0,655748;0;0,655748;0,6336
202603;28/03/2026;17;903134;MIN RIO DO OURO -  BOTUVERA - SC;01/07/2024;63590;MIN RIO DO OURO;Consumidor Especial;MINERACAO RIO DO OURO LTDA;78266566000157;BOTUVERÁ;SC;SUL;1936;CELESC DIST;2,52;0,072946;0;0,072946;0,07056
202603;28/03/2026;18;903134;MIN RIO DO OURO -  BOTUVERA - SC;01/07/2024;63590;MIN RIO DO OURO;Consumidor Especial;MINERACAO RIO DO OURO LTDA;78266566000157;BOTUVERÁ;SC;SUL;1936;CELESC DIST;2,52;0,069926;0;0,069926;0,06768
202603;28/03/2026;19;903134;MIN RIO DO OURO -  BOTUVERA - SC;01/07/2024;63590;MIN RIO DO OURO;Consumidor Especial;MINERACAO RIO DO OURO LTDA;78266566000157;BOTUVERÁ;SC;SUL;1936;CELESC DIST;2,52;0,071325;0;0,071325;0,06912
202603;28/03/2026;20;903134;MIN RIO DO OURO -  BOTUVERA - SC;01/07/2024;63590;MIN RIO DO OURO;Consumidor Especial;MINERACAO RIO DO OURO LTDA;78266566000157;BOTUVERÁ;SC;SUL;1936;CELESC DIST;2,52;0,069864;0;0,069864;0,06768
202603;28/03/2026;21;903134;MIN RIO DO OURO -  BOTUVERA - SC;01/07/2024;63590;MIN RIO DO OURO;Consumidor Especial;MINERACAO RIO DO OURO LTDA;78266566000157;BOTUVERÁ;SC;SUL;1936;CELESC DIST;2,52;0,071367;0;0,071367;0,06912
202603;28/03/2026;22;903134;MIN RIO DO OURO -  BOTUVERA - SC;01/07/2024;63590;MIN RIO DO OURO;Consumidor Especial;MINERACAO RIO DO OURO LTDA;78266566000157;BOTUVERÁ;SC;SUL;1936;CELESC DIST;2,52;0,069831;0;0,069831;0,06768
202603;28/03/2026;23;903134;MIN RIO DO OURO -  BOTUVERA - SC;01/07/2024;63590;MIN RIO DO OURO;Consumidor Especial;MINERACAO RIO DO OURO LTDA;78266566000157;BOTUVERÁ;SC;SUL;1936;CELESC DIST;2,52;0,071341;0;0,071341;0,06912
202603;29/03/2026;0;903134;MIN RIO DO OURO -  BOTUVERA - SC;01/07/2024;63590;MIN RIO DO OURO;Consumidor Especial;MINERACAO RIO DO OURO LTDA;78266566000157;BOTUVERÁ;SC;SUL;1936;CELESC DIST;2,52;0,066912;0;0,066912;0,0648
202603;29/03/2026;1;903134;MIN RIO DO OURO -  BOTUVERA - SC;01/07/2024;63590;MIN RIO DO OURO;Consumidor Especial;MINERACAO RIO DO OURO LTDA;78266566000157;BOTUVERÁ;SC;SUL;1936;CELESC DIST;2,52;0,069936;0;0,069936;0,06768
202603;29/03/2026;2;903134;MIN RIO DO OURO -  BOTUVERA - SC;01/07/2024;63590;MIN RIO DO OURO;Consumidor Especial;MINERACAO RIO DO OURO LTDA;78266566000157;BOTUVERÁ;SC;SUL;1936;CELESC DIST;2,52;0,068508;0;0,068508;0,06624
202603;29/03/2026;3;903134;MIN RIO DO OURO -  BOTUVERA - SC;01/07/2024;63590;MIN RIO DO OURO;Consumidor Especial;MINERACAO RIO DO OURO LTDA;78266566000157;BOTUVERÁ;SC;SUL;1936;CELESC DIST;2,52;0,067094;0;0,067094;0,0648
202603;29/03/2026;4;903134;MIN RIO DO OURO -  BOTUVERA - SC;01/07/2024;63590;MIN RIO DO OURO;Consumidor Especial;MINERACAO RIO DO OURO LTDA;78266566000157;BOTUVERÁ;SC;SUL;1936;CELESC DIST;2,52;0,068616;0;0,068616;0,06624
202603;29/03/2026;5;903134;MIN RIO DO OURO -  BOTUVERA - SC;01/07/2024;63590;MIN RIO DO OURO;Consumidor Especial;MINERACAO RIO DO OURO LTDA;78266566000157;BOTUVERÁ;SC;SUL;1936;CELESC DIST;2,52;0,06695;0;0,06695;0,0648
202603;29/03/2026;6;903134;MIN RIO DO OURO -  BOTUVERA - SC;01/07/2024;63590;MIN RIO DO OURO;Consumidor Especial;MINERACAO RIO DO OURO LTDA;78266566000157;BOTUVERÁ;SC;SUL;1936;CELESC DIST;2,52;0,065083;0;0,065083;0,06336
202603;29/03/2026;7;903134;MIN RIO DO OURO -  BOTUVERA - SC;01/07/2024;63590;MIN RIO DO OURO;Consumidor Especial;MINERACAO RIO DO OURO LTDA;78266566000157;BOTUVERÁ;SC;SUL;1936;CELESC DIST;2,52;0,065109;0;0,065109;0,06336
202603;29/03/2026;8;903134;MIN RIO DO OURO -  BOTUVERA - SC;01/07/2024;63590;MIN RIO DO OURO;Consumidor Especial;MINERACAO RIO DO OURO LTDA;78266566000157;BOTUVERÁ;SC;SUL;1936;CELESC DIST;2,52;0,063732;0;0,063732;0,06192
202603;29/03/2026;9;903134;MIN RIO DO OURO -  BOTUVERA - SC;01/07/2024;63590;MIN RIO DO OURO;Consumidor Especial;MINERACAO RIO DO OURO LTDA;78266566000157;BOTUVERÁ;SC;SUL;1936;CELESC DIST;2,52;0,066328;0;0,066328;0,0648
202603;29/03/2026;10;903134;MIN RIO DO OURO -  BOTUVERA - SC;01/07/2024;63590;MIN RIO DO OURO;Consumidor Especial;MINERACAO RIO DO OURO LTDA;78266566000157;BOTUVERÁ;SC;SUL;1936;CELESC DIST;2,52;0,060934;0;0,060934;0,06048
202603;29/03/2026;11;903134;MIN RIO DO OURO -  BOTUVERA - SC;01/07/2024;63590;MIN RIO DO OURO;Consumidor Especial;MINERACAO RIO DO OURO LTDA;78266566000157;BOTUVERÁ;SC;SUL;1936;CELESC DIST;2,52;0,062097;0;0,062097;0,06192
202603;29/03/2026;12;903134;MIN RIO DO OURO -  BOTUVERA - SC;01/07/2024;63590;MIN RIO DO OURO;Consumidor Especial;MINERACAO RIO DO OURO LTDA;78266566000157;BOTUVERÁ;SC;SUL;1936;CELESC DIST;2,52;0,063964;0;0,063964;0,06336
202603;29/03/2026;13;903134;MIN RIO DO OURO -  BOTUVERA - SC;01/07/2024;63590;MIN RIO DO OURO;Consumidor Especial;MINERACAO RIO DO OURO LTDA;78266566000157;BOTUVERÁ;SC;SUL;1936;CELESC DIST;2,52;0,064385;0;0,064385;0,06336
202603;29/03/2026;14;903134;MIN RIO DO OURO -  BOTUVERA - SC;01/07/2024;63590;MIN RIO DO OURO;Consumidor Especial;MINERACAO RIO DO OURO LTDA;78266566000157;BOTUVERÁ;SC;SUL;1936;CELESC DIST;2,52;0,064883;0;0,064883;0,06336
202603;29/03/2026;15;903134;MIN RIO DO OURO -  BOTUVERA - SC;01/07/2024;63590;MIN RIO DO OURO;Consumidor Especial;MINERACAO RIO DO OURO LTDA;78266566000157;BOTUVERÁ;SC;SUL;1936;CELESC DIST;2,52;0,06545;0;0,06545;0,06336
202603;29/03/2026;16;903134;MIN RIO DO OURO -  BOTUVERA - SC;01/07/2024;63590;MIN RIO DO OURO;Consumidor Especial;MINERACAO RIO DO OURO LTDA;78266566000157;BOTUVERÁ;SC;SUL;1936;CELESC DIST;2,52;0,065712;0;0,065712;0,06336
202603;29/03/2026;17;903134;MIN RIO DO OURO -  BOTUVERA - SC;01/07/2024;63590;MIN RIO DO OURO;Consumidor Especial;MINERACAO RIO DO OURO LTDA;78266566000157;BOTUVERÁ;SC;SUL;1936;CELESC DIST;2,52;0,064295;0;0,064295;0,06192
202603;29/03/2026;18;903134;MIN RIO DO OURO -  BOTUVERA - SC;01/07/2024;63590;MIN RIO DO OURO;Consumidor Especial;MINERACAO RIO DO OURO LTDA;78266566000157;BOTUVERÁ;SC;SUL;1936;CELESC DIST;2,52;0,067037;0;0,067037;0,0648
202603;29/03/2026;19;903134;MIN RIO DO OURO -  BOTUVERA - SC;01/07/2024;63590;MIN RIO DO OURO;Consumidor Especial;MINERACAO RIO DO OURO LTDA;78266566000157;BOTUVERÁ;SC;SUL;1936;CELESC DIST;2,52;0,069944;0;0,069944;0,06768
202603;29/03/2026;20;903134;MIN RIO DO OURO -  BOTUVERA - SC;01/07/2024;63590;MIN RIO DO OURO;Consumidor Especial;MINERACAO RIO DO OURO LTDA;78266566000157;BOTUVERÁ;SC;SUL;1936;CELESC DIST;2,52;0,144269;0;0,144269;0,13968
202603;29/03/2026;21;903134;MIN RIO DO OURO -  BOTUVERA - SC;01/07/2024;63590;MIN RIO DO OURO;Consumidor Especial;MINERACAO RIO DO OURO LTDA;78266566000157;BOTUVERÁ;SC;SUL;1936;CELESC DIST;2,52;0,159148;0;0,159148;0,15408
202603;29/03/2026;22;903134;MIN RIO DO OURO -  BOTUVERA - SC;01/07/2024;63590;MIN RIO DO OURO;Consumidor Especial;MINERACAO RIO DO OURO LTDA;78266566000157;BOTUVERÁ;SC;SUL;1936;CELESC DIST;2,52;1,218716;0;1,218716;1,17936
202603;29/03/2026;23;903134;MIN RIO DO OURO -  BOTUVERA - SC;01/07/2024;63590;MIN RIO DO OURO;Consumidor Especial;MINERACAO RIO DO OURO LTDA;78266566000157;BOTUVERÁ;SC;SUL;1936;CELESC DIST;2,52;1,537734;0;1,537734;1,48608
202603;30/03/2026;0;903134;MIN RIO DO OURO -  BOTUVERA - SC;01/07/2024;63590;MIN RIO DO OURO;Consumidor Especial;MINERACAO RIO DO OURO LTDA;78266566000157;BOTUVERÁ;SC;SUL;1936;CELESC DIST;2,52;1,570607;0;1,570607;1,5192
202603;30/03/2026;1;903134;MIN RIO DO OURO -  BOTUVERA - SC;01/07/2024;63590;MIN RIO DO OURO;Consumidor Especial;MINERACAO RIO DO OURO LTDA;78266566000157;BOTUVERÁ;SC;SUL;1936;CELESC DIST;2,52;1,722675;0;1,722675;1,66464
202603;30/03/2026;2;903134;MIN RIO DO OURO -  BOTUVERA - SC;01/07/2024;63590;MIN RIO DO OURO;Consumidor Especial;MINERACAO RIO DO OURO LTDA;78266566000157;BOTUVERÁ;SC;SUL;1936;CELESC DIST;2,52;1,711349;0;1,711349;1,65168
202603;30/03/2026;3;903134;MIN RIO DO OURO -  BOTUVERA - SC;01/07/2024;63590;MIN RIO DO OURO;Consumidor Especial;MINERACAO RIO DO OURO LTDA;78266566000157;BOTUVERÁ;SC;SUL;1936;CELESC DIST;2,52;1,058279;0;1,058279;1,02096
202603;30/03/2026;4;903134;MIN RIO DO OURO -  BOTUVERA - SC;01/07/2024;63590;MIN RIO DO OURO;Consumidor Especial;MINERACAO RIO DO OURO LTDA;78266566000157;BOTUVERÁ;SC;SUL;1936;CELESC DIST;2,52;0,975092;0;0,975092;0,9432
202603;30/03/2026;5;903134;MIN RIO DO OURO -  BOTUVERA - SC;01/07/2024;63590;MIN RIO DO OURO;Consumidor Especial;MINERACAO RIO DO OURO LTDA;78266566000157;BOTUVERÁ;SC;SUL;1936;CELESC DIST;2,52;1,286114;0;1,286114;1,24128
202603;30/03/2026;6;903134;MIN RIO DO OURO -  BOTUVERA - SC;01/07/2024;63590;MIN RIO DO OURO;Consumidor Especial;MINERACAO RIO DO OURO LTDA;78266566000157;BOTUVERÁ;SC;SUL;1936;CELESC DIST;2,52;1,846518;0;1,846518;1,78272
202603;30/03/2026;7;903134;MIN RIO DO OURO -  BOTUVERA - SC;01/07/2024;63590;MIN RIO DO OURO;Consumidor Especial;MINERACAO RIO DO OURO LTDA;78266566000157;BOTUVERÁ;SC;SUL;1936;CELESC DIST;2,52;2,203566;0;2,203566;2,1312
202603;30/03/2026;8;903134;MIN RIO DO OURO -  BOTUVERA - SC;01/07/2024;63590;MIN RIO DO OURO;Consumidor Especial;MINERACAO RIO DO OURO LTDA;78266566000157;BOTUVERÁ;SC;SUL;1936;CELESC DIST;2,52;2,195168;0;2,195168;2,124
202603;30/03/2026;9;903134;MIN RIO DO OURO -  BOTUVERA - SC;01/07/2024;63590;MIN RIO DO OURO;Consumidor Especial;MINERACAO RIO DO OURO LTDA;78266566000157;BOTUVERÁ;SC;SUL;1936;CELESC DIST;2,52;2,225331;0;2,225331;2,15568
202603;30/03/2026;10;903134;MIN RIO DO OURO -  BOTUVERA - SC;01/07/2024;63590;MIN RIO DO OURO;Consumidor Especial;MINERACAO RIO DO OURO LTDA;78266566000157;BOTUVERÁ;SC;SUL;1936;CELESC DIST;2,52;2,32096;0;2,32096;2,25936
202603;30/03/2026;11;903134;MIN RIO DO OURO -  BOTUVERA - SC;01/07/2024;63590;MIN RIO DO OURO;Consumidor Especial;MINERACAO RIO DO OURO LTDA;78266566000157;BOTUVERÁ;SC;SUL;1936;CELESC DIST;2,52;2,515867;0;2,515867;2,45376
202603;30/03/2026;12;903134;MIN RIO DO OURO -  BOTUVERA - SC;01/07/2024;63590;MIN RIO DO OURO;Consumidor Especial;MINERACAO RIO DO OURO LTDA;78266566000157;BOTUVERÁ;SC;SUL;1936;CELESC DIST;2,52;2,339019;0;2,339019;2,27808
202603;30/03/2026;13;903134;MIN RIO DO OURO -  BOTUVERA - SC;01/07/2024;63590;MIN RIO DO OURO;Consumidor Especial;MINERACAO RIO DO OURO LTDA;78266566000157;BOTUVERÁ;SC;SUL;1936;CELESC DIST;2,52;2,149688;0;2,149688;2,08656
202603;30/03/2026;14;903134;MIN RIO DO OURO -  BOTUVERA - SC;01/07/2024;63590;MIN RIO DO OURO;Consumidor Especial;MINERACAO RIO DO OURO LTDA;78266566000157;BOTUVERÁ;SC;SUL;1936;CELESC DIST;2,52;2,268314;0;2,268314;2,19888
202603;30/03/2026;15;903134;MIN RIO DO OURO -  BOTUVERA - SC;01/07/2024;63590;MIN RIO DO OURO;Consumidor Especial;MINERACAO RIO DO OURO LTDA;78266566000157;BOTUVERÁ;SC;SUL;1936;CELESC DIST;2,52;2,218779;0;2,218779;2,14704
202603;30/03/2026;16;903134;MIN RIO DO OURO -  BOTUVERA - SC;01/07/2024;63590;MIN RIO DO OURO;Consumidor Especial;MINERACAO RIO DO OURO LTDA;78266566000157;BOTUVERÁ;SC;SUL;1936;CELESC DIST;2,52;2,200824;0;2,200824;2,1312
202603;30/03/2026;17;903134;MIN RIO DO OURO -  BOTUVERA - SC;01/07/2024;63590;MIN RIO DO OURO;Consumidor Especial;MINERACAO RIO DO OURO LTDA;78266566000157;BOTUVERÁ;SC;SUL;1936;CELESC DIST;2,52;1,133691;0;1,133691;1,09728
202603;30/03/2026;18;903134;MIN RIO DO OURO -  BOTUVERA - SC;01/07/2024;63590;MIN RIO DO OURO;Consumidor Especial;MINERACAO RIO DO OURO LTDA;78266566000157;BOTUVERÁ;SC;SUL;1936;CELESC DIST;2,52;0,230561;0;0,230561;0,2232
202603;30/03/2026;19;903134;MIN RIO DO OURO -  BOTUVERA - SC;01/07/2024;63590;MIN RIO DO OURO;Consumidor Especial;MINERACAO RIO DO OURO LTDA;78266566000157;BOTUVERÁ;SC;SUL;1936;CELESC DIST;2,52;0,214593;0;0,214593;0,20736
202603;30/03/2026;20;903134;MIN RIO DO OURO -  BOTUVERA - SC;01/07/2024;63590;MIN RIO DO OURO;Consumidor Especial;MINERACAO RIO DO OURO LTDA;78266566000157;BOTUVERÁ;SC;SUL;1936;CELESC DIST;2,52;0,224981;0;0,224981;0,21744
202603;30/03/2026;21;903134;MIN RIO DO OURO -  BOTUVERA - SC;01/07/2024;63590;MIN RIO DO OURO;Consumidor Especial;MINERACAO RIO DO OURO LTDA;78266566000157;BOTUVERÁ;SC;SUL;1936;CELESC DIST;2,52;0,126544;0;0,126544;0,1224
202603;30/03/2026;22;903134;MIN RIO DO OURO -  BOTUVERA - SC;01/07/2024;63590;MIN RIO DO OURO;Consumidor Especial;MINERACAO RIO DO OURO LTDA;78266566000157;BOTUVERÁ;SC;SUL;1936;CELESC DIST;2,52;1,362027;0;1,362027;1,32192
202603;30/03/2026;23;903134;MIN RIO DO OURO -  BOTUVERA - SC;01/07/2024;63590;MIN RIO DO OURO;Consumidor Especial;MINERACAO RIO DO OURO LTDA;78266566000157;BOTUVERÁ;SC;SUL;1936;CELESC DIST;2,52;2,315375;0;2,315375;2,24496
202603;31/03/2026;0;903134;MIN RIO DO OURO -  BOTUVERA - SC;01/07/2024;63590;MIN RIO DO OURO;Consumidor Especial;MINERACAO RIO DO OURO LTDA;78266566000157;BOTUVERÁ;SC;SUL;1936;CELESC DIST;2,52;2,087071;0;2,087071;2,02032
202603;31/03/2026;1;903134;MIN RIO DO OURO -  BOTUVERA - SC;01/07/2024;63590;MIN RIO DO OURO;Consumidor Especial;MINERACAO RIO DO OURO LTDA;78266566000157;BOTUVERÁ;SC;SUL;1936;CELESC DIST;2,52;2,230545;0;2,230545;2,15568
202603;31/03/2026;2;903134;MIN RIO DO OURO -  BOTUVERA - SC;01/07/2024;63590;MIN RIO DO OURO;Consumidor Especial;MINERACAO RIO DO OURO LTDA;78266566000157;BOTUVERÁ;SC;SUL;1936;CELESC DIST;2,52;1,826072;0;1,826072;1,764
202603;31/03/2026;3;903134;MIN RIO DO OURO -  BOTUVERA - SC;01/07/2024;63590;MIN RIO DO OURO;Consumidor Especial;MINERACAO RIO DO OURO LTDA;78266566000157;BOTUVERÁ;SC;SUL;1936;CELESC DIST;2,52;2,336646;0;2,336646;2,25648
202603;31/03/2026;4;903134;MIN RIO DO OURO -  BOTUVERA - SC;01/07/2024;63590;MIN RIO DO OURO;Consumidor Especial;MINERACAO RIO DO OURO LTDA;78266566000157;BOTUVERÁ;SC;SUL;1936;CELESC DIST;2,52;1,959106;0;1,959106;1,89072
202603;31/03/2026;5;903134;MIN RIO DO OURO -  BOTUVERA - SC;01/07/2024;63590;MIN RIO DO OURO;Consumidor Especial;MINERACAO RIO DO OURO LTDA;78266566000157;BOTUVERÁ;SC;SUL;1936;CELESC DIST;2,52;2,160052;0;2,160052;2,08512
202603;31/03/2026;6;903134;MIN RIO DO OURO -  BOTUVERA - SC;01/07/2024;63590;MIN RIO DO OURO;Consumidor Especial;MINERACAO RIO DO OURO LTDA;78266566000157;BOTUVERÁ;SC;SUL;1936;CELESC DIST;2,52;2,164196;0;2,164196;2,09088
202603;31/03/2026;7;903134;MIN RIO DO OURO -  BOTUVERA - SC;01/07/2024;63590;MIN RIO DO OURO;Consumidor Especial;MINERACAO RIO DO OURO LTDA;78266566000157;BOTUVERÁ;SC;SUL;1936;CELESC DIST;2,52;1,555814;0;1,555814;1,5048
202603;31/03/2026;8;903134;MIN RIO DO OURO -  BOTUVERA - SC;01/07/2024;63590;MIN RIO DO OURO;Consumidor Especial;MINERACAO RIO DO OURO LTDA;78266566000157;BOTUVERÁ;SC;SUL;1936;CELESC DIST;2,52;1,127533;0;1,127533;1,09296
202603;31/03/2026;9;903134;MIN RIO DO OURO -  BOTUVERA - SC;01/07/2024;63590;MIN RIO DO OURO;Consumidor Especial;MINERACAO RIO DO OURO LTDA;78266566000157;BOTUVERÁ;SC;SUL;1936;CELESC DIST;2,52;2,172089;0;2,172089;2,10096
202603;31/03/2026;10;903134;MIN RIO DO OURO -  BOTUVERA - SC;01/07/2024;63590;MIN RIO DO OURO;Consumidor Especial;MINERACAO RIO DO OURO LTDA;78266566000157;BOTUVERÁ;SC;SUL;1936;CELESC DIST;2,52;2,298235;0;2,298235;2,23056
202603;31/03/2026;11;903134;MIN RIO DO OURO -  BOTUVERA - SC;01/07/2024;63590;MIN RIO DO OURO;Consumidor Especial;MINERACAO RIO DO OURO LTDA;78266566000157;BOTUVERÁ;SC;SUL;1936;CELESC DIST;2,52;2,494919;0;2,494919;2,42496
202603;31/03/2026;12;903134;MIN RIO DO OURO -  BOTUVERA - SC;01/07/2024;63590;MIN RIO DO OURO;Consumidor Especial;MINERACAO RIO DO OURO LTDA;78266566000157;BOTUVERÁ;SC;SUL;1936;CELESC DIST;2,52;2,280727;0;2,280727;2,21472
202603;31/03/2026;13;903134;MIN RIO DO OURO -  BOTUVERA - SC;01/07/2024;63590;MIN RIO DO OURO;Consumidor Especial;MINERACAO RIO DO OURO LTDA;78266566000157;BOTUVERÁ;SC;SUL;1936;CELESC DIST;2,52;1,430265;0;1,430265;1,38384
202603;31/03/2026;14;903134;MIN RIO DO OURO -  BOTUVERA - SC;01/07/2024;63590;MIN RIO DO OURO;Consumidor Especial;MINERACAO RIO DO OURO LTDA;78266566000157;BOTUVERÁ;SC;SUL;1936;CELESC DIST;2,52;2,079903;0;2,079903;2,00592
202603;31/03/2026;15;903134;MIN RIO DO OURO -  BOTUVERA - SC;01/07/2024;63590;MIN RIO DO OURO;Consumidor Especial;MINERACAO RIO DO OURO LTDA;78266566000157;BOTUVERÁ;SC;SUL;1936;CELESC DIST;2,52;2,419033;0;2,419033;2,3328
202603;31/03/2026;16;903134;MIN RIO DO OURO -  BOTUVERA - SC;01/07/2024;63590;MIN RIO DO OURO;Consumidor Especial;MINERACAO RIO DO OURO LTDA;78266566000157;BOTUVERÁ;SC;SUL;1936;CELESC DIST;2,52;2,279314;0;2,279314;2,20032
202603;31/03/2026;17;903134;MIN RIO DO OURO -  BOTUVERA - SC;01/07/2024;63590;MIN RIO DO OURO;Consumidor Especial;MINERACAO RIO DO OURO LTDA;78266566000157;BOTUVERÁ;SC;SUL;1936;CELESC DIST;2,52;1,814723;0;1,814723;1,75824
202603;31/03/2026;18;903134;MIN RIO DO OURO -  BOTUVERA - SC;01/07/2024;63590;MIN RIO DO OURO;Consumidor Especial;MINERACAO RIO DO OURO LTDA;78266566000157;BOTUVERÁ;SC;SUL;1936;CELESC DIST;2,52;0,229504;0;0,229504;0,22176
202603;31/03/2026;19;903134;MIN RIO DO OURO -  BOTUVERA - SC;01/07/2024;63590;MIN RIO DO OURO;Consumidor Especial;MINERACAO RIO DO OURO LTDA;78266566000157;BOTUVERÁ;SC;SUL;1936;CELESC DIST;2,52;0,357356;0;0,357356;0,34416
202603;31/03/2026;20;903134;MIN RIO DO OURO -  BOTUVERA - SC;01/07/2024;63590;MIN RIO DO OURO;Consumidor Especial;MINERACAO RIO DO OURO LTDA;78266566000157;BOTUVERÁ;SC;SUL;1936;CELESC DIST;2,52;0,259449;0;0,259449;0,24912
202603;31/03/2026;21;903134;MIN RIO DO OURO -  BOTUVERA - SC;01/07/2024;63590;MIN RIO DO OURO;Consumidor Especial;MINERACAO RIO DO OURO LTDA;78266566000157;BOTUVERÁ;SC;SUL;1936;CELESC DIST;2,52;0,097269;0;0,097269;0,0936
202603;31/03/2026;22;903134;MIN RIO DO OURO -  BOTUVERA - SC;01/07/2024;63590;MIN RIO DO OURO;Consumidor Especial;MINERACAO RIO DO OURO LTDA;78266566000157;BOTUVERÁ;SC;SUL;1936;CELESC DIST;2,52;1,857182;0;1,857182;1,79856
202603;31/03/2026;23;903134;MIN RIO DO OURO -  BOTUVERA - SC;01/07/2024;63590;MIN RIO DO OURO;Consumidor Especial;MINERACAO RIO DO OURO LTDA;78266566000157;BOTUVERÁ;SC;SUL;1936;CELESC DIST;2,52;2,371551;0;2,371551;2,29824
